I,kW,V,t1
-4.3,-1.8,433.1,20
-4.3,-1.8,433.2,20
-4.3,-1.8,433.2,20
-4.3,-1.8,433.2,20
-4.3,-1.8,433.2,20
-4.3,-1.8,433.2,20
-4.3,-1.8,433.2,20
-4.3,-1.8,433.2,20
-4.3,-1.8,433.2,20
-4.3,-1.8,433.2,20
-4.3,-1.8,433.2,20
-4.3,-1.8,433.2,20
-4.3,-1.8,433.2,20
-4.3,-1.8,433.2,20
-4.3,-1.8,433.2,20
-4.3,-1.8,433.2,20
-4.3,-1.8,433.2,20
-4.2,-1.8,433.2,20
-4.2,-1.8,433.2,20
-4.2,-1.8,433.2,20
-4.2,-1.8,433.2,20
-4.3,-1.9,433.2,20
-4.3,-1.9,433.2,20
-4.3,-1.9,433.2,20
-4.3,-1.9,433.2,20
-4.3,-1.9,433.2,20
-4.3,-1.9,433.2,20
-4.3,-1.9,433.2,20
-4.3,-1.9,433.2,20
-4.3,-1.8,433.2,20
-4.3,-1.8,433.2,20
-4.3,-1.8,433.2,20
-4.2,-1.8,433.2,20
-4.2,-1.9,433.2,20
-4.2,-1.9,433.2,20
-4.2,-1.9,433.2,20
-4.2,-1.9,433.2,20
-4.5,-1.9,433.2,20
-4.5,-1.9,433.2,20
-4.5,-1.9,433.2,20
-4.5,-1.9,433.2,20
-4.3,-1.9,433.2,20
-4.3,-1.9,433.2,20
-4.3,-1.9,433.2,20
-4.3,-1.9,433.2,20
-4.4,-1.9,433.2,20
-4.4,-1.9,433.2,20
-4.4,-1.9,433.2,20
-4.4,-1.9,433.2,20
-4.4,-1.9,433.2,20
-4.4,-1.9,433.2,20
-4.4,-1.9,433.2,20
-4.3,-1.9,433.2,20
-4.3,-1.8,433.2,20
-4.3,-1.8,433.2,20
-4.3,-1.8,433.2,20
-4.3,-1.8,433.2,20
-4.3,-1.8,433.2,20
-4.3,-1.8,433.2,20
-4.3,-1.8,433.2,20
-4.5,-1.9,433.3,20
-4.5,-1.9,433.3,20
-4.5,-1.9,433.3,20
-4.5,-1.9,433.3,20
-4.5,-1.9,433.2,20
-4.5,-1.9,433.2,20
-4.5,-1.9,433.2,20
-4.3,-1.9,433.2,20
-4.3,-1.9,433.3,20
-4.3,-1.9,433.3,20
-4.3,-1.9,433.3,20
-4.3,-1.9,433.3,20
-4.4,-1.8,433.3,20
-4.4,-1.8,433.3,20
-4.4,-1.8,433.3,20
-4.3,-1.9,433.3,20
-4.3,-1.9,433.3,20
-4.3,-1.9,433.3,20
-4.3,-1.9,433.3,20
-4.4,-1.9,433.3,20
-4.4,-1.9,433.3,20
-4.4,-1.9,433.3,20
-4.4,-1.9,433.3,20
-4.4,-1.9,433.3,20
-4.4,-1.9,433.2,20
-4.4,-1.9,433.2,20
-4.4,-1.9,433.2,20
-4.4,-1.9,433.2,20
-4.4,-1.9,433.3,20
-4.4,-1.9,433.3,20
-4.4,-1.9,433.3,20
-4.4,-1.9,433.3,20
-4.4,-1.9,433.3,20
-4.4,-1.9,433.3,20
-4.4,-1.9,433.3,20
-4.4,-1.9,433.3,20
-4.4,-1.9,433.3,20
-4.4,-1.9,433.3,20
-4.4,-1.9,433.3,20
-4.4,-1.9,433.3,20
-4.4,-1.9,433.3,20
-4.4,-1.9,433.3,20
-4.4,-1.9,433.3,20
-4.4,-1.9,433.3,20
-4.4,-1.9,433.3,20
-4.4,-1.9,433.3,20
-4.3,-1.8,433.3,20
-4.3,-1.8,433.2,20
-4.3,-1.8,433.2,20
-4.3,-1.8,433.2,20
-4.4,-1.8,433.3,20
-4.4,-1.8,433.3,20
-4.4,-1.8,433.3,20
-4.4,-1.8,433.3,20
-4.2,-1.8,433.3,20
-4.2,-1.8,433.2,20
-4.2,-1.8,433.2,20
-4.2,-1.8,433.2,20
-4.4,-1.8,433.3,20
-4.4,-1.8,433.3,20
-4.4,-1.8,433.3,20
-4.4,-1.8,433.3,20
-4.4,-1.8,433.3,20
-4.4,-1.8,433.3,20
-4.4,-1.8,433.3,20
-4.4,-1.8,433.3,20
-4.4,-1.8,433.3,20
-4.4,-1.8,433.3,20
-4.4,-1.8,433.3,20
-4.4,-1.9,433.3,20
-4.4,-1.9,433.3,20
-4.4,-1.9,433.3,20
-4.4,-1.9,433.3,20
-4.5,-1.9,433.3,20
-4.5,-1.8,433.3,20
-4.5,-1.8,433.3,20
-4.5,-1.8,433.3,20
-4.5,-1.8,433.3,20
-4.5,-1.8,433.3,20
-4.5,-1.8,433.3,20
-4.5,-1.8,433.3,20
-4.5,-1.8,433.3,20
-4.5,-1.8,433.3,20
-4.5,-1.8,433.3,20
-4.5,-1.8,433.3,20
-4.3,-1.9,433.3,20
-4.3,-1.9,433.3,20
-4.3,-1.9,433.3,20
-4.3,-1.9,433.3,20
-4.4,-1.9,433.3,20
-4.4,-1.9,433.3,20
-4.4,-1.9,433.3,20
-4.4,-1.9,433.3,20
-4.4,-1.9,433.3,20
-4.4,-1.9,433.3,20
-4.4,-1.9,433.3,20
-4.2,-1.8,433.3,20
-4.2,-1.8,433.3,20
-4.2,-1.8,433.3,20
-4.5,-1.9,433.3,20
-4.5,-1.9,433.3,20
-4.5,-1.9,433.3,20
-4.2,-1.8,433.3,20
-4.2,-1.8,433.3,20
-4.2,-1.8,433.3,20
-4.2,-1.8,433.3,20
-4.4,-1.9,433.3,20
-4.4,-1.9,433.3,20
-4.4,-1.9,433.3,20
-4.4,-1.9,433.3,20
-4.4,-1.9,433.3,20
-4.4,-1.9,433.3,20
-4.4,-1.9,433.3,20
-4.4,-1.9,433.3,20
-4.4,-1.9,433.3,20
-4.4,-1.9,433.3,20
-4.4,-1.9,433.3,20
-4.4,-1.9,433.3,20
-4.3,-1.8,433.3,20
-4.3,-1.8,433.3,20
-4.3,-1.8,433.3,20
-4.3,-1.8,433.3,20
-4.3,-1.8,433.3,20
-4.3,-1.8,433.3,20
-4.3,-1.8,433.3,20
-4.3,-1.8,433.3,20
-4.4,-1.9,433.3,20
-4.4,-1.9,433.3,20
-4.4,-1.9,433.3,20
-4.3,-1.9,433.3,20
-4.3,-1.9,433.4,20
-4.3,-1.9,433.4,20
-4.3,-1.9,433.4,20
-4.4,-1.9,433.4,20
-4.4,-1.9,433.3,20
-4.4,-1.9,433.3,20
-4.4,-1.9,433.3,20
-4.4,-1.9,433.3,20
-4.4,-1.9,433.4,20
-4.4,-1.9,433.4,20
-4.4,-1.9,433.4,20
-4.4,-1.9,433.4,20
-4.4,-1.8,433.4,20
-4.4,-1.8,433.4,20
-4.4,-1.8,433.4,20
-4.5,-1.9,433.4,20
-4.5,-1.9,433.4,20
-4.5,-1.9,433.4,20
-4.5,-1.9,433.4,20
-4.5,-1.9,433.4,20
-4.4,-1.8,433.3,20
-4.4,-1.8,433.3,20
-4.4,-1.8,433.3,20
-4.4,-1.9,433.4,20
-4.4,-1.9,433.4,20
-4.4,-1.9,433.4,20
-4.2,-1.8,433.4,20
-4.2,-1.8,433.3,20
-4.2,-1.8,433.3,20
-4.2,-1.8,433.3,20
-4.3,-1.8,433.3,20
-4.3,-1.8,433.3,20
-4.3,-1.8,433.3,20
-4.3,-1.8,433.3,20
-4.3,-1.8,433.3,20
-4.3,-1.8,433.4,20
-4.3,-1.8,433.4,20
-4.3,-1.8,433.4,20
-4.3,-1.8,433.4,20
-4.4,-1.8,433.4,20
-4.4,-1.8,433.4,20
-4.4,-1.8,433.4,20
-4.4,-1.8,433.4,20
-4.4,-1.8,433.4,20
-4.4,-1.8,433.4,20
-4.4,-1.8,433.4,20
-4.4,-1.8,433.4,20
-4.5,-1.9,433.4,20
-4.5,-1.9,433.4,20
-4.5,-1.9,433.4,20
-4.5,-1.9,433.4,20
-4.3,-1.9,433.4,20
-4.3,-1.9,433.4,20
-4.3,-1.9,433.4,20
-4.3,-1.9,433.4,20
-4.4,-1.9,433.4,20
-4.4,-1.9,433.4,20
-4.4,-1.9,433.4,20
-4.3,-1.9,433.4,20
-4.3,-1.9,433.4,20
-4.3,-1.9,433.4,20
-4.3,-1.9,433.4,20
-4.3,-1.9,433.4,20
-4.3,-1.9,433.4,20
-4.3,-1.9,433.4,20
-4.3,-1.9,433.4,20
-4.3,-1.9,433.4,20
-4.3,-1.8,433.4,20
-4.3,-1.8,433.4,20
-4.3,-1.8,433.4,20
-4.4,-1.8,433.4,20
-4.4,-1.8,433.4,20
-4.4,-1.8,433.4,20
-4.4,-1.8,433.4,20
-4.2,-1.8,433.4,20
-4.2,-1.8,433.3,20
-4.2,-1.8,433.3,20
-4.2,-1.8,433.3,20
-4.4,-1.9,433.4,20
-4.4,-1.9,433.4,20
-4.4,-1.9,433.4,20
-4.4,-1.9,433.4,20
-4.2,-1.8,433.4,20
-4.2,-1.8,433.4,20
-4.2,-1.8,433.4,20
-4.2,-1.8,433.4,20
-4.3,-1.8,433.4,20
-4.3,-1.8,433.4,20
-4.3,-1.8,433.4,20
-4.4,-1.8,433.4,20
-4.4,-1.9,433.4,20
-4.4,-1.9,433.4,20
-4.4,-1.9,433.4,20
-4.4,-1.9,433.4,20
-4.4,-1.9,433.4,20
-4.4,-1.9,433.4,20
-4.4,-1.9,433.4,20
-4.4,-1.9,433.4,20
-4.3,-1.8,433.4,20
-4.3,-1.8,433.4,20
-4.3,-1.8,433.4,20
-4.3,-1.8,433.4,20
-4.2,-1.8,433.4,20
-4.2,-1.8,433.4,20
-4.2,-1.8,433.4,20
-4.2,-1.8,433.4,20
-4.2,-1.8,433.4,20
-4.2,-1.8,433.4,20
-4.2,-1.8,433.4,20
-4.2,-1.8,433.4,20
-4.3,-1.8,433.4,20
-4.3,-1.8,433.4,20
-4.3,-1.8,433.4,20
-4.3,-1.8,433.4,20
-4.3,-1.8,433.4,20
-4.3,-1.8,433.4,20
-4.3,-1.8,433.4,20
-4.3,-1.8,433.4,20
-4.3,-1.8,433.4,20
-4.3,-1.8,433.4,20
-4.3,-1.8,433.4,20
-4.3,-1.8,433.4,20
-4.4,-1.8,433.4,20
-4.4,-1.8,433.4,20
-4.4,-1.8,433.4,20
-4.3,-1.9,433.4,20
-4.3,-1.9,433.4,20
-4.3,-1.9,433.4,20
-4.3,-1.8,433.4,20
-4.3,-1.8,433.4,20
-4.3,-1.8,433.4,20
-4.4,-1.8,433.4,20
-4.4,-1.9,433.4,20
-4.4,-1.9,433.4,20
-4.4,-1.9,433.4,20
-4.4,-1.9,433.4,20
-4.4,-1.8,433.5,20
-4.4,-1.8,433.5,20
-4.4,-1.8,433.5,20
-4.4,-1.8,433.5,20
-4.4,-1.8,433.5,20
-4.4,-1.8,433.4,20
-4.4,-1.8,433.4,20
-4.4,-1.8,433.4,20
-4.3,-1.8,433.4,20
-4.3,-1.8,433.4,20
-4.3,-1.8,433.4,20
-4.3,-1.8,433.4,20
-4.4,-1.8,433.4,20
-4.4,-1.8,433.4,20
-4.4,-1.8,433.4,20
-4.4,-1.8,433.4,20
-4.3,-1.8,433.4,20
-4.3,-1.8,433.4,20
-4.3,-1.8,433.4,20
-4.3,-1.8,433.4,20
-4.4,-1.9,433.5,20
-4.4,-1.9,433.5,20
-4.4,-1.9,433.5,20
-4.4,-1.9,433.5,20
-4.4,-1.8,433.5,20
-4.4,-1.8,433.4,20
-4.4,-1.8,433.4,20
-4.4,-1.8,433.4,20
-4.4,-1.8,433.4,20
-4.4,-1.8,433.4,20
-4.4,-1.8,433.4,20
-4.4,-1.8,433.4,20
-4.4,-1.8,433.4,20
-4.4,-1.8,433.4,20
-4.4,-1.8,433.4,20
-4.4,-1.8,433.4,20
-4.3,-1.8,433.4,20
-4.3,-1.8,433.4,20
-4.3,-1.8,433.4,20
-4.3,-1.8,433.4,20
-4.3,-1.9,433.5,20
-4.3,-1.9,433.5,20
-4.3,-1.9,433.5,20
-4.2,-1.8,433.4,20
-4.2,-1.8,433.4,20
-4.2,-1.8,433.4,20
-4.4,-1.8,433.5,20
-4.4,-1.8,433.5,20
-4.4,-1.8,433.5,20
-4.4,-1.8,433.5,20
-4.4,-1.8,433.5,20
-4.4,-1.8,433.5,20
-4.4,-1.8,433.5,20
-4.4,-1.8,433.5,20
-4.5,-1.8,433.5,20
-4.5,-1.8,433.5,20
-4.5,-1.8,433.5,20
-4.5,-1.8,433.5,20
-4.5,-1.9,433.5,20
-4.5,-1.9,433.5,20
-4.5,-1.9,433.5,20
-4.5,-1.9,433.5,20
-4.3,-1.9,433.5,20
-4.3,-1.9,433.5,20
-4.3,-1.9,433.5,20
-4.3,-1.9,433.5,20
-4.3,-1.9,433.5,20
-4.3,-1.7,433.5,20
-4.3,-1.7,433.4,20
-4.3,-1.7,433.4,20
-4.3,-1.7,433.4,20
-4.3,-1.7,433.4,20
-4.4,-1.9,433.4,20
-4.4,-1.9,433.5,20
-4.4,-1.9,433.5,20
-4.4,-1.9,433.5,20
-4.4,-1.9,433.5,20
-4.3,-1.9,433.5,20
-4.3,-1.9,433.5,20
-4.3,-1.9,433.5,20
-4.3,-1.9,433.5,20
-4.3,-1.9,433.5,20
-4.3,-1.9,433.5,20
-4.4,-1.9,433.5,20
-4.4,-1.9,433.5,20
-4.4,-1.9,433.5,20
-4.4,-1.9,433.5,20
-4.2,-1.9,433.5,20
-4.2,-1.8,433.5,20
-4.2,-1.8,433.5,20
-4.2,-1.8,433.5,20
-4.2,-1.8,433.5,20
-4.4,-1.9,433.5,20
-4.4,-1.9,433.5,20
-4.4,-1.9,433.5,20
-4.4,-1.9,433.5,20
-4.5,-1.9,433.5,20
-4.5,-1.9,433.5,20
-4.5,-1.9,433.5,20
-4.5,-1.9,433.5,20
-4.5,-1.9,433.5,20
-4.5,-1.9,433.5,20
-4.5,-1.9,433.5,20
-4.5,-1.9,433.5,20
-4.5,-1.9,433.5,20
-4.5,-1.9,433.5,20
-4.5,-1.9,433.5,20
-4.2,-1.9,433.5,20
-4.2,-1.9,433.5,20
-4.2,-1.9,433.5,20
-4.2,-1.9,433.5,20
-4.2,-1.9,433.5,20
-4.3,-1.9,433.5,20
-4.3,-1.9,433.5,20
-4.3,-1.9,433.5,20
-4.3,-1.9,433.5,20
-4.3,-1.9,433.5,20
-4.4,-1.9,433.5,20
-4.4,-1.8,433.5,20
-4.4,-1.8,433.5,20
-4.4,-1.8,433.5,20
-4.4,-1.8,433.5,20
-4.4,-1.8,433.5,20
-4.5,-1.8,433.5,20
-4.5,-1.8,433.5,20
-4.5,-1.8,433.5,20
-4.5,-1.8,433.5,20
-4.5,-1.8,433.5,20
-4.4,-1.9,433.5,20
-4.4,-1.9,433.5,20
-4.4,-1.9,433.5,20
-4.4,-1.9,433.5,20
-4.4,-1.9,433.5,20
-4.2,-1.8,433.5,20
-4.2,-1.8,433.5,20
-4.2,-1.8,433.5,20
-4.2,-1.8,433.5,20
-4.2,-1.8,433.5,20
-4.3,-1.8,433.5,20
-4.3,-1.8,433.5,20
-4.3,-1.8,433.5,20
-4.3,-1.8,433.5,20
-4.3,-1.8,433.5,20
-4.3,-1.8,433.5,20
-4.3,-1.8,433.5,20
-4.3,-1.8,433.5,20
-4.3,-1.8,433.5,20
-4.3,-1.9,433.5,20
-4.3,-1.9,433.6,20
-4.3,-1.9,433.6,20
-4.3,-1.9,433.6,20
-4.3,-1.9,433.6,20
-4.3,-1.9,433.6,20
-4.3,-1.9,433.5,20
-4.3,-1.9,433.5,20
-4.3,-1.9,433.5,20
-4.3,-1.8,433.5,20
-4.3,-1.8,433.5,20
-4.3,-1.8,433.5,20
-4.3,-1.8,433.5,20
-4.3,-1.8,433.5,20
-4.4,-1.9,433.6,20
-4.4,-1.9,433.6,20
-4.4,-1.9,433.6,20
-4.4,-1.9,433.6,20
-4.4,-1.9,433.6,20
-4.3,-1.9,433.6,20
-4.3,-1.9,433.6,20
-4.3,-1.9,433.6,20
-4.3,-1.9,433.6,20
-4.3,-1.9,433.6,20
-4.2,-1.8,433.6,20
-4.2,-1.8,433.5,20
-4.2,-1.8,433.5,20
-4.2,-1.8,433.5,20
-4.2,-1.8,433.5,20
-4.3,-1.8,433.5,20
-4.3,-1.8,433.5,20
-4.3,-1.8,433.5,20
-4.3,-1.8,433.5,20
-4.3,-1.8,433.5,20
-4.4,-1.8,433.5,20
-4.4,-1.9,433.6,20
-4.4,-1.9,433.6,20
-4.4,-1.9,433.6,20
-4.4,-1.9,433.6,20
-4.4,-1.9,433.6,20
-4.3,-1.9,433.6,20
-4.3,-1.9,433.6,20
-4.3,-1.9,433.6,20
-4.3,-1.9,433.6,20
-4.3,-1.9,433.6,20
-4.3,-1.8,433.5,20
-4.3,-1.8,433.5,20
-4.3,-1.8,433.5,20
-4.3,-1.8,433.5,20
-4.3,-1.8,433.5,20
-4.3,-1.8,433.5,20
-4.3,-1.8,433.5,20
-4.3,-1.8,433.5,20
-4.3,-1.8,433.5,20
-4.3,-1.8,433.5,20
-4.4,-1.9,433.6,20
-4.4,-1.9,433.6,20
-4.4,-1.9,433.6,20
-4.4,-1.9,433.6,20
-4.4,-1.9,433.6,20
-4.3,-1.9,433.6,20
-4.3,-1.9,433.6,20
-4.3,-1.9,433.6,20
-4.3,-1.9,433.6,20
-4.3,-1.9,433.6,20
-4.2,-1.8,433.6,20
-4.2,-1.8,433.6,20
-4.2,-1.8,433.6,20
-4.2,-1.8,433.6,20
-4.2,-1.8,433.6,20
-4.4,-1.9,433.6,20
-4.4,-1.9,433.6,20
-4.4,-1.9,433.6,20
-4.4,-1.9,433.6,20
-4.4,-1.9,433.6,20
-4.2,-1.8,433.6,20
-4.2,-1.8,433.6,20
-4.2,-1.8,433.6,20
-4.2,-1.8,433.6,20
-4.2,-1.8,433.6,20
-4.2,-1.8,433.6,20
-4.2,-1.8,433.6,20
-4.2,-1.8,433.6,20
-4.2,-1.8,433.6,20
-4.2,-1.8,433.6,20
-4.2,-1.8,433.6,20
-4.5,-1.8,433.6,20
-4.5,-1.9,433.6,20
-4.5,-1.9,433.6,20
-4.5,-1.9,433.6,20
-4.5,-1.9,433.6,20
-4.3,-1.9,433.6,20
-4.3,-1.9,433.6,20
-4.3,-1.9,433.6,20
-4.3,-1.9,433.6,20
-4.3,-1.9,433.6,20
-4.4,-1.9,433.6,20
-4.4,-1.9,433.6,20
-4.4,-1.9,433.6,20
-4.4,-1.9,433.6,20
-4.1,-1.9,433.6,20
-4.1,-1.8,433.6,20
-4.1,-1.8,433.6,20
-4.1,-1.8,433.6,20
-4.1,-1.8,433.6,20
-4.1,-1.8,433.6,20
-4.3,-1.8,433.6,20
-4.3,-1.9,433.6,20
-4.3,-1.9,433.6,20
-4.3,-1.9,433.6,20
-4.3,-1.9,433.6,20
-4.4,-1.8,433.6,20
-4.4,-1.8,433.6,20
-4.4,-1.8,433.6,20
-4.4,-1.8,433.6,20
-4.4,-1.8,433.6,20
-4.2,-1.8,433.6,20
-4.2,-1.8,433.6,20
-4.2,-1.8,433.6,20
-4.2,-1.8,433.6,20
-4.2,-1.8,433.6,20
-4.3,-1.8,433.6,20
-4.3,-1.8,433.6,20
-4.3,-1.8,433.6,20
-4.3,-1.8,433.6,20
-4.3,-1.8,433.6,20
-4.4,-1.8,433.6,20
-4.4,-1.8,433.6,20
-4.4,-1.8,433.6,20
-4.4,-1.8,433.6,20
-4.4,-1.8,433.6,20
-4.4,-1.8,433.6,20
-4.5,-1.9,433.7,20
-4.5,-1.9,433.7,20
-4.5,-1.9,433.7,20
-4.5,-1.9,433.7,20
-4.5,-1.9,433.7,20
-4.3,-1.9,433.6,20
-4.3,-1.9,433.6,20
-4.3,-1.9,433.6,20
-4.3,-1.9,433.6,20
-4.4,-1.9,433.6,20
-4.4,-1.9,433.7,20
-4.4,-1.9,433.7,20
-4.4,-1.9,433.7,20
-4.5,-1.9,433.7,20
-4.5,-1.8,433.7,20
-4.5,-1.8,433.7,20
-4.5,-1.8,433.7,20
-4.5,-1.8,433.7,20
-4.3,-1.8,433.7,20
-4.3,-1.8,433.7,20
-4.3,-1.8,433.7,20
-4.3,-1.8,433.7,20
-4.3,-1.8,433.7,20
-4.5,-1.8,433.7,20
-4.5,-1.8,433.6,20
-4.5,-1.8,433.6,20
-4.5,-1.8,433.6,20
-4.5,-1.8,433.6,20
-4.4,-1.9,433.7,20
-4.4,-1.9,433.7,20
-4.4,-1.9,433.7,20
-4.4,-1.9,433.7,20
-4.2,-1.9,433.7,20
-4.2,-1.8,433.6,20
-4.2,-1.8,433.6,20
-4.2,-1.8,433.6,20
-4.2,-1.8,433.6,20
-4.2,-1.8,433.6,20
-4.5,-1.9,433.7,20
-4.5,-1.9,433.7,20
-4.5,-1.9,433.7,20
-4.5,-1.9,433.7,20
-4.3,-1.8,433.7,20
-4.3,-1.8,433.6,20
-4.3,-1.8,433.6,20
-4.3,-1.8,433.6,20
-4.3,-1.8,433.6,20
-4.4,-1.8,433.6,20
-4.4,-1.9,433.7,20
-4.4,-1.9,433.7,20
-4.4,-1.9,433.7,20
-4.4,-1.9,433.7,20
-4.3,-1.9,433.7,20
-4.3,-1.9,433.7,20
-4.3,-1.9,433.7,20
-4.3,-1.9,433.7,20
-4.3,-1.9,433.7,20
-4.3,-1.9,433.7,20
-4.4,-1.9,433.7,20
-4.4,-1.9,433.7,20
-4.4,-1.9,433.7,20
-4.4,-1.9,433.7,20
-4.4,-1.9,433.7,20
-4.2,-1.9,433.7,20
-4.2,-1.8,433.7,20
-4.2,-1.8,433.7,20
-4.2,-1.8,433.7,20
-4.2,-1.8,433.7,20
-4.2,-1.8,433.7,20
-4.5,-1.8,433.7,20
-4.5,-1.8,433.7,20
-4.5,-1.8,433.7,20
-4.5,-1.8,433.7,20
-4.5,-1.8,433.7,20
-4.5,-1.8,433.7,20
-4.5,-1.8,433.7,20
-4.5,-1.8,433.7,20
-4.5,-1.8,433.7,20
-4.5,-1.8,433.7,20
-4.3,-1.8,433.7,20
-4.3,-1.8,433.7,20
-4.3,-1.8,433.7,20
-4.3,-1.8,433.7,20
-4.3,-1.8,433.7,20
-4.3,-1.8,433.7,20
-4.3,-1.9,433.7,20
-4.3,-1.9,433.7,20
-4.3,-1.9,433.7,20
-4.3,-1.9,433.7,20
-4.5,-1.9,433.7,20
-4.5,-1.9,433.7,20
-4.5,-1.9,433.7,20
-4.5,-1.9,433.7,20
-4.5,-1.9,433.7,20
-4.3,-1.9,433.7,20
-4.3,-1.9,433.7,20
-4.3,-1.9,433.7,20
-4.3,-1.9,433.7,20
-4.3,-1.9,433.7,20
-4.3,-1.9,433.7,20
-4.3,-1.9,433.7,20
-4.3,-1.9,433.7,20
-4.3,-1.9,433.7,20
-4.3,-1.9,433.7,20
-4.3,-1.8,433.7,20
-4.3,-1.8,433.7,20
-4.3,-1.8,433.7,20
-4.3,-1.8,433.7,20
-4.3,-1.9,433.7,20
-4.3,-1.9,433.7,20
-4.3,-1.9,433.7,20
-4.3,-1.9,433.7,20
-4.3,-1.9,433.7,20
-4.3,-1.8,433.7,20
-4.3,-1.8,433.7,20
-4.3,-1.8,433.7,20
-4.3,-1.8,433.7,20
-4.3,-1.8,433.7,20
-4.3,-1.9,433.8,20
-4.3,-1.9,433.8,20
-4.3,-1.9,433.8,20
-4.3,-1.9,433.8,20
-4.2,-1.9,433.8,20
-4.2,-1.8,433.7,20
-4.2,-1.8,433.7,20
-4.2,-1.8,433.7,20
-4.2,-1.8,433.7,20
-4.4,-1.8,433.7,20
-4.4,-1.9,433.8,20
-4.4,-1.9,433.8,20
-4.4,-1.9,433.8,20
-4.4,-1.9,433.8,20
-4.4,-1.9,433.8,20
-4.3,-1.9,433.8,20
-4.3,-1.9,433.8,20
-4.3,-1.9,433.8,20
-4.3,-1.9,433.8,20
-4.3,-1.9,433.8,20
-4.4,-1.8,433.7,20
-4.4,-1.8,433.7,20
-4.4,-1.8,433.7,20
-4.4,-1.8,433.7,20
-4.3,-1.8,433.7,20
-4.3,-1.9,433.8,20
-4.3,-1.9,433.8,20
-4.3,-1.9,433.8,20
-4.3,-1.9,433.8,20
-4.3,-1.9,433.8,20
-4.2,-1.8,433.7,20
-4.2,-1.8,433.7,20
-4.2,-1.8,433.7,20
-4.2,-1.8,433.7,20
-4.3,-1.8,433.7,20
-4.3,-1.8,433.7,20
-4.3,-1.8,433.7,20
-4.3,-1.8,433.7,20
-4.4,-1.8,433.8,20
-4.4,-1.8,433.8,20
-4.4,-1.8,433.8,20
-4.4,-1.8,433.8,20
-4.2,-1.8,433.7,20
-4.2,-1.8,433.7,20
-4.2,-1.8,433.7,20
-4.2,-1.8,433.7,20
-4.3,-1.9,433.8,20
-4.3,-1.9,433.8,20
-4.3,-1.9,433.8,20
-4.3,-1.9,433.8,20
-4.5,-1.9,433.8,20
-4.5,-1.8,433.7,20
-4.5,-1.8,433.7,20
-4.5,-1.8,433.7,20
-4.5,-1.8,433.7,20
-4.3,-1.9,433.8,20
-4.3,-1.9,433.8,20
-4.3,-1.9,433.8,20
-4.3,-1.9,433.8,20
-4.3,-1.9,433.8,20
-4.3,-1.9,433.8,20
-4.3,-1.9,433.8,20
-4.3,-1.9,433.8,20
-4.4,-1.9,433.8,20
-4.4,-1.8,433.8,20
-4.4,-1.8,433.8,20
-4.4,-1.8,433.8,20
-4.4,-1.8,433.8,20
-4.3,-1.8,433.8,20
-4.3,-1.8,433.8,20
-4.3,-1.8,433.8,20
-4.3,-1.8,433.8,20
-4.3,-1.8,433.8,20
-4.4,-1.8,433.8,20
-4.4,-1.8,433.8,20
-4.4,-1.8,433.8,20
-4.4,-1.8,433.8,20
-4.4,-1.8,433.8,20
-4.3,-1.8,433.8,20
-4.3,-1.8,433.8,20
-4.3,-1.8,433.8,20
-4.3,-1.8,433.8,20
-4.4,-1.8,433.8,20
-4.4,-1.8,433.8,20
-4.4,-1.8,433.8,20
-4.4,-1.8,433.8,20
-4.4,-1.8,433.8,20
-4.4,-1.8,433.8,20
-4.4,-1.9,433.8,20
-4.4,-1.9,433.8,20
-4.4,-1.9,433.8,20
-4.4,-1.9,433.8,20
-4.3,-1.9,433.8,20
-4.3,-1.8,433.8,20
-4.3,-1.8,433.8,20
-4.3,-1.8,433.8,20
-4.3,-1.8,433.8,20
-4.3,-1.8,433.8,20
-4.3,-1.8,433.8,20
-4.3,-1.8,433.8,20
-4.3,-1.8,433.8,20
-4.3,-1.8,433.8,20
-4.4,-1.8,433.8,20
-4.4,-1.9,433.8,20
-4.4,-1.9,433.8,20
-4.4,-1.9,433.8,20
-4.3,-1.9,433.8,20
-4.3,-1.9,433.8,20
-4.3,-1.9,433.8,20
-4.3,-1.9,433.8,20
-4.3,-1.9,433.8,20
-4.3,-1.9,433.8,20
-4.3,-1.9,433.8,20
-4.3,-1.9,433.8,20
-4.3,-1.9,433.8,20
-4.3,-1.9,433.8,20
-4.5,-1.9,433.8,20
-4.5,-1.8,433.8,20
-4.5,-1.8,433.8,20
-4.5,-1.8,433.8,20
-4.5,-1.8,433.8,20
-4.5,-1.8,433.8,20
-4.4,-1.8,433.8,20
-4.4,-1.8,433.8,20
-4.4,-1.8,433.8,20
-4.4,-1.8,433.8,20
-4.4,-1.8,433.8,20
-4.3,-1.8,433.8,20
-4.3,-1.8,433.8,20
-4.3,-1.8,433.8,20
-4.3,-1.8,433.8,20
-4.4,-1.9,433.8,20
-4.4,-1.9,433.9,20
-4.4,-1.9,433.9,20
-4.4,-1.9,433.9,20
-4.4,-1.9,433.9,20
-4.3,-1.8,433.9,20
-4.3,-1.8,433.8,20
-4.3,-1.8,433.8,20
-4.3,-1.8,433.8,20
-4.3,-1.8,433.8,20
-4.4,-1.8,433.8,20
-4.4,-1.8,433.8,20
-4.4,-1.8,433.8,20
-4.4,-1.8,433.8,20
-4.4,-1.8,433.8,20
-4.4,-1.9,433.8,20
-4.4,-1.9,433.9,20
-4.4,-1.9,433.9,20
-4.4,-1.9,433.9,20
-4.4,-1.9,433.9,20
-4.4,-1.9,433.9,20
-4.4,-1.9,433.9,20
-4.4,-1.9,433.9,20
-4.4,-1.9,433.9,20
-4.4,-1.9,433.9,20
-4.3,-1.9,433.9,20
-4.3,-1.9,433.9,20
-4.3,-1.9,433.9,20
-4.3,-1.9,433.9,20
-4.3,-1.9,433.9,20
-4.3,-1.9,433.9,20
-4.3,-1.8,433.8,20
-4.3,-1.8,433.8,20
-4.3,-1.8,433.8,20
-4.3,-1.8,433.8,20
-4.3,-1.8,433.8,20
-4.3,-1.7,433.8,20
-4.3,-1.7,433.8,20
-4.3,-1.7,433.8,20
-4.3,-1.7,433.8,20
-4.5,-1.7,433.8,20
-4.5,-1.9,433.9,20
-4.5,-1.9,433.9,20
-4.5,-1.9,433.9,20
-4.5,-1.9,433.9,20
-4.5,-1.9,433.9,20
-4.3,-1.9,433.9,20
-4.3,-1.9,433.9,20
-4.3,-1.9,433.9,20
-4.3,-1.9,433.9,20
-4.3,-1.9,433.9,20
-4.4,-1.9,433.9,20
-4.4,-1.9,433.9,20
-4.4,-1.9,433.9,20
-4.4,-1.9,433.9,20
-4.4,-1.9,433.9,20
-4.3,-1.8,433.9,20
-4.3,-1.8,433.9,20
-4.3,-1.8,433.9,20
-4.3,-1.8,433.9,20
-4.3,-1.8,433.9,20
-4.3,-1.8,433.9,20
-4.3,-1.8,433.9,20
-4.3,-1.8,433.9,20
-4.3,-1.8,433.9,20
-4.3,-1.8,433.9,20
-4.4,-1.8,433.9,20
-4.4,-1.8,433.9,20
-4.4,-1.8,433.9,20
-4.4,-1.8,433.9,20
-4.4,-1.8,433.9,20
-4.4,-1.8,433.9,20
-4.4,-1.9,433.9,20
-4.4,-1.9,433.9,20
-4.4,-1.9,433.9,20
-4.4,-1.9,433.9,20
-4.3,-1.9,433.9,20
-4.3,-1.9,433.9,20
-4.3,-1.9,433.9,20
-4.3,-1.9,433.9,20
-4.3,-1.9,433.9,20
-4.3,-1.9,433.9,20
-4.3,-1.9,433.9,20
-4.3,-1.9,433.9,20
-4.3,-1.9,433.9,20
-4.3,-1.9,433.9,20
-4.3,-1.9,433.9,20
-4.4,-1.9,433.9,20
-4.4,-1.9,433.9,20
-4.4,-1.9,433.9,20
-4.4,-1.9,433.9,20
-4.4,-1.9,433.9,20
-4.3,-1.8,433.9,20
-4.3,-1.8,433.9,20
-4.3,-1.8,433.9,20
-4.3,-1.8,433.9,20
-4.3,-1.8,433.9,20
-4.3,-1.8,433.9,20
-4.5,-1.8,433.9,20
-4.5,-1.8,433.9,20
-4.5,-1.8,433.9,20
-4.5,-1.8,433.9,20
-4.3,-1.8,433.9,20
-4.3,-1.8,433.9,20
-4.3,-1.8,433.9,20
-4.3,-1.8,433.9,20
-4.3,-1.8,433.9,20
-4.2,-1.8,433.9,20
-4.2,-1.8,433.9,20
-4.2,-1.8,433.9,20
-4.2,-1.8,433.9,20
-4.2,-1.8,433.9,20
-4.4,-1.9,433.9,20
-4.4,-1.9,433.9,20
-4.4,-1.9,433.9,20
-4.4,-1.9,433.9,20
-4.4,-1.9,433.9,20
-4.3,-1.8,433.9,20
-4.3,-1.8,433.9,20
-4.3,-1.8,433.9,20
-4.3,-1.8,433.9,20
-4.3,-1.8,433.9,20
-4.2,-1.8,433.9,20
-4.2,-1.8,433.9,20
-4.2,-1.8,433.9,20
-4.2,-1.8,433.9,20
-4.2,-1.8,433.9,20
-4.3,-1.8,433.9,20
-4.3,-1.8,433.9,20
-4.3,-1.8,433.9,20
-4.3,-1.8,433.9,20
-4.3,-1.8,433.9,20
-4.3,-1.8,433.9,20
-4.3,-1.8,433.9,20
-4.3,-1.8,433.9,20
-4.3,-1.8,433.9,20
-4.3,-1.8,433.9,20
-4.3,-1.9,433.9,20
-4.3,-1.9,433.9,20
-4.3,-1.9,433.9,20
-4.3,-1.9,433.9,20
-4.3,-1.9,433.9,20
-4.3,-1.9,433.9,20
-4.3,-1.8,433.9,20
-4.3,-1.8,433.9,20
-4.3,-1.8,433.9,20
-4.3,-1.8,433.9,20
-4.5,-1.8,433.9,20
-4.5,-1.8,433.9,20
-4.5,-1.8,434,20
-4.5,-1.8,434,20
-4.5,-1.8,434,20
-4.5,-1.8,434,20
-4.4,-1.8,433.9,20
-4.4,-1.8,433.9,20
-4.4,-1.8,433.9,20
-4.4,-1.8,433.9,20
-4.4,-1.8,433.9,20
-4.4,-1.9,433.9,20
-4.4,-1.9,433.9,20
-4.4,-1.9,433.9,20
-4.4,-1.9,433.9,20
-4.4,-1.9,433.9,20
-4.4,-1.9,433.9,20
-4.4,-1.8,433.9,20
-4.4,-1.8,433.9,20
-4.4,-1.8,433.9,20
-4.4,-1.8,433.9,20
-4.4,-1.8,433.9,20
-4.4,-1.9,433.9,20
-4.4,-1.9,434,20
-4.4,-1.9,434,20
-4.4,-1.9,434,20
-4.4,-1.9,434,20
-4.4,-1.9,434,20
-4.4,-1.8,434,20
-4.4,-1.8,433.9,20
-4.4,-1.8,433.9,20
-4.4,-1.8,433.9,20
-4.4,-1.8,433.9,20
-4.4,-1.8,433.9,20
-4.4,-1.8,434,20
-4.4,-1.8,434,20
-4.4,-1.8,434,20
-4.4,-1.8,434,20
-4.4,-1.8,434,20
-4.4,-1.8,434,20
-4.4,-1.8,434,20
-4.4,-1.8,434,20
-4.4,-1.8,434,20
-4.4,-1.8,434,20
-4.4,-1.8,434,20
-4.4,-1.8,434,20
-4.4,-1.8,434,20
-4.3,-1.8,434,20
-4.3,-1.9,434,20
-4.3,-1.9,434,20
-4.3,-1.9,434,20
-4.4,-1.9,434,20
-4.4,-1.9,434,20
-4.4,-1.9,434,20
-4.4,-1.9,434,20
-4.4,-1.9,434,20
-4.3,-1.8,434,20
-4.3,-1.8,434,20
-4.3,-1.8,434,20
-4.3,-1.8,434,20
-4.3,-1.8,434,20
-4.3,-1.8,434,20
-4.3,-1.9,434,20
-4.3,-1.9,434,20
-4.3,-1.9,434,20
-4.3,-1.9,434,20
-4.3,-1.9,434,20
-4.3,-1.9,434,20
-4.3,-1.8,434,20
-4.3,-1.8,434,20
-4.3,-1.8,434,20
-4.3,-1.8,434,20
-4.3,-1.8,434,20
-4.1,-1.8,433.9,20
-4.1,-1.8,433.9,20
-4.1,-1.8,433.9,20
-4.1,-1.8,433.9,20
-4.1,-1.8,433.9,20
-4.3,-1.8,433.9,20
-4.3,-1.8,434,20
-4.3,-1.8,434,20
-4.3,-1.8,434,20
-4.3,-1.8,434,20
-4.5,-1.8,434,20
-4.5,-1.8,434,20
-4.5,-1.8,434,20
-4.5,-1.8,434,20
-4.5,-1.8,434,20
-4.5,-1.8,434,20
-4.4,-1.8,434,20
-4.4,-1.8,434,20
-4.4,-1.8,434,20
-4.4,-1.8,434,20
-4.4,-1.8,434,20
-4.4,-1.9,434,20
-4.4,-1.9,434,20
-4.4,-1.9,434,20
-4.4,-1.9,434,20
-4.4,-1.9,434,20
-4.3,-1.8,434,20
-4.3,-1.8,434,20
-4.3,-1.8,434,20
-4.3,-1.8,434,20
-4.3,-1.8,434,20
-4.5,-1.8,434,20
-4.5,-1.8,434,20
-4.5,-1.8,434,20
-4.5,-1.8,434,20
-4.5,-1.8,434,20
-4.3,-1.7,434,20
-4.3,-1.7,433.9,20
-4.3,-1.7,433.9,20
-4.3,-1.7,433.9,20
-4.3,-1.7,433.9,20
-4.4,-1.7,433.9,20
-4.4,-1.8,434,20
-4.4,-1.8,434,20
-4.4,-1.8,434,20
-4.4,-1.8,434,20
-4.3,-1.8,434,20
-4.3,-1.9,434,20
-4.3,-1.9,434,20
-4.3,-1.9,434,20
-4.3,-1.9,434,20
-4.4,-1.8,434,20
-4.4,-1.8,434,20
-4.4,-1.8,434,20
-4.4,-1.8,434,20
-4.3,-1.8,434,20
-4.3,-1.8,434,20
-4.3,-1.8,434,20
-4.3,-1.8,434,20
-4.3,-1.8,434,20
-4.3,-1.8,434,20
-4.3,-1.8,434,20
-4.3,-1.8,434,20
-4.3,-1.8,434,20
-4.3,-1.8,434,20
-4.3,-1.8,434,20
-4.3,-1.8,434,20
-4.3,-1.8,434,20
-4.3,-1.8,434,20
-4.3,-1.9,434,20
-4.3,-1.9,434,20
-4.3,-1.9,434,20
-4.3,-1.9,434,20
-4.3,-1.9,434,20
-4.1,-1.8,434,20
-4.1,-1.8,434,20
-4.1,-1.8,434,20
-4.1,-1.8,434,20
-4.1,-1.8,434,20
-4.4,-1.8,434,20
-4.4,-1.8,434,20
-4.4,-1.8,434,20
-4.4,-1.8,434,20
-4.4,-1.8,434,20
-4.3,-1.8,434,20
-4.3,-1.8,434,20
-4.3,-1.8,434,20
-4.3,-1.8,434,20
-4.3,-1.8,434,20
-4.4,-1.9,434,20
-4.4,-1.9,434.1,20
-4.4,-1.9,434.1,20
-4.4,-1.9,434.1,20
-4.4,-1.9,434.1,20
-4.2,-1.9,434.1,20
-4.2,-1.8,434,20
-4.2,-1.8,434,20
-4.2,-1.8,434,20
-4.2,-1.8,434,20
-4.2,-1.8,434,20
-4.2,-1.8,434,20
-4.2,-1.8,434,20
-4.2,-1.8,434,20
-4.2,-1.8,434,20
-4.2,-1.8,434,20
-4.2,-1.8,434,20
-4.2,-1.8,434,20
-4.2,-1.8,434,20
-4.2,-1.8,434,20
-4.2,-1.8,434,20
-4.2,-1.8,434,20
-4.2,-1.8,434,20
-4.2,-1.8,434,20
-4.2,-1.8,434,20
-4.2,-1.8,434,20
-4.2,-1.8,434,20
-4.4,-1.8,434,20
-4.4,-1.8,434,20
-4.4,-1.8,434,20
-4.4,-1.8,434,20
-4.4,-1.8,434,20
-4.5,-1.9,434.1,20
-4.5,-1.9,434.1,20
-4.5,-1.9,434.1,20
-4.5,-1.9,434.1,20
-4.5,-1.9,434.1,20
-4.4,-1.9,434.1,20
-4.4,-1.9,434.1,20
-4.4,-1.9,434.1,20
-4.4,-1.9,434.1,20
-4.4,-1.9,434.1,20
-4.2,-1.8,434.1,20
-4.2,-1.8,434,20
-4.2,-1.8,434,20
-4.2,-1.8,434,20
-4.2,-1.8,434,20
-4.4,-1.8,434,20
-4.4,-1.8,434.1,20
-4.4,-1.8,434.1,20
-4.4,-1.8,434.1,20
-4.4,-1.8,434.1,20
-4.5,-1.8,434.1,20
-4.5,-1.8,434,20
-4.5,-1.8,434,20
-4.5,-1.8,434,20
-4.5,-1.8,434,20
-4.3,-1.8,434,20
-4.3,-1.9,434.1,20
-4.3,-1.9,434.1,20
-4.3,-1.9,434.1,20
-4.3,-1.9,434.1,20
-4.3,-1.9,434.1,20
-4.3,-1.9,434.1,20
-4.4,-1.8,434.1,20
-4.4,-1.8,434.1,20
-4.4,-1.8,434.1,20
-4.4,-1.8,434.1,20
-4.4,-1.8,434.1,20
-4.4,-1.9,434.1,20
-4.4,-1.9,434.1,20
-4.4,-1.9,434.1,20
-4.4,-1.9,434.1,20
-4,-1.9,434.1,20
-4,-1.8,434,20
-4,-1.8,434,20
-4,-1.8,434,20
-4,-1.8,434,20
-4.5,-1.8,434,20
-4.5,-1.9,434.1,20
-4.5,-1.9,434.1,20
-4.5,-1.9,434.1,20
-4.4,-1.9,434.1,20
-4.4,-1.8,434.1,20
-4.4,-1.8,434.1,20
-4.4,-1.8,434.1,20
-4.4,-1.8,434.1,20
-4.3,-1.8,434.1,20
-4.3,-1.8,434.1,20
-4.3,-1.8,434.1,20
-4.3,-1.8,434.1,20
-4.3,-1.8,434.1,20
-4.3,-1.8,434.1,20
-4.3,-1.9,434.1,20
-4.3,-1.9,434.1,20
-4.3,-1.9,434.1,20
-4.3,-1.9,434.1,20
-4.3,-1.9,434.1,20
-4.3,-1.8,434.1,20
-4.3,-1.8,434.1,20
-4.3,-1.8,434.1,20
-4.3,-1.8,434.1,20
-4.3,-1.8,434.1,20
-4.3,-1.8,434.1,20
-4.3,-1.9,434.2,20
-4.3,-1.9,434.2,20
-4.3,-1.9,434.2,20
-4.3,-1.9,434.2,20
-4.1,-1.9,434.2,20
-4.1,-1.8,434,20
-4.1,-1.8,434,20
-4.1,-1.8,434,20
-4.1,-1.8,434,20
-4.1,-1.8,434,20
-4.5,-1.8,434,20
-4.5,-1.8,434.1,20
-4.5,-1.8,434.1,20
-4.5,-1.8,434.1,20
-4.5,-1.8,434.1,20
-4.2,-1.8,434.1,20
-4.2,-1.9,434.1,20
-4.2,-1.9,434.1,20
-4.2,-1.9,434.1,20
-4.2,-1.9,434.1,20
-4.2,-1.9,434.1,20
-4.3,-1.8,434.1,20
-4.3,-1.8,434.2,20
-4.3,-1.8,434.2,20
-4.3,-1.8,434.2,20
-4.3,-1.8,434.2,20
-4.1,-1.8,434.1,20
-4.1,-1.8,434.1,20
-4.1,-1.8,434.1,20
-4.1,-1.8,434.1,20
-4.1,-1.8,434.1,20
-4.1,-1.8,434.1,20
-4.2,-1.8,434.1,20
-4.2,-1.8,434.1,20
-4.2,-1.8,434.1,20
-4.2,-1.8,434.1,20
-4.2,-1.8,434.1,20
-4.3,-1.8,434.1,20
-4.3,-1.8,434.1,20
-4.3,-1.8,434.1,20
-4.3,-1.8,434.1,20
-4.3,-1.8,434.1,20
-4.4,-1.8,434.1,20
-4.4,-1.8,434.1,20
-4.4,-1.8,434.1,20
-4.4,-1.8,434.1,20
-4.4,-1.8,434.1,20
-4.4,-1.8,434.1,20
-4.4,-1.8,434.1,20
-4.3,-1.9,434.2,20
-4.3,-1.9,434.2,20
-4.3,-1.9,434.2,20
-4.3,-1.9,434.2,20
-4.3,-1.9,434.2,20
-4.3,-1.9,434.2,20
-4.3,-1.9,434.2,20
-4.3,-1.9,434.2,20
-4.3,-1.9,434.2,20
-4.3,-1.9,434.2,20
-4.3,-1.9,434.2,20
-4.2,-1.8,434.1,20
-4.2,-1.8,434.1,20
-4.2,-1.8,434.1,20
-4.2,-1.8,434.1,20
-4.4,-1.8,434.1,20
-4.4,-1.8,434.1,20
-4.4,-1.8,434.1,20
-4.4,-1.8,434.1,20
-4.4,-1.8,434.1,20
-4.5,-1.8,434.1,20
-4.5,-1.9,434.2,20
-4.5,-1.9,434.2,20
-4.5,-1.9,434.2,20
-4.5,-1.9,434.2,20
-4.4,-1.8,434.2,20
-4.4,-1.8,434.2,20
-4.4,-1.8,434.2,20
-4.4,-1.8,434.2,20
-4.4,-1.8,434.2,20
-4.2,-1.8,434.1,20
-4.2,-1.8,434.1,20
-4.2,-1.8,434.1,20
-4.2,-1.8,434.1,20
-4.4,-1.9,434.1,20
-4.4,-1.9,434.2,20
-4.4,-1.9,434.2,20
-4.4,-1.9,434.2,20
-4.4,-1.9,434.2,20
-4.3,-1.9,434.2,20
-4.3,-1.8,434.1,20
-4.3,-1.8,434.1,20
-4.3,-1.8,434.1,20
-4.3,-1.8,434.1,20
-4.5,-1.9,434.2,20
-4.5,-1.9,434.2,20
-4.5,-1.9,434.2,20
-4.5,-1.9,434.2,20
-4.3,-1.9,434.2,20
-4.3,-1.9,434.2,20
-4.3,-1.9,434.2,20
-4.3,-1.9,434.2,20
-4.3,-1.9,434.2,20
-4.3,-1.9,434.2,20
-4.3,-1.9,434.2,20
-4.3,-1.9,434.2,20
-4.3,-1.9,434.2,20
-4.3,-1.9,434.2,20
-4.3,-1.9,434.2,20
-4,-1.8,434.1,20
-4,-1.8,434.1,20
-4,-1.8,434.1,20
-4,-1.8,434.1,20
-4.3,-1.8,434.1,20
-4.3,-1.8,434.1,20
-4.3,-1.8,434.1,20
-4.3,-1.8,434.1,20
-4.3,-1.8,434.1,20
-4.3,-1.8,434.2,20
-4.3,-1.8,434.2,20
-4.3,-1.8,434.2,20
-4.3,-1.8,434.2,20
-4.2,-1.8,434.1,20
-4.2,-1.8,434.1,20
-4.2,-1.8,434.1,20
-4.2,-1.8,434.1,20
-4.2,-1.8,434.1,20
-4.4,-1.9,434.2,20
-4.4,-1.9,434.2,20
-4.4,-1.9,434.2,20
-4.4,-1.9,434.2,20
-4.4,-1.9,434.2,20
-4.3,-1.8,434.1,20
-4.3,-1.8,434.1,20
-4.3,-1.8,434.1,20
-4.3,-1.8,434.1,20
-4.3,-1.8,434.1,20
-4.3,-1.8,434.1,20
-4.1,-1.8,434.1,20
-4.1,-1.8,434.1,20
-4.1,-1.8,434.1,20
-4.1,-1.8,434.1,20
-4.1,-1.8,434.1,20
-4.3,-1.8,434.1,20
-4.3,-1.8,434.2,20
-4.3,-1.8,434.2,20
-4.3,-1.8,434.2,20
-4.3,-1.8,434.2,20
-4.5,-1.8,434.2,20
-4.5,-1.9,434.2,20
-4.5,-1.9,434.2,20
-4.5,-1.9,434.2,20
-4.5,-1.9,434.2,20
-4.5,-1.9,434.2,20
-4.3,-1.8,434.2,20
-4.3,-1.8,434.2,20
-4.3,-1.8,434.2,20
-4.3,-1.8,434.2,20
-4.3,-1.8,434.2,20
-4.2,-1.8,434.2,20
-4.2,-1.8,434.2,20
-4.2,-1.8,434.2,20
-4.2,-1.8,434.2,20
-4.2,-1.8,434.2,20
-4.4,-1.8,434.2,20
-4.4,-1.8,434.2,20
-4.4,-1.8,434.2,20
-4.4,-1.8,434.2,20
-4.2,-1.8,434.2,20
-4.2,-1.8,434.2,20
-4.2,-1.8,434.2,20
-4.2,-1.8,434.2,20
-4.2,-1.8,434.2,20
-4.5,-1.8,434.2,20
-4.5,-1.8,434.3,20
-4.5,-1.8,434.3,20
-4.5,-1.8,434.3,20
-4.1,-1.8,434.3,20
-4.1,-1.8,434.2,20
-4.1,-1.8,434.2,20
-4.1,-1.8,434.2,20
-4.1,-1.8,434.2,20
-4.4,-1.8,434.2,20
-4.4,-1.7,434.2,20
-4.4,-1.7,434.2,20
-4.4,-1.7,434.2,20
-4.4,-1.7,434.2,20
-4.3,-1.7,434.2,20
-4.3,-1.9,434.3,20
-4.3,-1.9,434.3,20
-4.3,-1.9,434.3,20
-4.3,-1.9,434.3,20
-4.4,-1.8,434.2,20
-4.4,-1.8,434.2,20
-4.4,-1.8,434.2,20
-4.4,-1.8,434.2,20
-4.3,-1.8,434.2,20
-4.3,-1.8,434.2,20
-4.3,-1.8,434.2,20
-4.3,-1.8,434.2,20
-4.3,-1.8,434.2,20
-4.3,-1.8,434.2,20
-4.3,-1.7,434.2,20
-4.3,-1.7,434.2,20
-4.3,-1.7,434.2,20
-4.3,-1.7,434.2,20
-4.4,-1.7,434.2,20
-4.4,-1.9,434.3,20
-4.4,-1.9,434.3,20
-4.4,-1.9,434.3,20
-4.4,-1.9,434.3,20
-4.4,-1.9,434.3,20
-4.1,-1.8,434.1,20
-4.1,-1.8,434.1,20
-4.1,-1.8,434.1,20
-4.1,-1.8,434.1,20
-4.1,-1.8,434.1,20
-4.2,-1.8,434.3,20
-4.2,-1.8,434.3,20
-4.2,-1.8,434.3,20
-4.2,-1.8,434.3,20
-4.2,-1.8,434.3,20
-4.1,-1.7,434.3,20
-4.1,-1.7,434.2,20
-4.1,-1.7,434.2,20
-4.1,-1.7,434.2,20
-4.1,-1.7,434.2,20
-4.1,-1.7,434.2,20
-4.1,-1.8,434.2,20
-4.1,-1.8,434.2,20
-4.1,-1.8,434.2,20
-4.1,-1.8,434.2,20
-4.4,-1.8,434.2,20
-4.4,-1.8,434.3,20
-4.4,-1.8,434.3,20
-4.4,-1.8,434.3,20
-4.4,-1.8,434.3,20
-4.3,-1.9,434.3,20
-4.3,-1.9,434.2,20
-4.3,-1.9,434.2,20
-4.3,-1.9,434.2,20
-4.3,-1.9,434.2,20
-4.3,-1.9,434.2,20
-4.3,-1.9,434.3,20
-4.3,-1.9,434.3,20
-4.3,-1.9,434.3,20
-4.3,-1.9,434.3,20
-4.1,-1.9,434.3,20
-4.1,-1.8,434.2,20
-4.1,-1.8,434.2,20
-4.1,-1.8,434.2,20
-4.1,-1.8,434.2,20
-4.1,-1.8,434.2,20
-4.1,-1.8,434.2,20
-4.1,-1.8,434.2,20
-4.1,-1.8,434.2,20
-4.1,-1.8,434.2,20
-4.1,-1.8,434.2,20
-4.3,-1.8,434.2,20
-4.3,-1.7,434.2,20
-4.3,-1.7,434.2,20
-4.3,-1.7,434.2,20
-4.3,-1.7,434.2,20
-4.4,-1.7,434.2,20
-4.4,-1.8,434.3,20
-4.4,-1.8,434.3,20
-4.4,-1.8,434.3,20
-4.3,-1.8,434.3,20
-4.3,-1.8,434.2,20
-4.3,-1.8,434.2,20
-4.3,-1.8,434.2,20
-4.3,-1.8,434.2,20
-4.3,-1.8,434.2,20
-4.3,-1.8,434.3,20
-4.3,-1.8,434.3,20
-4.3,-1.8,434.3,20
-4.3,-1.8,434.3,20
-4.3,-1.8,434.3,20
-4.3,-1.8,434.3,20
-4.3,-1.8,434.3,20
-4.3,-1.8,434.3,20
-4.3,-1.8,434.3,20
-4.3,-1.8,434.3,20
-4.3,-1.8,434.3,20
-4.3,-1.8,434.3,20
-4.3,-1.8,434.3,20
-4.3,-1.8,434.3,20
-4.3,-1.8,434.3,20
-3.9,-1.8,434.3,20
-3.9,-1.8,434.2,20
-3.9,-1.8,434.2,20
-3.9,-1.8,434.2,20
-3.9,-1.8,434.2,20
-4.4,-1.8,434.3,20
-4.4,-1.8,434.3,20
-4.4,-1.8,434.3,20
-4.4,-1.8,434.3,20
-4.4,-1.8,434.3,20
-4.2,-1.8,434.3,20
-4.2,-1.8,434.3,20
-4.2,-1.8,434.3,20
-4.2,-1.8,434.3,20
-4.4,-1.8,434.3,20
-4.4,-1.8,434.3,20
-4.4,-1.8,434.3,20
-4.4,-1.8,434.3,20
-4.4,-1.8,434.3,20
-4.1,-1.8,434.3,20
-4.1,-1.8,434.2,20
-4.1,-1.8,434.2,20
-4.1,-1.8,434.2,20
-4.1,-1.8,434.2,20
-4.4,-1.8,434.2,20
-4.4,-1.9,434.4,20
-4.4,-1.9,434.4,20
-4.4,-1.9,434.4,20
-4.4,-1.9,434.4,20
-4.1,-1.9,434.4,20
-4.1,-1.8,434.3,20
-4.1,-1.8,434.3,20
-4.1,-1.8,434.3,20
-4.1,-1.8,434.3,20
-4.3,-1.9,434.3,20
-4.3,-1.9,434.3,20
-4.3,-1.9,434.3,20
-4.3,-1.9,434.3,20
-4.3,-1.9,434.3,20
-4.2,-1.9,434.3,20
-4.2,-1.8,434.3,20
-4.2,-1.8,434.3,20
-4.2,-1.8,434.3,20
-4.2,-1.8,434.3,20
-4.2,-1.7,434.3,20
-4.2,-1.7,434.3,20
-4.2,-1.7,434.3,20
-4.2,-1.7,434.3,20
-4.3,-1.7,434.3,20
-4.3,-1.8,434.3,20
-4.3,-1.8,434.3,20
-4.3,-1.8,434.3,20
-4.3,-1.8,434.3,20
-4.3,-1.8,434.3,20
-4.3,-1.8,434.3,20
-4.3,-1.8,434.3,20
-4.3,-1.8,434.3,20
-4.3,-1.8,434.3,20
-4.3,-1.8,434.3,20
-4.3,-1.8,434.3,20
-4.3,-1.8,434.3,20
-4.3,-1.8,434.3,20
-4.3,-1.8,434.3,20
-4.3,-1.8,434.3,20
-4.3,-1.8,434.2,20
-4.3,-1.8,434.2,20
-4.3,-1.8,434.2,20
-4.3,-1.8,434.2,20
-4.2,-1.8,434.3,20
-4.2,-1.8,434.3,20
-4.2,-1.8,434.3,20
-4.2,-1.8,434.3,20
-4.2,-1.8,434.3,20
-4.1,-1.7,434.3,20
-4.1,-1.7,434.3,20
-4.1,-1.7,434.3,20
-4.1,-1.7,434.3,20
-4.2,-1.7,434.3,20
-4.2,-1.8,434.3,20
-4.2,-1.8,434.3,20
-4.2,-1.8,434.3,20
-4.2,-1.8,434.3,20
-4.2,-1.8,434.3,20
-4.3,-1.8,434.3,20
-4.3,-1.8,434.3,20
-4.3,-1.8,434.3,20
-4.3,-1.8,434.3,20
-4.3,-1.8,434.3,20
-4,-1.8,434.2,20
-4,-1.8,434.2,20
-4,-1.8,434.2,20
-4,-1.8,434.2,20
-4,-1.8,434.2,20
-4.2,-1.8,434.2,20
-4.2,-1.8,434.3,20
-4.2,-1.8,434.3,20
-4.2,-1.8,434.3,20
-4.2,-1.8,434.3,20
-4.2,-1.7,434.3,20
-4.2,-1.7,434.2,20
-4.2,-1.7,434.2,20
-4.2,-1.7,434.2,20
-4.2,-1.7,434.2,20
-4.3,-1.8,434.3,20
-4.3,-1.8,434.3,20
-4.3,-1.8,434.3,20
-4.3,-1.8,434.3,20
-4.3,-1.8,434.3,20
-4.3,-1.8,434.3,20
-4.3,-1.8,434.3,20
-4.3,-1.8,434.3,20
-4.3,-1.8,434.3,20
-4.3,-1.8,434.3,20
-4.3,-1.7,434.3,20
-4.3,-1.7,434.3,20
-4.3,-1.7,434.3,20
-4.3,-1.7,434.3,20
-4.3,-1.7,434.3,20
-4.2,-1.8,434.3,20
-4.2,-1.8,434.3,20
-4.2,-1.8,434.3,20
-4.2,-1.8,434.3,20
-4.2,-1.8,434.3,20
-4.4,-1.9,434.3,20
-4.4,-1.9,434.4,20
-4.4,-1.9,434.4,20
-4.4,-1.9,434.4,20
-4.1,-1.9,434.4,20
-4.1,-1.7,434.3,20
-4.1,-1.7,434.3,20
-4.1,-1.7,434.3,20
-4.1,-1.7,434.3,20
-4.3,-1.7,434.3,20
-4.3,-1.7,434.3,20
-4.3,-1.7,434.3,20
-4.3,-1.7,434.3,20
-4.3,-1.7,434.3,20
-4.3,-1.7,434.3,20
-4.3,-1.8,434.3,20
-4.3,-1.8,434.3,20
-4.3,-1.8,434.3,20
-4.3,-1.8,434.3,20
-4.3,-1.8,434.3,20
-4.3,-1.9,434.4,20
-4.3,-1.9,434.4,20
-4.3,-1.9,434.4,20
-4.3,-1.9,434.4,20
-4.1,-1.9,434.4,20
-4.1,-1.8,434.3,20
-4.1,-1.8,434.3,20
-4.1,-1.8,434.3,20
-4.1,-1.8,434.3,20
-4.3,-1.8,434.3,20
-4.3,-1.8,434.4,20
-4.3,-1.8,434.4,20
-4.3,-1.8,434.4,20
-4.3,-1.8,434.4,20
-4.3,-1.8,434.4,20
-4,-1.7,434.3,20
-4,-1.7,434.3,20
-4,-1.7,434.3,20
-4,-1.7,434.3,20
-4.3,-1.7,434.3,20
-4.3,-1.8,434.3,20
-4.3,-1.8,434.3,20
-4.3,-1.8,434.3,20
-4.3,-1.8,434.3,20
-4.1,-1.8,434.3,20
-4.1,-1.8,434.3,20
-4.1,-1.8,434.3,20
-4.1,-1.8,434.3,20
-4.1,-1.8,434.3,20
-4,-1.7,434.3,20
-4,-1.7,434.3,20
-4,-1.7,434.3,20
-4,-1.7,434.3,20
-4,-1.7,434.3,20
-4.3,-1.8,434.4,20
-4.3,-1.8,434.4,20
-4.3,-1.8,434.4,20
-4.3,-1.8,434.4,20
-4,-1.8,434.4,20
-4,-1.8,434.3,20
-4,-1.8,434.3,20
-4,-1.8,434.3,20
-4,-1.8,434.3,20
-4,-1.8,434.3,20
-4.1,-1.8,434.4,20
-4.1,-1.8,434.4,20
-4.1,-1.8,434.4,20
-4.1,-1.8,434.4,20
-4.1,-1.8,434.4,20
-4,-1.7,434.4,20
-4,-1.7,434.3,20
-4,-1.7,434.3,20
-4,-1.7,434.3,20
-4,-1.7,434.3,20
-4.3,-1.7,434.3,20
-4.3,-1.7,434.3,20
-4.3,-1.7,434.3,20
-4.3,-1.7,434.3,20
-4.3,-1.7,434.3,20
-4.3,-1.7,434.3,20
-4.3,-1.8,434.3,20
-4.3,-1.8,434.3,20
-4.3,-1.8,434.3,20
-4.3,-1.8,434.3,20
-4.2,-1.8,434.3,20
-4.2,-1.8,434.3,20
-4.2,-1.8,434.3,20
-4.2,-1.8,434.3,20
-4.2,-1.8,434.3,20
-4.1,-1.8,434.3,20
-4.1,-1.8,434.4,20
-4.1,-1.8,434.4,20
-4.1,-1.8,434.4,20
-4.3,-1.8,434.4,20
-4.3,-1.8,434.4,20
-4.3,-1.8,434.4,20
-4.3,-1.8,434.4,20
-4.3,-1.8,434.4,20
-4.1,-1.7,434.4,20
-4.1,-1.7,434.3,20
-4.1,-1.7,434.3,20
-4.1,-1.7,434.3,20
-4.1,-1.7,434.3,20
-4.3,-1.8,434.4,20
-4.3,-1.8,434.4,20
-4.3,-1.8,434.4,20
-4.3,-1.8,434.4,20
-4.3,-1.8,434.4,20
-4.1,-1.8,434.4,20
-4.1,-1.8,434.4,20
-4.1,-1.8,434.4,20
-4.1,-1.8,434.4,20
-4.1,-1.8,434.4,20
-4.1,-1.8,434.4,20
-4.1,-1.8,434.4,20
-4.1,-1.8,434.4,20
-4.1,-1.8,434.4,20
-4.1,-1.8,434.4,20
-4,-1.8,434.4,20
-4,-1.7,434.3,20
-4,-1.7,434.3,20
-4,-1.7,434.3,20
-4,-1.7,434.3,20
-4.2,-1.7,434.3,20
-4.2,-1.7,434.3,20
-4.2,-1.7,434.3,20
-4.2,-1.7,434.3,20
-4.2,-1.7,434.3,20
-4.2,-1.7,434.3,20
-4.2,-1.8,434.4,20
-4.2,-1.8,434.4,20
-4.2,-1.8,434.4,20
-4.2,-1.8,434.4,20
-4.1,-1.8,434.4,20
-4.1,-1.8,434.4,20
-4.1,-1.8,434.4,20
-4.1,-1.8,434.4,20
-4.3,-1.8,434.4,20
-4.3,-1.8,434.4,20
-4.3,-1.8,434.4,20
-4.3,-1.8,434.4,20
-4.3,-1.8,434.4,20
-4.3,-1.8,434.4,20
-4.1,-1.8,434.4,20
-4.1,-1.8,434.4,20
-4.1,-1.8,434.4,20
-4.1,-1.8,434.4,20
-4.1,-1.8,434.4,20
-4.1,-1.7,434.3,20
-4.1,-1.7,434.3,20
-4.1,-1.7,434.3,20
-4.1,-1.7,434.3,20
-4.3,-1.7,434.3,20
-4.3,-1.8,434.5,20
-4.3,-1.8,434.5,20
-4.3,-1.8,434.5,20
-4.3,-1.8,434.5,20
-4.1,-1.8,434.4,20
-4.1,-1.8,434.4,20
-4.1,-1.8,434.4,20
-4.1,-1.8,434.4,20
-4.4,-1.8,434.4,20
-4.4,-1.8,434.5,20
-4.4,-1.8,434.5,20
-4.4,-1.8,434.5,20
-4.4,-1.8,434.5,20
-4.2,-1.8,434.5,20
-4.2,-1.8,434.4,20
-4.2,-1.8,434.4,20
-4.2,-1.8,434.4,20
-4.2,-1.8,434.4,20
-4.2,-1.8,434.4,20
-4.4,-1.8,434.4,20
-4.4,-1.8,434.5,20
-4.4,-1.8,434.5,20
-4.4,-1.8,434.5,20
-4.4,-1.8,434.5,20
-4.3,-1.8,434.5,20
-4.3,-1.8,434.4,20
-4.3,-1.8,434.4,20
-4.3,-1.8,434.4,20
-4.3,-1.8,434.4,20
-4.3,-1.8,434.4,20
-4.3,-1.8,434.4,20
-4.3,-1.8,434.4,20
-4.3,-1.8,434.4,20
-4.3,-1.8,434.4,20
-4.3,-1.8,434.4,20
-4.3,-1.8,434.4,20
-4.4,-1.8,434.4,20
-4.4,-1.8,434.4,20
-4.4,-1.8,434.4,20
-4.4,-1.8,434.4,20
-4.2,-1.8,434.4,20
-4.2,-1.8,434.4,20
-4.2,-1.8,434.4,20
-4.2,-1.8,434.4,20
-4.2,-1.8,434.4,20
-4.2,-1.7,434.4,20
-4.2,-1.7,434.3,20
-4.2,-1.7,434.3,20
-4.2,-1.7,434.3,20
-4.2,-1.7,434.3,20
-4.1,-1.8,434.4,20
-4.1,-1.8,434.4,20
-4.1,-1.8,434.4,20
-4.1,-1.8,434.4,20
-4.1,-1.8,434.4,20
-4.1,-1.8,434.4,20
-4.1,-1.8,434.3,20
-4.1,-1.8,434.3,20
-4.1,-1.8,434.3,20
-4.1,-1.8,434.3,20
-4,-1.7,434.3,20
-4,-1.7,434.4,20
-4,-1.7,434.4,20
-4,-1.7,434.4,20
-4,-1.7,434.4,20
-4,-1.7,434.4,20
-4,-1.8,434.4,20
-4,-1.8,434.4,20
-4,-1.8,434.4,20
-4,-1.8,434.4,20
-4,-1.8,434.4,20
-4.2,-1.8,434.4,20
-4.2,-1.8,434.4,20
-4.2,-1.8,434.4,20
-4.2,-1.8,434.4,20
-4.2,-1.8,434.4,20
-4.2,-1.7,434.4,20
-4.2,-1.7,434.4,20
-4.2,-1.7,434.4,20
-4.2,-1.7,434.4,20
-4.2,-1.7,434.4,20
-4.3,-1.8,434.4,20
-4.3,-1.8,434.4,20
-4.3,-1.8,434.4,20
-4.3,-1.8,434.4,20
-4.3,-1.8,434.4,20
-4.1,-1.8,434.4,20
-4.1,-1.8,434.4,20
-4.1,-1.8,434.4,20
-4.1,-1.8,434.4,20
-4.1,-1.8,434.4,20
-4,-1.7,434.4,20
-4,-1.7,434.4,20
-4,-1.7,434.4,20
-4,-1.7,434.4,20
-4,-1.7,434.4,20
-4.2,-1.7,434.4,20
-4.2,-1.8,434.4,20
-4.2,-1.8,434.4,20
-4.2,-1.8,434.4,20
-4.2,-1.8,434.4,20
-4.2,-1.8,434.4,20
-4.2,-1.8,434.4,20
-4.2,-1.8,434.4,20
-4.2,-1.8,434.4,20
-4.2,-1.8,434.4,20
-4.2,-1.8,434.4,20
-4.2,-1.8,434.4,20
-4.2,-1.8,434.5,20
-4.2,-1.8,434.5,20
-4.2,-1.8,434.5,20
-4.2,-1.8,434.5,20
-4.2,-1.8,434.5,20
-4.1,-1.8,434.5,20
-4.1,-1.8,434.5,20
-4.1,-1.8,434.5,20
-4.1,-1.8,434.5,20
-4.1,-1.8,434.5,20
-4.1,-1.8,434.5,20
-4.1,-1.8,434.4,20
-4.1,-1.8,434.4,20
-4.1,-1.8,434.4,20
-4.1,-1.8,434.4,20
-4.1,-1.8,434.4,20
-4.1,-1.8,434.4,20
-4.1,-1.8,434.5,20
-4.1,-1.8,434.5,20
-4.1,-1.8,434.5,20
-4.1,-1.8,434.5,20
-4,-1.8,434.5,20
-4,-1.8,434.4,20
-4,-1.8,434.4,20
-4,-1.8,434.4,20
-4,-1.8,434.4,20
-4.2,-1.7,434.4,20
-4.2,-1.7,434.4,20
-4.2,-1.7,434.4,20
-4.2,-1.7,434.4,20
-4.1,-1.7,434.4,20
-4.1,-1.8,434.5,20
-4.1,-1.8,434.5,20
-4.1,-1.8,434.5,20
-4.1,-1.8,434.5,20
-4.3,-1.8,434.5,20
-4.3,-1.8,434.5,20
-4.3,-1.8,434.5,20
-4.3,-1.8,434.5,20
-4.3,-1.8,434.5,20
-4.2,-1.8,434.5,20
-4.2,-1.8,434.5,20
-4.2,-1.8,434.5,20
-4.2,-1.8,434.5,20
-4.2,-1.8,434.5,20
-4.1,-1.8,434.4,20
-4.1,-1.8,434.4,20
-4.1,-1.8,434.4,20
-4.1,-1.8,434.4,20
-4.1,-1.8,434.4,20
-4.2,-1.8,434.4,20
-4.2,-1.8,434.5,20
-4.2,-1.8,434.5,20
-4.2,-1.8,434.5,20
-4.2,-1.8,434.5,20
-4,-1.8,434.5,20
-4,-1.7,434.5,20
-4,-1.7,434.5,20
-4,-1.7,434.5,20
-4,-1.7,434.5,20
-4,-1.7,434.5,20
-3.9,-1.7,434.4,20
-3.9,-1.7,434.4,20
-3.9,-1.7,434.4,20
-3.9,-1.7,434.4,20
-3.9,-1.7,434.4,20
-4,-1.7,434.4,20
-4,-1.8,434.5,20
-4,-1.8,434.5,20
-4,-1.8,434.5,20
-4,-1.8,434.5,20
-4.3,-1.8,434.5,20
-4.3,-1.7,434.5,20
-4.3,-1.7,434.5,20
-4.3,-1.7,434.5,20
-4.3,-1.7,434.5,20
-4.1,-1.8,434.5,20
-4.1,-1.8,434.5,20
-4.1,-1.8,434.5,20
-4.1,-1.8,434.5,20
-4.1,-1.8,434.5,20
-4.1,-1.7,434.5,20
-4.1,-1.7,434.5,20
-4.1,-1.7,434.5,20
-4.1,-1.7,434.5,20
-4.1,-1.7,434.5,20
-4,-1.7,434.5,20
-4,-1.7,434.4,20
-4,-1.7,434.4,20
-4,-1.7,434.4,20
-4,-1.7,434.4,20
-4,-1.7,434.4,20
-4.1,-1.6,434.5,20
-4.1,-1.6,434.5,20
-4.1,-1.6,434.5,20
-4.1,-1.6,434.5,20
-4,-1.7,434.5,20
-4,-1.7,434.5,20
-4,-1.7,434.5,20
-4,-1.7,434.5,20
-4,-1.7,434.5,20
-4,-1.7,434.5,20
-4,-1.7,434.5,20
-4,-1.7,434.5,20
-4,-1.7,434.5,20
-4.1,-1.7,434.5,20
-4.1,-1.8,434.5,20
-4.1,-1.8,434.5,20
-4.1,-1.8,434.5,20
-4.1,-1.8,434.5,20
-4,-1.8,434.5,20
-4,-1.7,434.5,20
-4,-1.7,434.5,20
-4,-1.7,434.5,20
-4,-1.7,434.5,20
-4.1,-1.7,434.5,20
-4.1,-1.8,434.5,20
-4.1,-1.8,434.5,20
-4.1,-1.8,434.5,20
-4.1,-1.8,434.5,20
-4.2,-1.7,434.5,20
-4.2,-1.7,434.5,20
-4.2,-1.7,434.5,20
-4.2,-1.7,434.5,20
-4.3,-1.7,434.5,20
-4.3,-1.8,434.5,20
-4.3,-1.8,434.5,20
-4.3,-1.8,434.5,20
-4.3,-1.8,434.5,20
-4,-1.8,434.5,20
-4,-1.7,434.5,20
-4,-1.7,434.5,20
-4,-1.7,434.5,20
-4,-1.7,434.5,20
-4.3,-1.7,434.5,20
-4.3,-1.7,434.5,20
-4.3,-1.7,434.5,20
-4.3,-1.7,434.5,20
-4.3,-1.7,434.5,20
-4.1,-1.8,434.5,20
-4.1,-1.8,434.5,20
-4.1,-1.8,434.5,20
-4.1,-1.8,434.5,20
-4.1,-1.8,434.5,20
-4.1,-1.7,434.5,20
-4.1,-1.7,434.5,20
-4.1,-1.7,434.5,20
-4.1,-1.7,434.5,20
-4.1,-1.7,434.5,20
-4.2,-1.7,434.5,20
-4.2,-1.7,434.5,20
-4.2,-1.7,434.5,20
-4.2,-1.7,434.5,20
-4.2,-1.7,434.5,20
-4.2,-1.7,434.5,20
-4.2,-1.8,434.6,20
-4.2,-1.8,434.6,20
-4.2,-1.8,434.6,20
-4.2,-1.8,434.6,20
-4,-1.7,434.6,20
-4,-1.7,434.5,20
-4,-1.7,434.5,20
-4,-1.7,434.5,20
-4,-1.7,434.5,20
-4.3,-1.8,434.5,20
-4.3,-1.8,434.6,20
-4.3,-1.8,434.6,20
-4.3,-1.8,434.6,20
-4,-1.8,434.6,20
-4,-1.7,434.5,20
-4,-1.7,434.5,20
-4,-1.7,434.5,20
-4,-1.7,434.5,20
-4.3,-1.8,434.5,20
-4.3,-1.8,434.6,20
-4.3,-1.8,434.6,20
-4.3,-1.8,434.6,20
-4.3,-1.7,434.6,20
-4.3,-1.7,434.5,20
-4.3,-1.7,434.5,20
-4.3,-1.7,434.5,20
-4.3,-1.7,434.5,20
-4.2,-1.8,434.5,20
-4.2,-1.8,434.6,20
-4.2,-1.8,434.6,20
-4.2,-1.8,434.6,20
-4.2,-1.8,434.6,20
-4.1,-1.7,434.6,20
-4.1,-1.7,434.6,20
-4.1,-1.7,434.6,20
-4.1,-1.7,434.6,20
-4.1,-1.7,434.6,20
-4.1,-1.8,434.6,20
-4.1,-1.8,434.6,20
-4.1,-1.8,434.6,20
-4.1,-1.8,434.6,20
-4.1,-1.8,434.6,20
-4.3,-1.8,434.6,20
-4.3,-1.8,434.6,20
-4.3,-1.8,434.6,20
-4.3,-1.8,434.6,20
-4.3,-1.8,434.6,20
-4.2,-1.8,434.6,20
-4.2,-1.8,434.6,20
-4.2,-1.8,434.6,20
-4.2,-1.8,434.6,20
-4.3,-1.8,434.6,20
-4.3,-1.7,434.6,20
-4.3,-1.7,434.6,20
-4.3,-1.7,434.6,20
-4.3,-1.7,434.6,20
-4.2,-1.7,434.6,20
-4.2,-1.8,434.6,20
-4.2,-1.8,434.6,20
-4.2,-1.8,434.6,20
-4.2,-1.8,434.6,20
-4.2,-1.7,434.6,20
-4.2,-1.7,434.6,20
-4.2,-1.7,434.6,20
-4.2,-1.7,434.6,20
-4.2,-1.7,434.6,20
-4.3,-1.7,434.6,20
-4.3,-1.8,434.6,20
-4.3,-1.8,434.6,20
-4.3,-1.8,434.6,20
-4.3,-1.8,434.6,20
-4.3,-1.7,434.6,20
-4.3,-1.7,434.6,20
-4.3,-1.7,434.6,20
-4.3,-1.7,434.6,20
-4.2,-1.7,434.6,20
-4.2,-1.8,434.6,20
-4.2,-1.8,434.6,20
-4.2,-1.8,434.6,20
-4.2,-1.8,434.6,20
-4.2,-1.7,434.6,20
-4.2,-1.7,434.6,20
-4.2,-1.7,434.6,20
-4.2,-1.7,434.6,20
-4.2,-1.7,434.6,20
-4.3,-1.8,434.6,20
-4.3,-1.8,434.6,20
-4.3,-1.8,434.6,20
-4.3,-1.8,434.6,20
-4.1,-1.7,434.6,20
-4.1,-1.7,434.6,20
-4.1,-1.7,434.6,20
-4.1,-1.7,434.6,20
-4.1,-1.7,434.6,20
-4.3,-1.8,434.6,20
-4.3,-1.8,434.6,20
-4.3,-1.8,434.6,20
-4.3,-1.8,434.6,20
-4.3,-1.7,434.6,20
-4.3,-1.7,434.6,20
-4.3,-1.7,434.6,20
-4.3,-1.7,434.6,20
-4.3,-1.7,434.6,20
-4.3,-1.7,434.6,20
-4.2,-1.7,434.6,20
-4.2,-1.7,434.6,20
-4.2,-1.7,434.6,20
-4.2,-1.7,434.6,20
-4.2,-1.7,434.6,20
-4.2,-1.8,434.6,20
-4.2,-1.8,434.6,20
-4.2,-1.8,434.6,20
-4.2,-1.8,434.6,20
-4.3,-1.8,434.6,20
-4.3,-1.8,434.7,20
-4.3,-1.8,434.7,20
-4.3,-1.8,434.7,20
-4.3,-1.8,434.6,20
-4.3,-1.8,434.6,20
-4.3,-1.8,434.6,20
-4.1,-1.8,434.6,20
-4.1,-1.8,434.6,20
-4.1,-1.8,434.6,20
-4.1,-1.8,434.6,20
-4.1,-1.8,434.6,20
-4.1,-1.8,434.6,20
-4.1,-1.8,434.6,20
-4.1,-1.8,434.6,20
-4,-1.7,434.6,20
-4,-1.7,434.6,20
-4,-1.7,434.6,20
-4,-1.7,434.6,20
-4,-1.7,434.6,20
-4.1,-1.8,434.6,20
-4.1,-1.8,434.6,20
-4.1,-1.8,434.6,20
-4.1,-1.7,434.6,20
-4.1,-1.7,434.6,20
-4.1,-1.7,434.6,20
-4.1,-1.7,434.6,20
-4.1,-1.7,434.6,20
-4.2,-1.8,434.6,20
-4.2,-1.8,434.6,20
-4.2,-1.8,434.6,20
-4.1,-1.7,434.6,20
-4.1,-1.7,434.6,20
-4.1,-1.7,434.6,20
-4.1,-1.7,434.6,20
-4.2,-1.7,434.6,20
-4.2,-1.7,434.6,20
-4.2,-1.7,434.6,20
-4.2,-1.7,434.6,20
-4,-1.7,434.6,20
-4,-1.7,434.6,20
-4,-1.7,434.6,20
-4,-1.7,434.6,20
-4,-1.7,434.6,20
-4,-1.7,434.6,20
-4,-1.7,434.6,20
-4,-1.7,434.6,20
-4,-1.7,434.6,20
-4,-1.7,434.6,20
-4,-1.7,434.6,20
-4,-1.7,434.6,20
-4,-1.7,434.6,20
-4,-1.7,434.6,20
-4,-1.7,434.6,20
-4.3,-1.8,434.6,20
-4.3,-1.8,434.7,20
-4.3,-1.8,434.7,20
-4.3,-1.8,434.7,20
-4.3,-1.8,434.7,20
-4.3,-1.8,434.7,20
-4.3,-1.8,434.7,20
-4.3,-1.8,434.7,20
-4.3,-1.8,434.7,20
-4.3,-1.8,434.7,20
-4.3,-1.8,434.7,20
-4.3,-1.8,434.7,20
-4.3,-1.8,434.7,20
-4,-1.7,434.7,20
-4,-1.7,434.7,20
-4,-1.7,434.7,20
-4.3,-1.8,434.7,20
-4.3,-1.8,434.7,20
-4.3,-1.8,434.7,20
-4.3,-1.8,434.7,20
-4.1,-1.8,434.7,20
-4.1,-1.8,434.6,20
-4.1,-1.8,434.6,20
-4.1,-1.8,434.6,20
-4.1,-1.8,434.6,20
-4,-1.7,434.7,20
-4,-1.7,434.7,20
-4,-1.7,434.7,20
-4.1,-1.7,434.7,20
-4.1,-1.7,434.7,20
-4.1,-1.7,434.7,20
-4.1,-1.7,434.7,20
-4.1,-1.7,434.7,20
-4,-1.7,434.7,20
-4,-1.7,434.7,20
-4,-1.7,434.7,20
-4,-1.7,434.7,20
-4,-1.7,434.7,20
-4,-1.7,434.7,20
-4,-1.7,434.7,20
-4,-1.7,434.7,20
-4,-1.7,434.7,20
-4,-1.7,434.7,20
-4,-1.7,434.7,20
-4,-1.7,434.7,20
-4.1,-1.7,434.7,20
-4.1,-1.8,434.7,20
-4.1,-1.8,434.7,20
-4.1,-1.8,434.7,20
-4.2,-1.8,434.7,20
-4.2,-1.8,434.7,20
-4.2,-1.8,434.7,20
-4.2,-1.8,434.7,20
-4.1,-1.8,434.7,20
-4.1,-1.8,434.7,20
-4,-1.8,434.7,20
-4,-1.7,434.7,20
-4.2,-1.8,434.7,20
-4.2,-1.8,434.7,20
-4.3,-1.8,434.7,20
-4.3,-1.8,434.7,20
-4.2,-1.8,434.8,20
-4.3,-1.8,434.8,20
-4.3,-1.8,434.7,20
-4.3,-1.7,434.7,20
-4.3,-1.7,434.7,20
-4,-1.7,434.7,20
-4.2,-1.8,434.7,20
-4.1,-1.8,434.7,20
-4.1,-1.8,434.8,20
-4.1,-1.8,434.8,20
-4,-1.7,434.7,20
-4,-1.7,434.7,20
-4,-1.7,434.7,20
-4,-1.7,434.7,20
-4,-1.7,434.7,20
-4,-1.7,434.7,20
-4.2,-1.7,434.7,20
-4.3,-1.7,434.7,20
-4.3,-1.8,434.7,20
-4.1,-1.8,434.7,20
-4.2,-1.8,434.7,20
-4.2,-1.8,434.8,20
-4,-1.7,434.7,20
-4.1,-1.7,434.7,20
-4.1,-1.7,434.7,20
-4.1,-1.7,434.7,20
-4.1,-1.7,434.7,20
-4,-1.7,434.7,20
-4,-1.7,434.7,20
-4,-1.7,434.7,20
-4,-1.7,434.7,20
-4.1,-1.7,434.7,20
-4.1,-1.8,434.8,20
-4.2,-1.8,434.8,20
-4.2,-1.8,434.8,20
-4.1,-1.8,434.8,20
-4.2,-1.7,434.7,20
-4.3,-1.7,434.7,20
-4.3,-1.8,434.8,20
-4.2,-1.7,434.8,20
-4.2,-1.7,434.8,20
-4.3,-1.8,434.8,20
-4.2,-1.8,434.8,20
-4.1,-1.8,434.8,20
-4.1,-1.8,434.8,20
-4,-1.7,434.7,20
-4.3,-1.8,434.8,20
-4.3,-1.8,434.8,20
-4.4,-1.8,434.8,20
-4.4,-1.8,434.8,20
-4,-1.7,434.8,20
-4,-1.7,434.8,20
-4,-1.7,434.8,20
-4,-1.7,434.8,20
-4.3,-1.8,434.8,20
-4.3,-1.8,434.8,20
-4.3,-1.8,434.8,20
-4.1,-1.7,434.8,20
-4.1,-1.7,434.8,20
-4,-1.7,434.8,20
-4.1,-1.7,434.8,20
-4.1,-1.7,434.8,20
-4,-1.6,434.8,20
-4,-1.6,434.8,20
-4,-1.8,434.8,20
-4.2,-1.7,434.8,20
-4.3,-1.8,434.9,20
-4.3,-1.8,434.9,20
-4.3,-1.8,434.8,20
-4.3,-1.8,434.8,20
-3.9,-1.8,434.8,20
-4,-1.8,434.8,20
-4,-1.7,434.8,20
-4.1,-1.7,434.8,20
-4.3,-1.8,434.8,20
-4.3,-1.8,434.9,20
-4.1,-1.7,434.9,20
-4.2,-1.8,434.8,20
-4.2,-1.8,434.8,20
-4,-1.7,434.8,20
-4.3,-1.8,434.9,20
-4.1,-1.8,434.8,20
-4.1,-1.8,434.8,20
-4.2,-1.8,434.8,20
-4.2,-1.8,434.8,20
-4.2,-1.8,434.9,20
-4.2,-1.8,434.9,20
-4.2,-1.8,434.9,20
-4.3,-1.8,434.9,20
-4.3,-1.8,434.9,20
-4.3,-1.8,434.9,20
-4.3,-1.8,434.9,20
-4.3,-1.8,434.9,20
-4.3,-1.8,434.9,20
-4.3,-1.8,434.9,20
-4.3,-1.8,434.9,20
-4.3,-1.8,434.9,20
-4.3,-1.8,434.9,20
-4.3,-1.8,434.9,20
-4.1,-1.8,434.8,20
-4.1,-1.8,434.8,20
-4.1,-1.8,434.9,20
-4.1,-1.7,434.8,20
-4,-1.7,434.8,20
-4,-1.7,434.8,20
-4.2,-1.8,434.9,20
-4.1,-1.8,434.9,20
-4.3,-1.8,434.9,20
-3.9,-1.8,434.9,20
-4.1,-1.8,434.9,20
-4.2,-1.7,434.9,20
-4,-1.7,434.9,20
-4,-1.6,434.9,20
-4,-1.7,434.9,20
-4.2,-1.8,434.9,20
-4.3,-1.8,435,20
-4.3,-1.8,435,20
-4,-1.7,434.9,20
-4,-1.8,435,20
-4.3,-1.8,435,20
-4.2,-1.7,435,20
-4.3,-1.7,435,20
-4,-1.7,435,20
-4.1,-1.7,435,20
-4.2,-1.8,435,20
-4.3,-1.8,435,20
-4,-1.8,435,20
-4.3,-1.8,435.1,20
-4.1,-1.7,435,20
-4,-1.7,435.1,20
-4.3,-1.8,435.1,20
-4.1,-1.6,435,20
-4,-1.8,435.1,20
-4.3,-1.8,435.1,20
-4.1,-1.8,435.1,20
-4.3,-1.8,435.1,20
-4.1,-1.8,435.1,20
-4.2,-1.7,435.1,20
-4.3,-1.8,435.1,20
-4.3,-1.8,435.1,20
-4.1,-1.7,435.1,20
-4.3,-1.8,435.2,20
-4.3,-1.7,435.1,20
-4.3,-1.8,435.2,20
-4,-1.8,435.1,20
-4.2,-1.7,435.1,20
-4.3,-1.8,435.2,20
-4,-1.7,435.2,20
-4.3,-1.8,435.2,20
-4.3,-1.7,435.2,20
-4,-1.8,435.2,20
-4.1,-1.7,435.2,20
-4.1,-1.7,435.2,20
-4.2,-1.8,435.3,20
-4,-1.7,435.2,20
-4.3,-1.7,435.2,20
-4,-1.7,435.2,20
-4.1,-1.7,435.3,20
-4,-1.7,435.2,20
-4.1,-1.7,435.2,20
-4.1,-1.7,435.2,20
-4.1,-1.8,435.3,20
-4.3,-1.8,435.3,20
-4.3,-1.8,435.3,20
-4.3,-1.8,435.3,20
-4.3,-1.8,435.3,20
-4.1,-1.8,435.3,20
-4.2,-1.8,435.3,20
-4.2,-1.8,435.3,20
-4.1,-1.8,435.3,20
-4.3,-1.8,435.3,20
-4.3,-1.7,435.3,20
-4.2,-1.7,435.3,20
-4.2,-1.8,435.4,20
-4.3,-1.7,435.3,20
-4.1,-1.7,435.3,20
-4.1,-1.8,435.4,20
-4.3,-1.7,435.3,20
-4.1,-1.8,435.4,20
-4.3,-1.8,435.4,20
-4.3,-1.7,435.3,20
-4.2,-1.8,435.4,20
-4,-1.8,435.4,20
-4.3,-1.7,435.4,20
-4.1,-1.8,435.4,20
-4,-1.7,435.4,20
-4.3,-1.8,435.4,20
-4.3,-1.8,435.4,20
-4.3,-1.8,435.5,20
-4.3,-1.8,435.4,20
-4.1,-1.8,435.5,20
-4,-1.7,435.4,20
-4,-1.7,435.4,20
-4.1,-1.8,435.5,20
-4.1,-1.7,435.4,20
-4.3,-1.7,435.4,20
-4.1,-1.8,435.5,20
-4.3,-1.8,435.5,20
-4.3,-1.8,435.5,20
-4.2,-1.7,435.5,20
-4.3,-1.8,435.5,20
-4.3,-1.7,435.5,20
-4.1,-1.7,435.5,20
-4,-1.7,435.5,20
-4.1,-1.8,435.5,20
-4,-1.7,435.5,20
-4.3,-1.8,435.6,20
-4,-1.7,435.5,20
-4.3,-1.8,435.6,20
-4,-1.7,435.6,20
-4.3,-1.7,435.5,20
-4.3,-1.8,435.5,20
-4.3,-1.7,435.6,20
-4.4,-1.8,435.6,20
-4.3,-1.8,435.6,20
-4.3,-1.8,435.6,20
-4.2,-1.8,435.6,20
-4.1,-1.8,435.6,20
-4.3,-1.7,435.6,20
-4.2,-1.8,435.7,20
-4.3,-1.8,435.6,20
-4.3,-1.8,435.7,20
-4.3,-1.7,435.6,20
-4.1,-1.7,435.6,20
-4,-1.8,435.7,20
-4.2,-1.7,435.6,20
-4,-1.7,435.7,20
-4.3,-1.8,435.7,20
-4.3,-1.8,435.7,20
-4,-1.9,435.7,20
-4.3,-1.8,435.7,20
-4,-1.8,435.7,20
-4.3,-1.6,435.7,20
-4.1,-1.8,435.7,20
-4.2,-1.8,435.7,20
-4,-1.7,435.7,20
-4.3,-1.8,435.7,20
-4.3,-1.8,435.7,20
-4.1,-1.7,435.7,20
-4.2,-1.8,435.8,20
-4,-1.8,435.7,20
-4.3,-1.9,435.7,20
-4.2,-1.7,435.7,20
-4,-1.7,435.8,20
-4.3,-1.8,435.8,20
-4.1,-1.7,435.7,20
-4.1,-1.7,435.8,20
-4,-1.7,435.8,20
-4.1,-1.8,435.8,20
-4,-1.8,435.9,20
-4.2,-1.7,435.8,20
-4.2,-1.8,435.9,20
-4.2,-1.7,435.8,20
-4.1,-1.8,435.9,20
-4.2,-1.7,435.8,20
-4.4,-1.8,435.9,20
-4.3,-1.8,435.9,20
-4,-1.7,435.8,20
-4.3,-1.8,435.9,20
-4.2,-1.8,435.9,20
-4.1,-1.7,435.8,20
-4,-1.8,435.8,20
-4.1,-1.7,435.9,20
-4.1,-1.8,435.9,20
-4,-1.8,435.9,20
-4.3,-1.8,435.9,20
-4.1,-1.7,435.9,20
-4,-1.8,435.9,20
-4,-1.7,435.9,20
-4.3,-1.7,435.9,20
-4.3,-1.7,435.9,20
-4.2,-1.8,435.9,20
-4,-1.7,436,20
-4,-1.7,435.9,20
-4,-1.7,436,20
-4,-1.7,436,20
-4.3,-1.8,436,20
-4.1,-1.7,435.9,20
-4,-1.7,435.9,20
-4.3,-1.8,436,20
-4.2,-1.8,436,20
-4.3,-1.8,436,20
-4.1,-1.7,436,20
-4,-1.7,436,20
-4,-1.7,436,20
-4.2,-1.7,436,20
-4.3,-1.7,436,20
-4.1,-1.8,436.1,20
-4,-1.7,436,20
-4.1,-1.8,436.1,20
-4.2,-1.8,436.1,20
-4.3,-1.7,436.1,20
-4.2,-1.7,436.1,20
-4.2,-1.8,436.1,20
-4.3,-1.8,436.1,20
-4.3,-1.8,436.1,20
-4.1,-1.7,436.1,20
-4,-1.7,436.1,20
-4.3,-1.8,436.1,20
-4.2,-1.8,436.1,20
-4.2,-1.8,436.2,20
-4.3,-1.8,436.1,20
-4.1,-1.7,436.1,20
-4.3,-1.7,436.2,20
-4,-1.7,436.1,20
-4,-1.8,436.2,20
-4.1,-1.8,436.2,20
-4,-1.7,436.1,20
-4.2,-1.7,436.2,20
-4.2,-1.7,436.1,20
-4.1,-1.7,436.1,20
-4.3,-1.8,436.2,20
-4,-1.7,436.2,20
-4.2,-1.7,436.2,20
-4.3,-1.8,436.2,20
-4.2,-1.8,436.2,20
-4.3,-1.8,436.3,20
-4.3,-1.7,436.2,20
-4.2,-1.7,436.2,20
-4.3,-1.8,436.3,20
-4.1,-1.7,436.2,20
-4.1,-1.7,436.2,20
-4.3,-1.8,436.3,20
-4.2,-1.8,436.3,20
-4,-1.7,436.3,20
-4.3,-1.8,436.3,20
-4.2,-1.9,436.3,20
-4,-1.7,436.3,20
-4.2,-1.8,436.3,20
-4.3,-1.8,436.3,20
-4.1,-1.7,436.3,20
-4,-1.7,436.3,20
-4.2,-1.8,436.3,20
-4.3,-1.8,436.4,20
-4.4,-1.8,436.4,20
-4.3,-1.8,436.4,20
-4.4,-1.8,436.4,20
-4,-1.8,436.3,20
-4.2,-1.7,436.3,20
-4.3,-1.8,436.4,20
-4.2,-1.7,436.3,20
-4.3,-1.8,436.4,20
-4.3,-1.8,436.4,20
-4.1,-1.8,436.4,20
-4.2,-1.7,436.4,20
-4.1,-1.7,436.4,20
-4.3,-1.8,436.5,20
-4,-1.7,436.4,20
-4,-1.8,436.4,20
-4,-1.7,436.4,20
-4.1,-1.7,436.4,20
-4.3,-1.8,436.5,20
-4.1,-1.7,436.5,20
-4,-1.7,436.4,20
-4.1,-1.7,436.5,20
-4,-1.7,436.4,20
-4.3,-1.7,436.5,20
-4.3,-1.8,436.5,20
-4.1,-1.7,436.5,20
-4.2,-1.8,436.5,20
-4.1,-1.7,436.5,20
-4.3,-1.8,436.6,20
-4.1,-1.8,436.6,20
-4.1,-1.7,436.5,20
-4.3,-1.8,436.6,20
-4.1,-1.7,436.5,20
-4.3,-1.8,436.6,20
-4.3,-1.8,436.6,20
-4.1,-1.7,436.5,20
-4.3,-1.9,436.6,20
-4,-1.7,436.6,20
-4.3,-1.8,436.6,20
-3.9,-1.7,436.6,20
-4,-1.7,436.6,20
-4,-1.7,436.6,20
-4.1,-1.7,436.6,20
-4.1,-1.7,436.6,20
-4.3,-1.8,436.7,20
-4.2,-1.8,436.7,20
-4.3,-1.8,436.7,20
-4.1,-1.8,436.6,20
-4.3,-1.8,436.7,20
-4.1,-1.7,436.6,20
-4.1,-1.8,436.7,20
-4.1,-1.7,436.7,20
-4,-1.7,436.6,20
-4.2,-1.7,436.7,20
-4.2,-1.8,436.7,20
-4.3,-1.8,436.8,20
-4.2,-1.7,436.8,20
-4.1,-1.7,436.7,20
-4.3,-1.8,436.7,20
-4.2,-1.8,436.8,20
-4.1,-1.7,436.8,20
-4.2,-1.8,436.8,20
-4.1,-1.8,436.8,20
-4.3,-1.8,436.8,20
-4.3,-1.8,436.8,20
-4,-1.8,436.8,20
-4,-1.7,436.7,20
-4.1,-1.8,436.8,20
-4.3,-1.8,436.8,20
-4.3,-1.7,436.8,20
-4.1,-1.8,436.8,20
-4.2,-1.7,436.8,20
-4.1,-1.7,436.8,20
-4.1,-1.7,436.8,20
-4.2,-1.8,436.9,20
-4.3,-1.8,436.9,20
-4.1,-1.7,436.8,20
-4,-1.7,436.8,20
-4.3,-1.8,436.9,20
-4,-1.7,436.8,20
-4.3,-1.8,436.9,20
-4.2,-1.8,436.9,20
-4.2,-1.8,436.9,20
-4.2,-1.8,436.9,20
-3.9,-1.7,436.9,20
-3.9,-1.7,436.8,20
-3.9,-1.7,436.8,20
-3.9,-1.7,436.8,20
-4.1,-1.7,436.8,20
-4.1,-1.7,436.8,20
-4.1,-1.7,436.8,20
-4.1,-1.7,436.8,20
-4.2,-1.7,436.9,20
-4.2,-1.7,436.9,20
-4.2,-1.7,436.9,20
-4.2,-1.7,436.9,20
-4.1,-1.7,436.9,20
-4.1,-1.7,436.8,20
-4.1,-1.7,436.8,20
-4.1,-1.7,436.8,20
-4.1,-1.7,436.8,20
-4,-1.7,436.9,20
-4,-1.7,436.9,20
-4,-1.7,436.9,20
-4,-1.7,436.9,20
-4.2,-1.8,436.9,20
-4.2,-1.8,436.9,20
-4.2,-1.8,436.9,20
-4.2,-1.8,436.9,20
-4.3,-1.8,436.9,20
-4.3,-1.8,436.9,20
-4.3,-1.8,436.9,20
-4.3,-1.8,436.9,20
-4,-1.8,436.9,20
-4,-1.8,436.9,20
-4,-1.8,436.9,20
-4,-1.8,436.9,20
-4,-1.8,436.9,20
-4,-1.8,436.9,20
-4,-1.8,436.9,20
-4,-1.8,436.9,20
-4.4,-1.8,436.9,20
-4.4,-1.8,436.9,20
-4.4,-1.8,436.9,20
-4.4,-1.8,436.9,20
-4.3,-1.8,436.9,20
-4.3,-1.8,436.9,20
-4.3,-1.8,436.9,20
-4.3,-1.8,436.9,20
-4.3,-1.8,436.9,20
-4.3,-1.8,436.9,20
-4.3,-1.8,436.9,20
-4.3,-1.8,436.9,20
-4.3,-1.8,436.9,20
-4.1,-1.8,436.9,20
-4.1,-1.8,436.9,20
-4.1,-1.8,436.9,20
-4.1,-1.8,436.9,20
-4.1,-1.8,436.9,20
-4.3,-1.8,436.9,20
-4.3,-1.8,436.9,20
-4.3,-1.8,436.9,20
-4.3,-1.8,436.9,20
-4.1,-1.8,436.9,20
-4.1,-1.7,436.9,20
-4.1,-1.7,436.9,20
-4.1,-1.7,436.9,20
-4.3,-1.7,436.9,20
-4.3,-1.7,436.9,20
-4.3,-1.7,436.9,20
-4.3,-1.7,436.9,20
-4.3,-1.7,436.9,20
-4,-1.7,436.9,20
-4,-1.7,436.9,20
-4,-1.7,436.9,20
-4,-1.7,436.9,20
-4,-1.7,436.9,20
-4,-1.7,436.9,20
-4,-1.7,436.9,20
-4,-1.7,436.9,20
-4,-1.7,436.9,20
-4,-1.7,436.9,20
-4,-1.7,436.9,20
-4.3,-1.7,436.9,20
-4.3,-1.7,436.9,20
-4.3,-1.7,436.9,20
-4.3,-1.7,436.9,20
-4.3,-1.8,437,20
-4.3,-1.8,437,20
-4.3,-1.8,437,20
-4.3,-1.8,437,20
-4.3,-1.8,437,20
-4.3,-1.8,437,20
-4.3,-1.8,437,20
-4.3,-1.8,437,20
-4.3,-1.8,437,20
-4.3,-1.8,437,20
-4.3,-1.8,437,20
-4.3,-1.8,437,20
-4.3,-1.8,437,20
-4.3,-1.8,436.9,20
-4.3,-1.8,436.9,20
-4.3,-1.8,436.9,20
-4.3,-1.8,437,20
-4.3,-1.8,437,20
-4.3,-1.8,437,20
-4.3,-1.8,437,20
-4.3,-1.8,436.9,20
-4.3,-1.8,436.9,20
-4.3,-1.8,436.9,20
-4.3,-1.8,436.9,20
-4.3,-1.8,436.9,20
-4.3,-1.8,437,20
-4.3,-1.8,437,20
-4.3,-1.8,437,20
-4.1,-1.8,437,20
-4.1,-1.7,437,20
-4.1,-1.7,437,20
-4.1,-1.7,437,20
-4.2,-1.7,437,20
-4.2,-1.7,436.9,20
-4.2,-1.7,436.9,20
-4.2,-1.7,436.9,20
-4.2,-1.7,436.9,20
-4.2,-1.7,436.9,20
-4.2,-1.7,436.9,20
-4.2,-1.7,436.9,20
-4.2,-1.7,436.9,20
-4,-1.7,436.9,20
-4,-1.7,436.9,20
-4,-1.7,436.9,20
-4.2,-1.7,436.9,20
-4.2,-1.7,436.9,20
-4.2,-1.7,436.9,20
-4.2,-1.7,436.9,20
-4.2,-1.7,436.9,20
-4.2,-1.7,436.9,20
-4.2,-1.7,436.9,20
-4.2,-1.7,436.9,20
-4.2,-1.7,436.9,20
-4.1,-1.7,436.9,20
-4.1,-1.7,436.9,20
-4.1,-1.7,436.9,20
-4.1,-1.7,436.9,20
-4.1,-1.7,436.9,20
-4.1,-1.7,436.9,20
-4.1,-1.7,436.9,20
-4.1,-1.7,436.9,20
-4.1,-1.7,436.9,20
-4.1,-1.8,437,20
-4.1,-1.8,437,20
-4.1,-1.8,437,20
-4.1,-1.8,437,20
-4.1,-1.8,437,20
-4.1,-1.8,437,20
-4.1,-1.8,437,20
-4.1,-1.8,437,20
-4.3,-1.8,437,20
-4.3,-1.8,437,20
-4.3,-1.8,437,20
-4.3,-1.8,437,20
-4.4,-1.8,437,20
-4.4,-1.8,437,20
-4.4,-1.8,437,20
-4.1,-1.8,437,20
-4.1,-1.8,437,20
-4.1,-1.8,437,20
-4.1,-1.8,437,20
-4.1,-1.8,437,20
-4.3,-1.8,437,20
-4.3,-1.8,437,20
-4.3,-1.8,437,20
-4.3,-1.8,437,20
-4.3,-1.8,437,20
-4.3,-1.8,437,20
-4.3,-1.8,437,20
-4.3,-1.8,437,20
-4.3,-1.7,437,20
-4.3,-1.7,437,20
-4.3,-1.7,437,20
-4.3,-1.7,437,20
-4.3,-1.7,437,20
-4.3,-1.7,437,20
-4.3,-1.7,437,20
-4.3,-1.7,437,20
-4.3,-1.8,437,20
-4.3,-1.8,437,20
-4.3,-1.8,437,20
-4.1,-1.8,437,20
-4.1,-1.8,437,20
-4.1,-1.8,437,20
-4.1,-1.8,437,20
-4.1,-1.7,437,20
-4.1,-1.7,437,20
-4.1,-1.7,437,20
-4.1,-1.7,437,20
-4.1,-1.7,437,20
-4.2,-1.7,437,20
-4.2,-1.7,437,20
-4.2,-1.7,437,20
-4.2,-1.7,437,20
-4.2,-1.7,437,20
-4.2,-1.7,437,20
-4.2,-1.7,437,20
-4.2,-1.7,437,20
-4.2,-1.7,437,20
-4.2,-1.7,437,20
-4.2,-1.7,437,20
-4.2,-1.7,437,20
-4.2,-1.7,437,20
-4.1,-1.8,437,20
-4.1,-1.8,437,20
-4.1,-1.8,437,20
-4.2,-1.7,437,20
-4.2,-1.7,437,20
-4.2,-1.7,437,20
-4.2,-1.7,437,20
-4,-1.7,437,20
-4,-1.7,437,20
-4,-1.7,437,20
-4,-1.7,437,20
-4.1,-1.7,437,20
-4.1,-1.7,437,20
-4.1,-1.7,437,20
-4.1,-1.7,437,20
-4.1,-1.7,437,20
-4,-1.8,437,20
-4,-1.8,437,20
-4,-1.8,437,20
-4,-1.8,437,20
-4,-1.7,437,20
-4,-1.7,437,20
-4,-1.7,437,20
-4.1,-1.7,437,20
-4.1,-1.7,437,20
-4.1,-1.7,437,20
-4.1,-1.7,437,20
-4.1,-1.7,437,20
-4.1,-1.7,437,20
-4.1,-1.7,437,20
-4.3,-1.8,437,20
-4.3,-1.8,437.1,20
-4.3,-1.8,437.1,20
-4.3,-1.8,437.1,20
-4.3,-1.8,437.1,20
-4.3,-1.8,437,20
-4.3,-1.8,437,20
-4.3,-1.8,437,20
-4.3,-1.8,437,20
-4.3,-1.7,437,20
-4.3,-1.7,437,20
-4.3,-1.7,437,20
-4.3,-1.7,437,20
-4.2,-1.8,437,20
-4.2,-1.8,437,20
-4.2,-1.8,437,20
-4.2,-1.8,437,20
-4,-1.8,437,20
-4,-1.7,437,20
-4,-1.7,437,20
-4,-1.7,437,20
-4.2,-1.7,437,20
-4.2,-1.7,437,20
-4.2,-1.7,437,20
-4.2,-1.7,437,20
-4.3,-1.8,437.1,20
-4.3,-1.8,437.1,20
-4.3,-1.8,437.1,20
-4.3,-1.8,437.1,20
-4.2,-1.7,437.1,20
-4.2,-1.7,437.1,20
-4.2,-1.7,437.1,20
-4.2,-1.7,437.1,20
-4.2,-1.7,437.1,20
-4,-1.8,437,20
-4,-1.8,437,20
-4,-1.8,437,20
-4,-1.8,437,20
-4.1,-1.8,437.1,20
-4.1,-1.8,437.1,20
-4.1,-1.8,437.1,20
-4.1,-1.8,437.1,20
-4.1,-1.8,437,20
-4.1,-1.8,437,20
-4.1,-1.8,437,20
-4.1,-1.8,437,20
-4.3,-1.8,437.1,20
-4.3,-1.8,437.1,20
-4.3,-1.8,437.1,20
-4,-1.8,437.1,20
-4,-1.8,437,20
-4,-1.8,437,20
-4,-1.8,437,20
-4.1,-1.8,437,20
-4.1,-1.8,437,20
-4.1,-1.8,437,20
-4.1,-1.8,437,20
-4.1,-1.8,437,20
-4.3,-1.8,437.1,20
-4.3,-1.8,437.1,20
-4.3,-1.8,437.1,20
-4.3,-1.8,437.1,20
-4.3,-1.9,437.1,20
-4.3,-1.9,437.1,20
-4.3,-1.9,437.1,20
-4.3,-1.9,437.1,20
-4.3,-1.8,437.1,20
-4.3,-1.8,437.1,20
-4.3,-1.8,437.1,20
-3.9,-1.7,437,20
-3.9,-1.7,437,20
-3.9,-1.7,437,20
-3.9,-1.7,437,20
-4.1,-1.7,437,20
-4.1,-1.8,437.1,20
-4.1,-1.8,437.1,20
-4.1,-1.8,437.1,20
-4.1,-1.8,437.1,20
-4.3,-1.8,437.1,20
-4.3,-1.8,437.1,20
-4.3,-1.8,437.1,20
-4.2,-1.8,437.1,20
-4.2,-1.8,437.1,20
-4.2,-1.8,437.1,20
-4.2,-1.8,437.1,20
-4.2,-1.8,437.1,20
-4.2,-1.8,437.1,20
-4.2,-1.8,437.1,20
-4.2,-1.8,437.1,20
-4.1,-1.8,437.1,20
-4.1,-1.8,437.1,20
-4.1,-1.8,437.1,20
-4.1,-1.8,437.1,20
-4.2,-1.8,437.1,20
-4.2,-1.8,437.1,20
-4.2,-1.8,437.1,20
-4.2,-1.8,437.1,20
-4.3,-1.8,437.1,20
-4.3,-1.8,437.1,20
-4.3,-1.8,437.1,20
-4.3,-1.8,437.1,20
-4,-1.7,437.1,20
-4,-1.7,437.1,20
-4,-1.7,437.1,20
-4,-1.7,437.1,20
-4.2,-1.8,437.1,20
-4.2,-1.8,437.1,20
-4.2,-1.8,437.1,20
-4.2,-1.8,437.1,20
-4,-1.7,437.1,20
-4,-1.7,437.1,20
-4,-1.7,437.1,20
-4.1,-1.7,437.1,20
-4.1,-1.7,437.1,20
-4.1,-1.7,437.1,20
-4.1,-1.7,437.1,20
-4.1,-1.7,437.1,20
-4,-1.7,437.1,20
-4,-1.7,437.1,20
-4,-1.7,437.1,20
-4.1,-1.7,437.1,20
-4.1,-1.7,437.1,20
-4.1,-1.7,437.1,20
-4.1,-1.7,437.1,20
-4,-1.7,437.1,20
-4,-1.7,437.1,20
-4,-1.7,437.1,20
-4,-1.7,437.1,20
-4.1,-1.7,437.1,20
-4.1,-1.7,437.1,20
-4.1,-1.7,437.1,20
-4.1,-1.7,437.1,20
-4.1,-1.7,437.1,20
-4.1,-1.7,437.1,20
-4.1,-1.7,437.1,20
-4.1,-1.7,437.1,20
-4.1,-1.7,437.1,20
-4.1,-1.8,437.1,20
-4.1,-1.8,437.1,20
-4.1,-1.8,437.1,20
-4.1,-1.8,437.1,20
-4.2,-1.8,437.1,20
-4.2,-1.8,437.1,20
-4.2,-1.8,437.1,20
-4.2,-1.8,437.1,20
-4.3,-1.8,437.2,20
-4.3,-1.8,437.2,20
-4.3,-1.8,437.2,20
-4.3,-1.8,437.2,20
-4.3,-1.8,437.1,20
-4.3,-1.8,437.1,20
-4.3,-1.8,437.1,20
-4.3,-1.8,437.1,20
-4.2,-1.8,437.2,20
-4.2,-1.8,437.2,20
-4.2,-1.8,437.2,20
-4,-1.8,437.2,20
-4,-1.8,437.1,20
-4,-1.8,437.1,20
-4,-1.8,437.1,20
-4.1,-1.7,437.1,20
-4.1,-1.7,437.1,20
-4.1,-1.7,437.1,20
-4.1,-1.7,437.1,20
-4,-1.7,437.1,20
-4,-1.7,437.1,20
-4,-1.7,437.1,20
-4,-1.7,437.1,20
-4,-1.7,437.1,20
-4,-1.7,437.1,20
-4,-1.7,437.1,20
-4,-1.7,437.1,20
-4,-1.7,437.1,20
-4,-1.7,437.1,20
-4,-1.7,437.1,20
-4,-1.7,437.1,20
-4,-1.7,437.1,20
-4.3,-1.8,437.2,20
-4.3,-1.8,437.2,20
-4.3,-1.8,437.2,20
-4.2,-1.8,437.2,20
-4.2,-1.8,437.2,20
-4.2,-1.8,437.2,20
-4.2,-1.8,437.2,20
-4.2,-1.8,437.2,20
-4.3,-1.7,437.2,20
-4.3,-1.7,437.1,20
-4.3,-1.7,437.1,20
-4.3,-1.7,437.1,20
-4.3,-1.8,437.2,20
-4.3,-1.8,437.2,20
-4.3,-1.8,437.2,20
-4.3,-1.8,437.2,20
-4.3,-1.8,437.2,20
-4.3,-1.8,437.2,20
-4.3,-1.8,437.2,20
-4.3,-1.8,437.2,20
-4.3,-1.7,437.1,20
-4.3,-1.7,437.1,20
-4.3,-1.7,437.1,20
-4.3,-1.7,437.1,20
-4.3,-1.7,437.1,20
-4.3,-1.7,437.2,20
-4.3,-1.7,437.2,20
-4.3,-1.7,437.2,20
-4.1,-1.7,437.1,20
-4.1,-1.7,437.1,20
-4.1,-1.7,437.1,20
-4.3,-1.7,437.1,20
-4.3,-1.8,437.1,20
-4.3,-1.8,437.1,20
-4.3,-1.8,437.1,20
-4.3,-1.8,437.1,20
-4.3,-1.8,437.1,20
-4.3,-1.8,437.1,20
-4.3,-1.8,437.1,20
-4.3,-1.8,437.1,20
-4.1,-1.8,437.1,20
-4.1,-1.8,437.1,20
-4.1,-1.8,437.1,20
-4.1,-1.8,437.1,20
-4.1,-1.8,437.2,20
-4.1,-1.8,437.2,20
-4.1,-1.8,437.2,20
-4.1,-1.8,437.2,20
-4.3,-1.8,437.2,20
-4.3,-1.8,437.2,20
-4.3,-1.8,437.2,20
-4.3,-1.8,437.2,20
-4.2,-1.8,437.2,20
-4.2,-1.8,437.2,20
-4.2,-1.8,437.2,20
-4,-1.8,437.2,20
-4,-1.8,437.2,20
-4,-1.8,437.2,20
-4,-1.8,437.2,20
-4,-1.8,437.2,20
-4,-1.8,437.2,20
-4,-1.8,437.2,20
-4,-1.8,437.2,20
-4,-1.8,437.2,20
-4.2,-1.8,437.2,20
-4.2,-1.8,437.2,20
-4.2,-1.8,437.2,20
-4.2,-1.8,437.2,20
-4.3,-1.8,437.2,20
-4.3,-1.8,437.2,20
-4.3,-1.8,437.2,20
-4.3,-1.8,437.2,20
-4.3,-1.8,437.2,20
-4.3,-1.8,437.2,20
-4.3,-1.8,437.2,20
-4.3,-1.8,437.2,20
-4.3,-1.8,437.2,20
-4,-1.7,437.2,20
-4,-1.7,437.2,20
-4,-1.7,437.2,20
-4,-1.7,437.2,20
-4,-1.7,437.1,20
-4,-1.7,437.1,20
-4,-1.7,437.1,20
-4,-1.7,437.1,20
-3.9,-1.7,437.1,20
-3.9,-1.7,437.1,20
-3.9,-1.7,437.1,20
-4.1,-1.7,437.1,20
-4.1,-1.7,437.1,20
-4.1,-1.7,437.1,20
-4.1,-1.7,437.1,20
-4.1,-1.7,437.1,20
-4.3,-1.8,437.1,20
-4.3,-1.8,437.2,20
-4.3,-1.8,437.2,20
-4.3,-1.8,437.2,20
-4,-1.8,437.1,20
-4,-1.8,437.1,20
-4,-1.8,437.1,20
-4,-1.8,437.1,20
-4,-1.7,437.2,20
-4,-1.7,437.2,20
-4,-1.7,437.2,20
-4,-1.7,437.2,20
-4,-1.7,437.2,20
-4,-1.7,437.2,20
-4,-1.7,437.2,20
-4,-1.7,437.2,20
-4.2,-1.8,437.2,20
-4.2,-1.8,437.2,20
-4.2,-1.8,437.2,20
-4.2,-1.8,437.2,20
-4,-1.7,437.2,20
-4,-1.7,437.2,20
-4,-1.7,437.2,20
-4,-1.7,437.2,20
-4.1,-1.8,437.2,20
-4.1,-1.8,437.2,20
-4.1,-1.8,437.2,20
-4.1,-1.8,437.2,20
-4,-1.7,437.2,20
-4,-1.7,437.2,20
-4,-1.7,437.2,20
-4,-1.7,437.2,20
-4.2,-1.8,437.2,20
-4.2,-1.8,437.2,20
-4.2,-1.8,437.2,20
-4.1,-1.7,437.2,20
-4.1,-1.7,437.2,20
-4.1,-1.7,437.2,20
-4.1,-1.7,437.2,20
-4.1,-1.7,437.2,20
-4.1,-1.7,437.2,20
-4.1,-1.7,437.2,20
-4.3,-1.7,437.2,20
-4.3,-1.7,437.3,20
-4.3,-1.7,437.3,20
-4.3,-1.7,437.3,20
-4.3,-1.8,437.3,20
-4.3,-1.8,437.3,20
-4.3,-1.8,437.3,20
-4.3,-1.8,437.3,20
-4.3,-1.7,437.3,20
-4.3,-1.7,437.2,20
-4.3,-1.7,437.2,20
-4.3,-1.7,437.2,20
-4.2,-1.7,437.2,20
-4.2,-1.7,437.3,20
-4.2,-1.7,437.3,20
-4.2,-1.7,437.3,20
-4,-1.7,437.3,20
-4,-1.8,437.2,20
-4,-1.8,437.2,20
-4,-1.8,437.2,20
-4.2,-1.8,437.2,20
-4.2,-1.7,437.2,20
-4.2,-1.7,437.2,20
-4.2,-1.7,437.2,20
-4,-1.7,437.2,20
-4,-1.7,437.2,20
-4,-1.7,437.2,20
-4,-1.7,437.2,20
-4.1,-1.7,437.2,20
-4.1,-1.7,437.2,20
-4.1,-1.7,437.2,20
-4.1,-1.7,437.2,20
-4.3,-1.8,437.3,20
-4.3,-1.8,437.3,20
-4.3,-1.8,437.3,20
-4.3,-1.8,437.3,20
-4.3,-1.7,437.3,20
-4.3,-1.7,437.3,20
-4.3,-1.7,437.3,20
-4.3,-1.7,437.3,20
-4.3,-1.8,437.3,20
-4.3,-1.8,437.3,20
-4.3,-1.8,437.3,20
-4.3,-1.8,437.3,20
-4.3,-1.8,437.3,20
-4.3,-1.8,437.3,20
-4.3,-1.8,437.3,20
-4.3,-1.8,437.3,20
-4.1,-1.8,437.3,20
-4.1,-1.7,437.2,20
-4.1,-1.7,437.2,20
-4.1,-1.7,437.2,20
-4.1,-1.7,437.2,20
-4.1,-1.7,437.2,20
-4.1,-1.7,437.2,20
-4.1,-1.7,437.2,20
-4.1,-1.7,437.2,20
-4.1,-1.8,437.2,20
-4.1,-1.8,437.3,20
-4.1,-1.8,437.3,20
-4.1,-1.8,437.3,20
-4.2,-1.8,437.3,20
-4.2,-1.8,437.3,20
-4.2,-1.8,437.3,20
-4.2,-1.8,437.3,20
-4.2,-1.8,437.3,20
-4.2,-1.8,437.3,20
-4.2,-1.8,437.3,20
-4.2,-1.8,437.3,20
-4.2,-1.8,437.3,20
-4.3,-1.8,437.3,20
-4.3,-1.8,437.3,20
-4.3,-1.8,437.3,20
-4.3,-1.8,437.3,20
-4.3,-1.8,437.3,20
-4.3,-1.8,437.3,20
-4.3,-1.8,437.3,20
-4.1,-1.8,437.3,20
-4.1,-1.8,437.3,20
-4.1,-1.8,437.3,20
-4.1,-1.8,437.3,20
-4,-1.7,437.2,20
-4,-1.7,437.2,20
-4,-1.7,437.2,20
-4,-1.7,437.2,20
-4.3,-1.7,437.2,20
-4.3,-1.8,437.2,20
-4.3,-1.8,437.2,20
-4.3,-1.8,437.2,20
-4.3,-1.8,437.2,20
-4.3,-1.8,437.2,20
-4.3,-1.8,437.3,20
-4.3,-1.8,437.3,20
-4.3,-1.8,437.3,20
-4.3,-1.8,437.3,20
-4.3,-1.8,437.3,20
-4.3,-1.8,437.3,20
-4.3,-1.8,437.3,20
-4.3,-1.8,437.3,20
-4.3,-1.8,437.3,20
-4.3,-1.8,437.3,20
-4.1,-1.7,437.3,20
-4.1,-1.7,437.3,20
-4.1,-1.7,437.3,20
-4.2,-1.7,437.3,20
-4.2,-1.7,437.3,20
-4.2,-1.7,437.3,20
-4.2,-1.7,437.3,20
-4.3,-1.7,437.3,20
-4.3,-1.7,437.3,20
-4.3,-1.7,437.3,20
-4.3,-1.7,437.3,20
-4.2,-1.7,437.3,20
-4.2,-1.7,437.3,20
-4.2,-1.7,437.3,20
-4.4,-1.7,437.3,20
-4.4,-1.8,437.3,20
-4.4,-1.8,437.3,20
-4.4,-1.8,437.3,20
-4.3,-1.8,437.3,20
-4.3,-1.8,437.3,20
-4.3,-1.8,437.3,20
-4.3,-1.8,437.3,20
-4.2,-1.8,437.3,20
-4.2,-1.8,437.3,20
-4.2,-1.8,437.3,20
-4.2,-1.8,437.3,20
-4,-1.7,437.3,20
-4,-1.7,437.3,20
-4,-1.7,437.3,20
-4,-1.7,437.3,20
-3.9,-1.7,437.2,20
-3.9,-1.7,437.2,20
-3.9,-1.7,437.2,20
-3.9,-1.7,437.2,20
-4.2,-1.8,437.2,20
-4.2,-1.8,437.3,20
-4.2,-1.8,437.3,20
-4.2,-1.8,437.3,20
-4,-1.8,437.3,20
-4,-1.8,437.3,20
-4,-1.8,437.3,20
-4,-1.7,437.3,20
-4,-1.7,437.3,20
-4,-1.7,437.3,20
-4,-1.7,437.3,20
-4,-1.7,437.3,20
-4,-1.7,437.3,20
-4,-1.7,437.3,20
-4,-1.7,437.3,20
-4,-1.7,437.3,20
-4,-1.7,437.3,20
-4,-1.7,437.3,20
-4,-1.7,437.3,20
-4,-1.7,437.3,20
-4,-1.7,437.3,20
-4,-1.7,437.3,20
-4,-1.7,437.3,20
-4.3,-1.7,437.3,20
-4.3,-1.7,437.3,20
-4.3,-1.7,437.3,20
-4.3,-1.7,437.3,20
-4.2,-1.7,437.3,20
-4.2,-1.7,437.3,20
-4.2,-1.7,437.3,20
-4.2,-1.7,437.3,20
-4.2,-1.7,437.3,20
-4.2,-1.7,437.3,20
-4.2,-1.7,437.3,20
-4.3,-1.7,437.3,20
-4.3,-1.7,437.4,20
-4.3,-1.7,437.4,20
-4.3,-1.7,437.4,20
-4.2,-1.8,437.4,20
-4.2,-1.8,437.4,20
-4.2,-1.8,437.4,20
-4,-1.8,437.4,20
-4,-1.8,437.4,20
-4,-1.8,437.4,20
-4,-1.8,437.4,20
-4,-1.8,437.4,20
-4.3,-1.8,437.4,20
-4.3,-1.8,437.4,20
-4.3,-1.8,437.4,20
-4.3,-1.8,437.4,20
-4.3,-1.8,437.4,20
-4.3,-1.7,437.3,20
-4.3,-1.7,437.3,20
-4.3,-1.7,437.3,20
-4.3,-1.7,437.3,20
-4.1,-1.7,437.3,20
-4.1,-1.7,437.3,20
-4.1,-1.7,437.3,20
-4.1,-1.7,437.3,20
-4,-1.7,437.3,20
-4,-1.7,437.3,20
-4,-1.7,437.3,20
-4,-1.7,437.3,20
-4,-1.7,437.3,20
-4,-1.7,437.3,20
-4,-1.7,437.3,20
-4,-1.7,437.3,20
-4.1,-1.7,437.3,20
-4.1,-1.7,437.3,20
-4.1,-1.7,437.3,20
-4.1,-1.7,437.3,20
-4.1,-1.7,437.3,20
-4.1,-1.7,437.3,20
-4.1,-1.7,437.3,20
-4.3,-1.8,437.3,20
-4.3,-1.8,437.4,20
-4.3,-1.8,437.4,20
-4.3,-1.8,437.4,20
-4.1,-1.7,437.3,20
-4.1,-1.7,437.3,20
-4.1,-1.7,437.3,20
-4.1,-1.7,437.3,20
-4.1,-1.7,437.3,20
-4.1,-1.7,437.3,20
-4.1,-1.7,437.3,20
-4.1,-1.7,437.3,20
-4.1,-1.7,437.3,20
-4.1,-1.7,437.3,20
-4.1,-1.7,437.3,20
-4.1,-1.7,437.3,20
-4.1,-1.7,437.3,20
-4.1,-1.7,437.3,20
-4.1,-1.7,437.3,20
-4,-1.7,437.3,20
-4,-1.7,437.3,20
-4,-1.7,437.3,20
-4,-1.7,437.3,20
-4,-1.7,437.3,20
-4,-1.7,437.3,20
-4,-1.7,437.3,20
-4,-1.7,437.3,20
-4,-1.7,437.3,20
-4.2,-1.8,437.3,20
-4.2,-1.8,437.4,20
-4.2,-1.8,437.4,20
-4.2,-1.8,437.4,20
-4.2,-1.8,437.4,20
-4.2,-1.8,437.4,20
-4.2,-1.8,437.4,20
-4.1,-1.7,437.4,20
-4.1,-1.7,437.3,20
-4.1,-1.7,437.3,20
-4.1,-1.7,437.3,20
-4.1,-1.7,437.3,20
-4.1,-1.7,437.3,20
-4.1,-1.7,437.3,20
-4.1,-1.7,437.3,20
-4.1,-1.7,437.3,20
-4.1,-1.8,437.4,20
-4.1,-1.8,437.4,20
-4.1,-1.8,437.4,20
-4.1,-1.8,437.4,20
-4.2,-1.8,437.4,20
-4.2,-1.8,437.4,20
-4.2,-1.8,437.4,20
-4,-1.7,437.4,20
-4,-1.7,437.4,20
-4,-1.7,437.4,20
-4.3,-1.8,437.4,20
-4.3,-1.8,437.4,20
-4.3,-1.8,437.4,20
-4.3,-1.8,437.4,20
-4.3,-1.8,437.4,20
-4.3,-1.8,437.4,20
-4.3,-1.8,437.4,20
-4.3,-1.8,437.4,20
-4.3,-1.8,437.4,20
-4.1,-1.7,437.4,20
-4.1,-1.7,437.4,20
-4.1,-1.7,437.4,20
-4.1,-1.7,437.4,20
-4.3,-1.8,437.4,20
-4.3,-1.8,437.4,20
-4.3,-1.8,437.4,20
-4.3,-1.8,437.4,20
-4.2,-1.8,437.4,20
-4.2,-1.8,437.4,20
-4.2,-1.8,437.4,20
-4.2,-1.8,437.4,20
-4,-1.7,437.4,20
-4,-1.7,437.4,20
-4,-1.7,437.4,20
-4,-1.7,437.4,20
-4.1,-1.7,437.4,20
-4.1,-1.7,437.4,20
-4.1,-1.7,437.4,20
-4.3,-1.7,437.4,20
-4.3,-1.8,437.4,20
-4.3,-1.8,437.4,20
-4.3,-1.8,437.4,20
-4.3,-1.8,437.4,20
-4.1,-1.7,437.4,20
-4.1,-1.7,437.4,20
-4.1,-1.7,437.4,20
-4.3,-1.7,437.4,20
-4.3,-1.8,437.4,20
-4.3,-1.8,437.4,20
-4.3,-1.8,437.4,20
-4.3,-1.8,437.4,20
-4.3,-1.8,437.4,20
-4.3,-1.8,437.4,20
-4.3,-1.8,437.4,20
-4.3,-1.8,437.4,20
-4.3,-1.7,437.4,20
-4.3,-1.7,437.4,20
-4.3,-1.7,437.4,20
-4.3,-1.7,437.4,20
-4.3,-1.7,437.4,20
-4.3,-1.7,437.4,20
-4.3,-1.7,437.4,20
-4.3,-1.7,437.4,20
-4.3,-1.8,437.5,20
-4.3,-1.8,437.5,20
-4.3,-1.8,437.5,20
-4.2,-1.8,437.4,20
-4.2,-1.8,437.4,20
-4.2,-1.8,437.4,20
-4,-1.7,437.4,20
-4,-1.7,437.4,20
-4,-1.7,437.4,20
-4,-1.7,437.4,20
-4,-1.7,437.4,20
-4,-1.7,437.4,20
-4,-1.7,437.4,20
-4,-1.7,437.4,20
-4,-1.7,437.4,20
-4.1,-1.7,437.4,20
-4.1,-1.7,437.4,20
-4.1,-1.7,437.4,20
-4,-1.7,437.4,20
-4,-1.7,437.4,20
-4,-1.7,437.4,20
-4,-1.7,437.4,20
-4,-1.7,437.4,20
-4,-1.7,437.4,20
-4,-1.7,437.4,20
-4,-1.7,437.4,20
-4,-1.7,437.4,20
-4.1,-1.7,437.4,20
-4.1,-1.7,437.4,20
-4.1,-1.7,437.4,20
-3.9,-1.7,437.4,20
-3.9,-1.7,437.4,20
-3.9,-1.7,437.4,20
-3.9,-1.7,437.4,20
-4.1,-1.7,437.4,20
-4.1,-1.7,437.4,20
-4.1,-1.7,437.4,20
-4.1,-1.7,437.4,20
-3.9,-1.7,437.4,20
-3.9,-1.7,437.4,20
-3.9,-1.7,437.4,20
-3.9,-1.7,437.4,20
-4,-1.7,437.4,20
-4,-1.7,437.4,20
-4,-1.7,437.4,20
-4,-1.7,437.4,20
-4.2,-1.7,437.4,20
-4.2,-1.7,437.4,20
-4.2,-1.7,437.4,20
-4.2,-1.7,437.4,20
-3.9,-1.7,437.4,20
-3.9,-1.7,437.4,20
-3.9,-1.7,437.4,20
-3.9,-1.7,437.4,20
-4,-1.7,437.4,20
-4,-1.7,437.4,20
-4,-1.7,437.4,20
-4,-1.7,437.4,20
-3.9,-1.7,437.4,20
-3.9,-1.7,437.4,20
-3.9,-1.7,437.4,20
-3.9,-1.7,437.4,20
-3.9,-1.7,437.4,20
-3.9,-1.7,437.4,20
-3.9,-1.7,437.4,20
-3.9,-1.7,437.4,20
-3.9,-1.7,437.4,20
-4.3,-1.8,437.4,20
-4.3,-1.8,437.4,20
-4.3,-1.8,437.4,20
-4.3,-1.8,437.4,20
-4.3,-1.8,437.4,20
-4.3,-1.8,437.4,20
-4.3,-1.8,437.4,20
-4,-1.8,437.4,20
-4,-1.7,437.4,20
-4,-1.7,437.4,20
-4,-1.7,437.4,20
-4,-1.7,437.4,20
-4,-1.7,437.4,20
-4,-1.7,437.4,20
-4,-1.7,437.4,20
-4.3,-1.7,437.4,20
-4.3,-1.7,437.4,20
-4.3,-1.7,437.4,20
-4.1,-1.8,437.4,20
-4.1,-1.8,437.4,20
-4.1,-1.8,437.4,20
-4,-1.8,437.4,20
-4,-1.7,437.4,20
-4,-1.7,437.4,20
-4,-1.7,437.4,20
-4,-1.7,437.4,20
-4,-1.7,437.4,20
-4,-1.7,437.4,20
-4,-1.7,437.4,20
-4,-1.7,437.4,20
-4,-1.7,437.4,20
-4,-1.7,437.4,20
-4,-1.7,437.4,20
-4.1,-1.7,437.4,20
-4.1,-1.7,437.4,20
-4.1,-1.7,437.4,20
-4.1,-1.7,437.4,20
-4.2,-1.7,437.5,20
-4.2,-1.7,437.5,20
-4.2,-1.7,437.5,20
-4.3,-1.8,437.5,20
-4.3,-1.8,437.5,20
-4.3,-1.8,437.5,20
-4.3,-1.8,437.5,20
-4.3,-1.8,437.5,20
-4.3,-1.8,437.5,20
-4.3,-1.8,437.5,20
-4,-1.8,437.5,20
-4,-1.7,437.4,20
-4,-1.7,437.4,20
-4,-1.7,437.4,20
-4,-1.7,437.4,20
-4.2,-1.8,437.5,20
-4.2,-1.8,437.5,20
-4.2,-1.8,437.5,20
-4.2,-1.8,437.5,20
-4.3,-1.8,437.5,20
-4.3,-1.8,437.5,20
-4.3,-1.8,437.5,20
-4.3,-1.8,437.5,20
-4.3,-1.8,437.5,20
-4.3,-1.7,437.4,20
-4.3,-1.7,437.4,20
-4.3,-1.7,437.4,20
-4.3,-1.7,437.4,20
-4.1,-1.7,437.4,20
-4.1,-1.7,437.4,20
-4.1,-1.7,437.4,20
-4.3,-1.7,437.4,20
-4.3,-1.8,437.5,20
-4.3,-1.8,437.5,20
-4.3,-1.8,437.5,20
-4.3,-1.8,437.5,20
-4,-1.7,437.5,20
-4,-1.7,437.4,20
-4,-1.7,437.4,20
-4,-1.7,437.4,20
-4,-1.7,437.4,20
-4,-1.7,437.5,20
-4,-1.7,437.5,20
-4,-1.7,437.5,20
-4,-1.7,437.5,20
-4.2,-1.8,437.5,20
-4.2,-1.8,437.5,20
-4.2,-1.8,437.5,20
-4.2,-1.7,437.5,20
-4.2,-1.7,437.5,20
-4.2,-1.7,437.5,20
-4.3,-1.8,437.5,20
-4.3,-1.8,437.5,20
-4.3,-1.8,437.5,20
-4.3,-1.8,437.5,20
-4.3,-1.8,437.5,20
-4.3,-1.7,437.5,20
-4.3,-1.7,437.5,20
-4.3,-1.7,437.5,20
-4.3,-1.7,437.5,20
-4.1,-1.7,437.5,20
-4.1,-1.7,437.5,20
-4.1,-1.7,437.5,20
-4.1,-1.7,437.5,20
-4,-1.7,437.5,20
-4,-1.7,437.5,20
-4,-1.7,437.5,20
-4.1,-1.7,437.5,20
-4.1,-1.7,437.5,20
-4.1,-1.7,437.5,20
-4.1,-1.7,437.5,20
-4.3,-1.8,437.5,20
-4.3,-1.8,437.5,20
-4.3,-1.8,437.5,20
-4.3,-1.8,437.5,20
-4.3,-1.8,437.5,20
-4,-1.7,437.5,20
-4,-1.7,437.5,20
-4,-1.7,437.5,20
-4,-1.7,437.5,20
-4,-1.7,437.5,20
-4,-1.7,437.5,20
-4,-1.7,437.5,20
-4,-1.7,437.5,20
-4.3,-1.8,437.5,20
-4.3,-1.8,437.5,20
-4.3,-1.8,437.5,20
-4.3,-1.8,437.5,20
-4.3,-1.8,437.5,20
-4.3,-1.8,437.5,20
-4.3,-1.8,437.5,20
-4.3,-1.8,437.5,20
-4.3,-1.8,437.5,20
-4.3,-1.8,437.5,20
-4.3,-1.8,437.5,20
-4.3,-1.8,437.5,20
-4.3,-1.8,437.5,20
-4.3,-1.8,437.5,20
-4.3,-1.8,437.5,20
-4.3,-1.8,437.5,20
-4.3,-1.8,437.5,20
-4.3,-1.8,437.5,20
-4.3,-1.8,437.5,20
-4.3,-1.8,437.5,20
-4.3,-1.8,437.5,20
-4,-1.8,437.5,20
-4,-1.8,437.5,20
-4,-1.8,437.5,20
-4,-1.8,437.5,20
-4,-1.8,437.5,20
-4.1,-1.7,437.5,20
-4.1,-1.7,437.5,20
-4.1,-1.7,437.5,20
-4.1,-1.7,437.5,20
-4.1,-1.7,437.5,20
-4.3,-1.8,437.5,20
-4.3,-1.8,437.5,20
-4.3,-1.8,437.5,20
-4.3,-1.8,437.5,20
-4.1,-1.8,437.5,20
-4.1,-1.7,437.5,20
-4.1,-1.7,437.5,20
-4.1,-1.7,437.5,20
-4.1,-1.7,437.5,20
-4.1,-1.7,437.5,20
-4.2,-1.8,437.5,20
-4.2,-1.8,437.5,20
-4.2,-1.8,437.5,20
-4.2,-1.8,437.5,20
-4.2,-1.8,437.5,20
-4.2,-1.8,437.6,20
-4.2,-1.8,437.6,20
-4.2,-1.8,437.6,20
-4.2,-1.8,437.6,20
-4.2,-1.7,437.6,20
-4.2,-1.7,437.5,20
-4.2,-1.7,437.5,20
-4.2,-1.7,437.5,20
-4.2,-1.7,437.5,20
-4.1,-1.8,437.5,20
-4.1,-1.8,437.6,20
-4.1,-1.8,437.6,20
-4.1,-1.8,437.6,20
-4.1,-1.8,437.6,20
-4,-1.7,437.5,20
-4,-1.7,437.5,20
-4,-1.7,437.5,20
-4,-1.7,437.5,20
-4,-1.8,437.6,20
-4,-1.8,437.6,20
-4,-1.8,437.6,20
-4,-1.8,437.6,20
-4.3,-1.8,437.6,20
-4.3,-1.7,437.6,20
-4.3,-1.7,437.6,20
-4.3,-1.7,437.6,20
-4.3,-1.7,437.6,20
-4.3,-1.7,437.6,20
-4.2,-1.8,437.6,20
-4.2,-1.8,437.6,20
-4.2,-1.8,437.6,20
-4.2,-1.8,437.6,20
-4,-1.8,437.6,20
-4,-1.7,437.5,20
-4,-1.7,437.5,20
-4,-1.7,437.5,20
-4,-1.7,437.5,20
-4.3,-1.7,437.5,20
-4.3,-1.8,437.6,20
-4.3,-1.8,437.6,20
-4.3,-1.8,437.6,20
-4.3,-1.8,437.6,20
-4.3,-1.8,437.6,20
-4,-1.8,437.6,20
-4,-1.8,437.6,20
-4,-1.8,437.6,20
-4,-1.8,437.6,20
-4,-1.8,437.6,20
-4,-1.8,437.6,20
-4.2,-1.8,437.5,20
-4.2,-1.8,437.5,20
-4.2,-1.8,437.5,20
-4.2,-1.8,437.5,20
-4.2,-1.8,437.5,20
-4.4,-1.8,437.5,20
-4.4,-1.8,437.6,20
-4.4,-1.8,437.6,20
-4.4,-1.8,437.6,20
-4.4,-1.8,437.6,20
-4,-1.8,437.6,20
-4,-1.8,437.6,20
-4,-1.8,437.6,20
-4,-1.8,437.6,20
-4,-1.8,437.6,20
-4.2,-1.7,437.6,20
-4.2,-1.7,437.6,20
-4.2,-1.7,437.6,20
-4.2,-1.7,437.6,20
-4,-1.7,437.6,20
-4,-1.8,437.6,20
-4,-1.8,437.6,20
-4,-1.8,437.6,20
-4,-1.8,437.6,20
-4.3,-1.8,437.6,20
-4.3,-1.8,437.6,20
-4.3,-1.8,437.6,20
-4.3,-1.8,437.6,20
-4.3,-1.8,437.6,20
-4,-1.8,437.6,20
-4,-1.8,437.6,20
-4,-1.8,437.6,20
-4,-1.8,437.6,20
-4,-1.8,437.6,20
-4.3,-1.8,437.6,20
-4.3,-1.8,437.6,20
-4.3,-1.8,437.6,20
-4.3,-1.8,437.6,20
-4.3,-1.8,437.6,20
-4,-1.8,437.6,20
-4,-1.8,437.6,20
-4,-1.8,437.6,20
-4,-1.8,437.6,20
-4,-1.8,437.6,20
-4,-1.8,437.6,20
-4.1,-1.7,437.6,20
-4.1,-1.7,437.6,20
-4.1,-1.7,437.6,20
-4.1,-1.7,437.6,20
-4.4,-1.7,437.6,20
-4.4,-1.8,437.6,20
-4.4,-1.8,437.6,20
-4.4,-1.8,437.6,20
-4.4,-1.8,437.6,20
-4,-1.7,437.6,20
-4,-1.7,437.6,20
-4,-1.7,437.6,20
-4,-1.7,437.6,20
-4.2,-1.7,437.6,20
-4.2,-1.8,437.7,20
-4.2,-1.8,437.7,20
-4.2,-1.8,437.7,20
-4.2,-1.8,437.7,20
-4.3,-1.7,437.6,20
-4.3,-1.7,437.6,20
-4.3,-1.7,437.6,20
-4.3,-1.7,437.6,20
-4,-1.7,437.6,20
-4,-1.8,437.6,20
-4,-1.8,437.6,20
-4,-1.8,437.6,20
-4,-1.8,437.6,20
-4.1,-1.7,437.6,20
-4.1,-1.7,437.6,20
-4.1,-1.7,437.6,20
-4.1,-1.7,437.6,20
-4.1,-1.7,437.6,20
-4.2,-1.8,437.7,20
-4.2,-1.8,437.7,20
-4.2,-1.8,437.7,20
-4.2,-1.8,437.7,20
-4.2,-1.7,437.7,20
-4.2,-1.7,437.7,20
-4.2,-1.7,437.7,20
-4.2,-1.7,437.7,20
-4.2,-1.7,437.7,20
-4.2,-1.9,437.7,20
-4.2,-1.9,437.7,20
-4.2,-1.9,437.7,20
-4.2,-1.9,437.7,20
-4.2,-1.9,437.7,20
-4,-1.9,437.7,20
-4,-1.8,437.6,20
-4,-1.8,437.6,20
-4,-1.8,437.6,20
-4,-1.8,437.6,20
-4.2,-1.8,437.6,20
-4.2,-1.7,437.6,20
-4.2,-1.7,437.6,20
-4.2,-1.7,437.6,20
-4.2,-1.7,437.6,20
-4.3,-1.7,437.6,20
-4.3,-1.8,437.7,20
-4.3,-1.8,437.7,20
-4.3,-1.8,437.7,20
-4.3,-1.8,437.7,20
-4.3,-1.8,437.7,20
-4.2,-1.8,437.7,20
-4.2,-1.8,437.7,20
-4.2,-1.8,437.7,20
-4.2,-1.8,437.7,20
-4.2,-1.8,437.7,20
-4,-1.7,437.6,20
-4,-1.7,437.6,20
-4,-1.7,437.6,20
-4,-1.7,437.6,20
-4,-1.7,437.6,20
-4.3,-1.7,437.7,20
-4.3,-1.7,437.7,20
-4.3,-1.7,437.7,20
-4.3,-1.7,437.7,20
-4.3,-1.7,437.7,20
-4.2,-1.9,437.7,20
-4.2,-1.9,437.7,20
-4.2,-1.9,437.7,20
-4.2,-1.9,437.7,20
-4.2,-1.9,437.7,20
-4,-1.8,437.7,20
-4,-1.8,437.7,20
-4,-1.8,437.7,20
-4,-1.8,437.7,20
-4.2,-1.8,437.7,20
-4.2,-1.7,437.7,20
-4.2,-1.7,437.7,20
-4.2,-1.7,437.7,20
-4.2,-1.7,437.7,20
-4.3,-1.7,437.7,20
-4.3,-1.8,437.7,20
-4.3,-1.8,437.7,20
-4.3,-1.8,437.7,20
-4.3,-1.8,437.7,20
-4.3,-1.8,437.7,20
-4.3,-1.7,437.7,20
-4.3,-1.7,437.7,20
-4.3,-1.7,437.7,20
-4.3,-1.7,437.7,20
-4.3,-1.7,437.7,20
-4.3,-1.7,437.7,20
-4.3,-1.8,437.7,20
-4.3,-1.8,437.7,20
-4.3,-1.8,437.7,20
-4.3,-1.8,437.7,20
-3.9,-1.8,437.7,20
-3.9,-1.8,437.7,20
-3.9,-1.8,437.7,20
-3.9,-1.8,437.7,20
-3.9,-1.8,437.7,20
-4,-1.8,437.7,20
-4,-1.7,437.7,20
-4,-1.7,437.7,20
-4,-1.7,437.7,20
-4,-1.7,437.7,20
-4.2,-1.8,437.7,20
-4.2,-1.8,437.7,20
-4.2,-1.8,437.7,20
-4.2,-1.8,437.7,20
-4.2,-1.7,437.7,20
-4.2,-1.7,437.7,20
-4.2,-1.7,437.7,20
-4.2,-1.7,437.7,20
-4.2,-1.7,437.7,20
-4.2,-1.7,437.7,20
-4.2,-1.8,437.7,20
-4.2,-1.8,437.7,20
-4.2,-1.8,437.7,20
-4.2,-1.8,437.7,20
-4.2,-1.8,437.7,20
-4.2,-1.8,437.7,20
-4.2,-1.8,437.7,20
-4.2,-1.8,437.7,20
-4.2,-1.8,437.7,20
-4.2,-1.8,437.7,20
-4,-1.7,437.7,20
-4,-1.7,437.7,20
-4,-1.7,437.7,20
-4,-1.7,437.7,20
-4,-1.7,437.7,20
-4.2,-1.7,437.7,20
-4.2,-1.7,437.7,20
-4.2,-1.7,437.7,20
-4.2,-1.7,437.7,20
-4.2,-1.7,437.7,20
-4.3,-1.8,437.7,20
-4.3,-1.8,437.7,20
-4.3,-1.8,437.7,20
-4.3,-1.8,437.7,20
-4.3,-1.8,437.7,20
-4,-1.8,437.7,20
-4,-1.8,437.7,20
-4,-1.8,437.7,20
-4,-1.8,437.7,20
-4,-1.8,437.7,20
-4.1,-1.7,437.7,20
-4.1,-1.7,437.7,20
-4.1,-1.7,437.7,20
-4.1,-1.7,437.7,20
-4.1,-1.7,437.7,20
-4.2,-1.8,437.7,20
-4.2,-1.8,437.7,20
-4.2,-1.8,437.7,20
-4.2,-1.8,437.7,20
-4.2,-1.8,437.7,20
-4.3,-1.8,437.8,20
-4.3,-1.8,437.8,20
-4.3,-1.8,437.8,20
-4.3,-1.8,437.8,20
-4.3,-1.8,437.8,20
-4.3,-1.7,437.8,20
-4.3,-1.7,437.7,20
-4.3,-1.7,437.7,20
-4.3,-1.7,437.7,20
-4.3,-1.7,437.7,20
-4.3,-1.7,437.7,20
-4.1,-1.7,437.7,20
-4.1,-1.7,437.7,20
-4.1,-1.7,437.7,20
-4.1,-1.7,437.7,20
-4.1,-1.7,437.7,20
-4.2,-1.7,437.7,20
-4.2,-1.7,437.7,20
-4.2,-1.7,437.7,20
-4.2,-1.7,437.7,20
-4.2,-1.7,437.7,20
-4.2,-1.7,437.7,20
-4.2,-1.8,437.8,20
-4.2,-1.8,437.8,20
-4.2,-1.8,437.8,20
-4.2,-1.8,437.8,20
-4,-1.8,437.8,20
-4,-1.8,437.8,20
-4,-1.8,437.8,20
-4,-1.8,437.8,20
-4,-1.8,437.8,20
-4.3,-1.8,437.8,20
-4.3,-1.7,437.7,20
-4.3,-1.7,437.7,20
-4.3,-1.7,437.7,20
-4.3,-1.7,437.7,20
-4.3,-1.7,437.7,20
-4.3,-1.8,437.8,20
-4.3,-1.8,437.8,20
-4.3,-1.8,437.8,20
-4.3,-1.8,437.8,20
-4,-1.8,437.8,20
-4,-1.8,437.8,20
-4,-1.8,437.8,20
-4,-1.8,437.8,20
-4,-1.8,437.8,20
-4.1,-1.7,437.8,20
-4.1,-1.7,437.7,20
-4.1,-1.7,437.7,20
-4.1,-1.7,437.7,20
-4,-1.7,437.7,20
-4,-1.7,437.7,20
-4,-1.7,437.7,20
-4,-1.7,437.7,20
-4,-1.7,437.7,20
-4.2,-1.7,437.7,20
-4.2,-1.7,437.7,20
-4.2,-1.7,437.7,20
-4.2,-1.7,437.7,20
-4.2,-1.7,437.7,20
-4.2,-1.7,437.7,20
-4.2,-1.9,437.8,20
-4.2,-1.9,437.8,20
-4.2,-1.9,437.8,20
-4.2,-1.9,437.8,20
-4,-1.7,437.8,20
-4,-1.7,437.7,20
-4,-1.7,437.7,20
-4,-1.7,437.7,20
-4,-1.7,437.7,20
-4,-1.7,437.7,20
-4.1,-1.7,437.7,20
-4.1,-1.7,437.7,20
-4.1,-1.7,437.7,20
-4.1,-1.7,437.7,20
-4.1,-1.7,437.7,20
-4.1,-1.7,437.7,20
-4.1,-1.7,437.7,20
-4.1,-1.7,437.7,20
-4.1,-1.7,437.7,20
-4.1,-1.7,437.7,20
-4.2,-1.7,437.7,20
-4.2,-1.7,437.8,20
-4.2,-1.7,437.8,20
-4.2,-1.7,437.8,20
-4.2,-1.7,437.8,20
-4.2,-1.7,437.8,20
-4.3,-1.8,437.8,20
-4.3,-1.8,437.8,20
-4.3,-1.8,437.8,20
-4.3,-1.8,437.8,20
-4.3,-1.8,437.8,20
-4.3,-1.8,437.8,20
-4.3,-1.8,437.8,20
-4.3,-1.8,437.8,20
-4.3,-1.8,437.8,20
-4.3,-1.8,437.8,20
-4,-1.7,437.8,20
-4,-1.7,437.8,20
-4,-1.7,437.8,20
-4,-1.7,437.8,20
-4.3,-1.7,437.8,20
-4.3,-1.8,437.8,20
-4.3,-1.8,437.8,20
-4.3,-1.8,437.8,20
-4.3,-1.8,437.8,20
-4,-1.7,437.8,20
-4,-1.7,437.8,20
-4,-1.7,437.8,20
-4,-1.7,437.8,20
-4,-1.7,437.8,20
-4.2,-1.7,437.8,20
-4.2,-1.7,437.8,20
-4.2,-1.7,437.8,20
-4.2,-1.7,437.8,20
-4.2,-1.7,437.8,20
-4.2,-1.7,437.8,20
-4.2,-1.8,437.8,20
-4.2,-1.8,437.8,20
-4.2,-1.8,437.8,20
-4.2,-1.8,437.8,20
-4.2,-1.8,437.8,20
-4,-1.8,437.8,20
-4,-1.7,437.8,20
-4,-1.7,437.8,20
-4,-1.7,437.8,20
-4,-1.7,437.8,20
-4.1,-1.7,437.8,20
-4.1,-1.7,437.8,20
-4.1,-1.7,437.8,20
-4.1,-1.7,437.8,20
-4.1,-1.7,437.8,20
-4.1,-1.7,437.8,20
-4.2,-1.7,437.8,20
-4.2,-1.7,437.8,20
-4.2,-1.7,437.8,20
-4.2,-1.7,437.8,20
-4.2,-1.7,437.8,20
-4.4,-1.8,437.8,20
-4.4,-1.8,437.8,20
-4.4,-1.8,437.8,20
-4.4,-1.8,437.8,20
-4.4,-1.8,437.8,20
-4.3,-1.8,437.8,20
-4.3,-1.7,437.9,20
-4.3,-1.7,437.9,20
-4.3,-1.7,437.9,20
-4.3,-1.7,437.9,20
-4,-1.8,437.9,20
-4,-1.8,437.8,20
-4,-1.8,437.8,20
-4,-1.8,437.8,20
-4,-1.8,437.8,20
-4.2,-1.7,437.8,20
-4.2,-1.7,437.8,20
-4.2,-1.7,437.8,20
-4.2,-1.7,437.8,20
-4.2,-1.7,437.8,20
-4.2,-1.7,437.8,20
-4.2,-1.7,437.8,20
-4.2,-1.7,437.8,20
-4.2,-1.7,437.8,20
-4.2,-1.7,437.8,20
-4.3,-1.9,437.8,20
-4.3,-1.9,437.9,20
-4.3,-1.9,437.9,20
-4.3,-1.9,437.9,20
-4.3,-1.9,437.9,20
-4,-1.8,437.9,20
-4,-1.8,437.9,20
-4,-1.8,437.9,20
-4,-1.8,437.9,20
-4,-1.8,437.9,20
-4.1,-1.7,437.9,20
-4.1,-1.7,437.8,20
-4.1,-1.7,437.8,20
-4.1,-1.7,437.8,20
-4.1,-1.7,437.8,20
-4.3,-1.9,437.9,20
-4.3,-1.9,437.9,20
-4.3,-1.9,437.9,20
-4.3,-1.9,437.9,20
-4.3,-1.9,437.9,20
-3.9,-1.7,437.8,20
-3.9,-1.7,437.8,20
-3.9,-1.7,437.8,20
-3.9,-1.7,437.8,20
-3.9,-1.7,437.8,20
-4.1,-1.7,437.8,20
-4.1,-1.7,437.8,20
-4.1,-1.7,437.8,20
-4.1,-1.7,437.8,20
-4.1,-1.7,437.8,20
-4.3,-1.7,437.8,20
-4.3,-1.7,437.9,20
-4.3,-1.7,437.9,20
-4.3,-1.7,437.9,20
-4.3,-1.7,437.9,20
-4,-1.7,437.8,20
-4,-1.7,437.8,20
-4,-1.7,437.8,20
-4,-1.7,437.8,20
-4.2,-1.7,437.8,20
-4.2,-1.7,437.9,20
-4.2,-1.7,437.9,20
-4.2,-1.7,437.9,20
-4.2,-1.7,437.9,20
-3.9,-1.8,437.9,20
-3.9,-1.8,437.9,20
-3.9,-1.8,437.9,20
-3.9,-1.8,437.9,20
-3.9,-1.8,437.9,20
-4.1,-1.7,437.9,20
-4.1,-1.7,437.9,20
-4.1,-1.7,437.9,20
-4.1,-1.7,437.9,20
-4.3,-1.8,437.9,20
-4.3,-1.8,437.9,20
-4.3,-1.8,437.9,20
-4.3,-1.8,437.9,20
-4.3,-1.8,437.9,20
-4.3,-1.8,437.9,20
-4.3,-1.8,437.9,20
-4.3,-1.8,437.9,20
-4.3,-1.8,437.9,20
-4.3,-1.8,437.9,20
-4.3,-1.8,437.9,20
-4,-1.8,437.9,20
-4,-1.8,437.9,20
-4,-1.8,437.9,20
-4,-1.8,437.9,20
-4,-1.8,437.9,20
-4,-1.8,437.9,20
-4.1,-1.7,437.9,20
-4.1,-1.7,437.9,20
-4.1,-1.7,437.9,20
-4.1,-1.7,437.9,20
-4.1,-1.7,437.9,20
-4.2,-1.7,437.9,20
-4.2,-1.7,437.9,20
-4.2,-1.7,437.9,20
-4.2,-1.7,437.9,20
-4.2,-1.7,437.9,20
-4,-1.8,437.9,20
-4,-1.8,437.9,20
-4,-1.8,437.9,20
-3.9,-1.8,437.9,20
-3.9,-1.8,437.9,20
-3.9,-1.8,437.9,20
-3.9,-1.8,437.9,20
-4.1,-1.7,437.9,20
-4.1,-1.7,437.9,20
-4.1,-1.7,437.9,20
-4.1,-1.7,437.9,20
-4.1,-1.7,437.9,20
-4.1,-1.7,437.9,20
-4.1,-1.7,437.9,20
-4.1,-1.7,437.9,20
-4,-1.7,437.9,20
-4,-1.7,437.9,20
-4,-1.7,437.9,20
-4,-1.7,437.9,20
-4.2,-1.7,437.9,20
-4.2,-1.7,437.9,20
-4.2,-1.7,437.9,20
-4.2,-1.7,437.9,20
-4.1,-1.7,437.9,20
-4.1,-1.7,437.9,20
-4.1,-1.7,437.9,20
-4.1,-1.7,437.9,20
-4.1,-1.7,437.9,20
-4.3,-1.8,437.9,20
-4.3,-1.8,437.9,20
-4.3,-1.8,437.9,20
-4.3,-1.8,437.9,20
-4.3,-1.8,437.9,20
-4.3,-1.8,437.9,20
-4.3,-1.8,437.9,20
-4,-1.8,437.9,20
-4,-1.8,437.9,20
-4,-1.8,437.9,20
-4,-1.8,437.9,20
-4,-1.7,437.9,20
-4,-1.7,437.9,20
-4,-1.7,437.9,20
-4,-1.7,437.9,20
-4,-1.7,437.9,20
-4.2,-1.8,438,20
-4.2,-1.8,438,20
-4.2,-1.8,438,20
-4.1,-1.7,438,20
-4.1,-1.7,437.9,20
-4.1,-1.7,437.9,20
-4.1,-1.7,437.9,20
-4.1,-1.7,437.9,20
-4.1,-1.7,437.9,20
-4.1,-1.7,437.9,20
-4.1,-1.7,437.9,20
-4.1,-1.7,437.9,20
-4.1,-1.7,437.9,20
-4.1,-1.7,437.9,20
-4.3,-1.7,437.9,20
-4.3,-1.8,438,20
-4.3,-1.8,438,20
-4.3,-1.8,438,20
-4.3,-1.8,438,20
-4,-1.7,438,20
-4,-1.7,437.9,20
-4,-1.7,437.9,20
-4,-1.7,437.9,20
-4.2,-1.7,437.9,20
-4.2,-1.7,437.9,20
-4.2,-1.7,437.9,20
-4.1,-1.7,437.9,20
-4.1,-1.7,437.9,20
-4.1,-1.7,437.9,20
-4.1,-1.7,437.9,20
-4.1,-1.7,437.9,20
-4.1,-1.7,437.9,20
-4.1,-1.7,437.9,20
-4.1,-1.7,437.9,20
-4.3,-1.8,438,20
-4.3,-1.8,438,20
-4.3,-1.8,438,20
-4.3,-1.8,438,20
-4.3,-1.9,438,20
-4.3,-1.9,438,20
-4.3,-1.9,438,20
-4.3,-1.9,438,20
-4.1,-1.7,438,20
-4.1,-1.7,438,20
-4.1,-1.7,438,20
-4.1,-1.7,438,20
-4.1,-1.7,438,20
-4.1,-1.7,437.9,20
-4.1,-1.7,437.9,20
-4.1,-1.7,437.9,20
-4.3,-1.8,438,20
-4.3,-1.8,438,20
-4.3,-1.8,438,20
-4,-1.7,437.9,20
-4,-1.7,437.9,20
-4,-1.7,437.9,20
-4,-1.7,437.9,20
-4.1,-1.7,437.9,20
-4.1,-1.7,437.9,20
-4.1,-1.7,437.9,20
-4.1,-1.7,437.9,20
-4.1,-1.7,438,20
-4.1,-1.7,438,20
-4.2,-1.7,438,20
-4.2,-1.8,438,20
-4.2,-1.8,438,20
-4.2,-1.8,438,20
-4,-1.7,437.9,20
-4,-1.7,437.9,20
-4,-1.7,437.9,20
-4,-1.7,437.9,20
-4.2,-1.7,438,20
-4.2,-1.7,438,20
-4.2,-1.7,438,20
-4.2,-1.7,438,20
-4,-1.7,437.9,20
-4,-1.7,437.9,20
-4,-1.7,437.9,20
-4,-1.7,437.9,20
-4,-1.8,437.9,20
-4,-1.8,437.9,20
-4,-1.8,437.9,20
-4,-1.8,437.9,20
-4.2,-1.8,437.9,20
-4.2,-1.8,438,20
-4.2,-1.8,438,20
-4.2,-1.8,438,20
-4.2,-1.8,438,20
-4.2,-1.8,438,20
-4.2,-1.8,438,20
-4.2,-1.8,438,20
-4,-1.8,438,20
-4,-1.8,438,20
-4,-1.8,438,20
-4,-1.8,438,20
-4,-1.8,438,20
-4,-1.8,438,20
-4,-1.8,438,20
-4,-1.8,438,20
-4.3,-1.8,438,20
-4.3,-1.8,438,20
-4.3,-1.8,438,20
-4.3,-1.8,438,20
-4.2,-1.8,438,20
-4.2,-1.8,438,20
-4.2,-1.8,438,20
-4.2,-1.8,438,20
-4.4,-1.8,438,20
-4.4,-1.7,438,20
-4.4,-1.7,438,20
-4.4,-1.7,438,20
-4.3,-1.8,438,20
-4.3,-1.8,438,20
-4.3,-1.8,438,20
-4.3,-1.8,438,20
-4.2,-1.8,438,20
-4.2,-1.8,438,20
-4.2,-1.8,438,20
-4.1,-1.7,438,20
-4.1,-1.7,438,20
-4.1,-1.7,438,20
-4.1,-1.7,438,20
-4.1,-1.7,438,20
-4.1,-1.7,438,20
-4.1,-1.7,438,20
-4.3,-1.7,438,20
-4.3,-1.7,438,20
-4.3,-1.7,438,20
-4.3,-1.7,438,20
-4.2,-1.7,438,20
-4.2,-1.7,438,20
-4.2,-1.7,438,20
-4.2,-1.7,438,20
-4.1,-1.7,438,20
-4.1,-1.7,438,20
-4.1,-1.7,438,20
-4.1,-1.7,438,20
-4.2,-1.8,438,20
-4.2,-1.8,438,20
-4.2,-1.8,438,20
-4,-1.8,438,20
-4,-1.8,438,20
-4,-1.8,438,20
-4.1,-1.8,438,20
-4.1,-1.7,438,20
-4.1,-1.7,438,20
-4.1,-1.7,438,20
-4.3,-1.7,438,20
-4.3,-1.7,438,20
-4.3,-1.7,438,20
-4.3,-1.7,438,20
-4.1,-1.7,438,20
-4.1,-1.7,438.1,20
-4.1,-1.7,438.1,20
-4.1,-1.7,438.1,20
-4.3,-1.7,438.1,20
-4.3,-1.7,438,20
-4.3,-1.7,438,20
-4.3,-1.7,438,20
-4.2,-1.7,438,20
-4.2,-1.7,438,20
-4.2,-1.7,438,20
-4.2,-1.7,438,20
-4.2,-1.7,438,20
-4.2,-1.7,438,20
-4.2,-1.7,438,20
-4.2,-1.7,438,20
-4.2,-1.7,438,20
-4,-1.7,438,20
-4,-1.7,438,20
-4,-1.7,438,20
-4.2,-1.8,438,20
-4.2,-1.8,438,20
-4.2,-1.8,438,20
-4.2,-1.8,438,20
-4.3,-1.7,438,20
-4.3,-1.7,438,20
-4.3,-1.7,438,20
-4.3,-1.7,438,20
-4.2,-1.7,438,20
-4.2,-1.7,438,20
-4.2,-1.7,438,20
-4.3,-1.7,438,20
-4.3,-1.8,438.1,20
-4.3,-1.8,438.1,20
-4.3,-1.8,438.1,20
-4.3,-1.8,438.1,20
-4.1,-1.7,438.1,20
-4.3,-1.7,438.1,20
-4.3,-1.7,438.1,20
-4.3,-1.7,438.1,20
-4.1,-1.7,438.1,20
-4.1,-1.8,438.1,20
-4.1,-1.8,438.1,20
-4.1,-1.8,438.1,20
-4.2,-1.8,438.1,20
-4.2,-1.9,438.1,20
-4.2,-1.9,438.1,20
-4.2,-1.9,438.1,20
-4,-1.7,438.1,20
-4,-1.7,438,20
-4,-1.7,438,20
-4.1,-1.7,438,20
-4.1,-1.7,438.1,20
-4.1,-1.7,438.1,20
-4.1,-1.7,438.1,20
-4.2,-1.7,438.1,20
-4.2,-1.7,438,20
-4.2,-1.7,438,20
-4.2,-1.7,438,20
-4.1,-1.7,438,20
-4.1,-1.7,438,20
-4.1,-1.7,438,20
-4.1,-1.7,438,20
-4.2,-1.7,438,20
-4.2,-1.7,438,20
-4.2,-1.7,438,20
-4.2,-1.7,438,20
-4.1,-1.7,438.1,20
-4.1,-1.7,438.1,20
-4.1,-1.7,438.1,20
-4.3,-1.7,438.1,20
-4.3,-1.8,438.1,20
-4.3,-1.8,438.1,20
-4.3,-1.8,438.1,20
-4.3,-1.8,438.1,20
-4.3,-1.8,438.1,20
-4.3,-1.8,438.1,20
-4.3,-1.8,438.1,20
-4.3,-1.8,438.1,20
-4.2,-1.7,438.1,20
-4.2,-1.7,438.1,20
-4.2,-1.7,438.1,20
-4.3,-1.7,438.1,20
-4.3,-1.8,438.1,20
-4.3,-1.8,438.1,20
-4.3,-1.8,438.1,20
-4.2,-1.8,438.1,20
-4.2,-1.8,438.1,20
-4.2,-1.8,438.1,20
-4.2,-1.8,438.1,20
-4.2,-1.8,438.1,20
-4,-1.8,438.1,20
-4,-1.8,438.1,20
-4,-1.8,438.1,20
-4,-1.8,438.1,20
-4,-1.7,438.1,20
-4,-1.7,438.1,20
-4,-1.7,438.1,20
-4,-1.7,438.1,20
-4,-1.7,438.1,20
-4,-1.7,438.1,20
-4,-1.7,438.1,20
-4,-1.7,438.1,20
-3.9,-1.8,438.1,20
-3.9,-1.8,438.1,20
-3.9,-1.8,438.1,20
-3.9,-1.8,438.1,20
-4.2,-1.8,438.1,20
-4.2,-1.8,438.1,20
-4.2,-1.8,438.1,20
-4.2,-1.8,438.1,20
-4,-1.8,438.1,20
-4,-1.8,438.1,20
-4,-1.8,438.1,20
-4,-1.8,438.1,20
-4,-1.8,438.1,20
-4.3,-1.8,438.1,20
-4.3,-1.8,438.1,20
-4.3,-1.8,438.1,20
-4.3,-1.8,438.1,20
-4.3,-1.8,438.1,20
-4.3,-1.8,438.1,20
-4.3,-1.8,438.1,20
-4,-1.8,438.1,20
-4,-1.8,438.1,20
-4,-1.8,438.1,20
-4,-1.8,438.1,20
-4,-1.8,438.1,20
-4.3,-1.8,438.2,20
-4.3,-1.8,438.2,20
-4.3,-1.8,438.2,20
-4.3,-1.8,438.2,20
-4.3,-1.8,438.1,20
-4.3,-1.8,438.1,20
-4.3,-1.8,438.1,20
-4.3,-1.8,438.1,20
-4.1,-1.8,438.1,20
-4.1,-1.7,438.1,20
-4.1,-1.7,438.1,20
-4.1,-1.7,438.1,20
-4.2,-1.7,438.1,20
-4.2,-1.7,438.1,20
-4.2,-1.7,438.1,20
-4.2,-1.7,438.1,20
-4.1,-1.7,438.1,20
-4.1,-1.7,438.1,20
-4.1,-1.7,438.1,20
-4.1,-1.7,438.1,20
-4.2,-1.7,438.1,20
-4.2,-1.7,438.1,20
-4.2,-1.7,438.1,20
-4.2,-1.7,438.1,20
-4.1,-1.7,438.1,20
-4.1,-1.7,438.1,20
-4.1,-1.7,438.1,20
-4.1,-1.7,438.1,20
-4.1,-1.7,438.1,20
-4,-1.7,438.1,20
-4,-1.7,438.1,20
-4,-1.7,438.1,20
-4,-1.7,438.1,20
-4,-1.8,438.1,20
-4,-1.8,438.1,20
-4,-1.8,438.1,20
-4,-1.8,438.1,20
-4.3,-1.8,438.1,20
-4.3,-1.8,438.2,20
-4.3,-1.8,438.2,20
-4.3,-1.8,438.2,20
-4.3,-1.8,438.2,20
-4.1,-1.7,438.1,20
-4.1,-1.7,438.1,20
-4.1,-1.7,438.1,20
-4.1,-1.7,438.1,20
-4,-1.7,438.1,20
-4,-1.8,438.1,20
-4,-1.8,438.1,20
-4,-1.8,438.1,20
-4,-1.8,438.1,20
-4,-1.8,438.1,20
-4,-1.8,438.1,20
-4,-1.8,438.1,20
-4,-1.8,438.1,20
-4.3,-1.8,438.2,20
-4.3,-1.8,438.2,20
-4.3,-1.8,438.2,20
-4.3,-1.8,438.2,20
-4.3,-1.8,438.2,20
-4.3,-1.7,438.2,20
-4.3,-1.7,438.2,20
-4.3,-1.7,438.2,20
-4.3,-1.8,438.2,20
-4.3,-1.8,438.2,20
-4.3,-1.8,438.2,20
-4.3,-1.8,438.2,20
-4.3,-1.8,438.2,20
-4,-1.8,438.2,20
-4,-1.8,438.1,20
-4,-1.8,438.1,20
-4,-1.8,438.1,20
-4.1,-1.8,438.1,20
-4.1,-1.8,438.2,20
-4.1,-1.8,438.2,20
-4.1,-1.8,438.2,20
-4.1,-1.8,438.2,20
-4.3,-1.9,438.2,20
-4.3,-1.9,438.2,20
-4.3,-1.9,438.2,20
-4.3,-1.9,438.2,20
-4.3,-1.7,438.2,20
-4.3,-1.7,438.2,20
-4.3,-1.7,438.2,20
-4.3,-1.7,438.2,20
-4.3,-1.7,438.2,20
-4,-1.7,438.2,20
-4,-1.7,438.1,20
-4,-1.7,438.1,20
-4,-1.7,438.1,20
-4,-1.7,438.1,20
-4,-1.7,438.1,20
-4,-1.7,438.1,20
-4,-1.7,438.1,20
-4,-1.7,438.1,20
-4.3,-1.8,438.2,20
-4.3,-1.8,438.2,20
-4.3,-1.8,438.2,20
-4.3,-1.8,438.2,20
-4.3,-1.8,438.2,20
-4.3,-1.8,438.2,20
-4.3,-1.8,438.2,20
-4.3,-1.8,438.2,20
-4.3,-1.8,438.2,20
-4.3,-1.8,438.2,20
-4.3,-1.8,438.2,20
-4.3,-1.8,438.2,20
-4.3,-1.8,438.2,20
-4.3,-1.8,438.2,20
-4.3,-1.8,438.2,20
-4.3,-1.8,438.2,20
-4.3,-1.8,438.2,20
-4.3,-1.8,438.2,20
-4.3,-1.8,438.2,20
-4.3,-1.8,438.2,20
-4.1,-1.8,438.2,20
-4.1,-1.7,438.2,20
-4.1,-1.7,438.2,20
-4.1,-1.7,438.2,20
-4.1,-1.7,438.2,20
-4,-1.7,438.2,20
-4,-1.7,438.2,20
-4,-1.7,438.2,20
-4,-1.7,438.2,20
-4,-1.7,438.2,20
-4.4,-1.8,438.2,20
-4.4,-1.8,438.2,20
-4.4,-1.8,438.2,20
-4.4,-1.8,438.2,20
-4.2,-1.8,438.2,20
-4.2,-1.8,438.2,20
-4.2,-1.8,438.2,20
-4.2,-1.8,438.2,20
-4.2,-1.8,438.2,20
-4.2,-1.8,438.2,20
-4.2,-1.8,438.2,20
-4.2,-1.8,438.2,20
-4.2,-1.8,438.2,20
-4.1,-1.7,438.2,20
-4.1,-1.7,438.2,20
-4.1,-1.7,438.2,20
-4.1,-1.7,438.2,20
-4.1,-1.8,438.2,20
-4.1,-1.8,438.2,20
-4.1,-1.8,438.2,20
-4.1,-1.8,438.2,20
-4.1,-1.8,438.2,20
-4.2,-1.8,438.2,20
-4.2,-1.8,438.2,20
-4.2,-1.8,438.2,20
-4.2,-1.8,438.2,20
-4,-1.7,438.2,20
-4,-1.7,438.2,20
-4,-1.7,438.2,20
-4,-1.7,438.2,20
-4,-1.7,438.2,20
-4,-1.7,438.2,20
-4,-1.7,438.2,20
-4,-1.7,438.2,20
-4.2,-1.7,438.2,20
-4.2,-1.7,438.2,20
-4.2,-1.7,438.2,20
-4.2,-1.7,438.2,20
-4,-1.7,438.2,20
-4,-1.7,438.2,20
-4,-1.7,438.2,20
-4,-1.7,438.2,20
-4,-1.7,438.2,20
-4.2,-1.8,438.3,20
-4.2,-1.8,438.3,20
-4.2,-1.8,438.3,20
-4.2,-1.8,438.3,20
-4.3,-1.8,438.3,20
-4.3,-1.8,438.3,20
-4.3,-1.8,438.3,20
-4.3,-1.8,438.3,20
-4.2,-1.8,438.3,20
-4.2,-1.7,438.3,20
-4.2,-1.7,438.3,20
-4.2,-1.7,438.3,20
-4.2,-1.7,438.3,20
-4.2,-1.7,438.2,20
-4.2,-1.7,438.2,20
-4.2,-1.7,438.2,20
-4.2,-1.7,438.2,20
-4,-1.8,438.2,20
-4,-1.8,438.3,20
-4,-1.8,438.3,20
-4,-1.8,438.3,20
-4.2,-1.8,438.3,20
-4.2,-1.8,438.3,20
-4.2,-1.8,438.3,20
-4.2,-1.8,438.3,20
-4.2,-1.8,438.3,20
-4.3,-1.7,438.3,20
-4.3,-1.7,438.3,20
-4.3,-1.7,438.3,20
-4.3,-1.7,438.3,20
-4.2,-1.7,438.3,20
-4.2,-1.7,438.2,20
-4.2,-1.7,438.2,20
-4.2,-1.7,438.2,20
-4.2,-1.7,438.2,20
-4,-1.7,438.2,20
-4,-1.7,438.2,20
-4,-1.7,438.2,20
-4,-1.7,438.2,20
-4,-1.7,438.2,20
-4,-1.7,438.2,20
-4,-1.7,438.2,20
-4.1,-1.8,438.3,20
-4.1,-1.8,438.3,20
-4.1,-1.8,438.3,20
-4.1,-1.8,438.3,20
-4.3,-1.8,438.3,20
-4.3,-1.8,438.3,20
-4.3,-1.8,438.3,20
-4.3,-1.8,438.3,20
-4.3,-1.8,438.3,20
-4.3,-1.8,438.3,20
-4.3,-1.8,438.3,20
-4.3,-1.8,438.3,20
-4.2,-1.7,438.3,20
-4.2,-1.7,438.3,20
-4.2,-1.7,438.3,20
-4.2,-1.7,438.3,20
-4.2,-1.7,438.3,20
-4,-1.8,438.3,20
-4,-1.8,438.3,20
-4,-1.8,438.3,20
-4,-1.8,438.3,20
-4,-1.8,438.3,20
-4,-1.8,438.3,20
-4,-1.8,438.3,20
-4,-1.8,438.3,20
-4.3,-1.9,438.3,20
-4.3,-1.9,438.3,20
-4.3,-1.9,438.3,20
-4.3,-1.9,438.3,20
-4.3,-1.8,438.3,20
-4.3,-1.8,438.3,20
-4.3,-1.8,438.3,20
-4.3,-1.8,438.3,20
-4.3,-1.8,438.3,20
-4.3,-1.8,438.3,20
-4.3,-1.8,438.3,20
-4.3,-1.8,438.3,20
-4.3,-1.8,438.3,20
-4.2,-1.7,438.3,20
-4.2,-1.7,438.3,20
-4.2,-1.7,438.3,20
-4.2,-1.7,438.3,20
-4.1,-1.8,438.3,20
-4.1,-1.8,438.3,20
-4.1,-1.8,438.3,20
-4.1,-1.8,438.3,20
-4,-1.8,438.3,20
-4,-1.8,438.3,20
-4,-1.8,438.3,20
-4,-1.8,438.3,20
-4,-1.7,438.3,20
-4,-1.7,438.3,20
-4,-1.7,438.3,20
-4.3,-1.8,438.3,20
-4.3,-1.8,438.3,20
-4.3,-1.8,438.3,20
-4.3,-1.8,438.3,20
-4.3,-1.8,438.3,20
-4.3,-1.8,438.3,20
-4.3,-1.8,438.3,20
-4.3,-1.8,438.3,20
-4.2,-1.8,438.3,20
-4.2,-1.7,438.3,20
-4.2,-1.7,438.3,20
-4.2,-1.7,438.3,20
-4.2,-1.7,438.3,20
-4.2,-1.8,438.3,20
-4.2,-1.8,438.3,20
-4.2,-1.8,438.3,20
-4.2,-1.8,438.3,20
-4,-1.7,438.3,20
-4,-1.7,438.3,20
-4,-1.7,438.3,20
-4,-1.7,438.3,20
-4.3,-1.7,438.3,20
-4.3,-1.9,438.3,20
-4.3,-1.9,438.3,20
-4.3,-1.9,438.3,20
-4.3,-1.9,438.3,20
-4.3,-1.8,438.4,20
-4.3,-1.8,438.4,20
-4.3,-1.8,438.4,20
-4.3,-1.8,438.4,20
-4.4,-1.7,438.3,20
-4.4,-1.7,438.3,20
-4.4,-1.7,438.3,20
-4.4,-1.7,438.3,20
-4.2,-1.7,438.3,20
-4.2,-1.7,438.3,20
-4.2,-1.7,438.3,20
-4.2,-1.7,438.3,20
-4.1,-1.7,438.3,20
-4.1,-1.7,438.3,20
-4.1,-1.7,438.3,20
-4.1,-1.7,438.3,20
-4.1,-1.7,438.3,20
-4.1,-1.7,438.3,20
-4.1,-1.7,438.3,20
-4.1,-1.7,438.3,20
-4,-1.7,438.3,20
-4,-1.7,438.3,20
-4,-1.7,438.3,20
-4,-1.7,438.3,20
-4.1,-1.7,438.3,20
-4.1,-1.7,438.3,20
-4.1,-1.7,438.3,20
-4.1,-1.7,438.3,20
-4.1,-1.7,438.3,20
-4.1,-1.7,438.3,20
-4.1,-1.7,438.3,20
-4.1,-1.7,438.3,20
-4.1,-1.7,438.3,20
-4.1,-1.7,438.3,20
-4.1,-1.7,438.3,20
-4.1,-1.7,438.3,20
-4,-1.7,438.3,20
-4,-1.8,438.3,20
-4,-1.8,438.3,20
-4,-1.8,438.3,20
-4,-1.7,438.3,20
-4,-1.7,438.3,20
-4,-1.7,438.3,20
-4,-1.7,438.3,20
-4,-1.7,438.3,20
-4.3,-1.8,438.4,20
-4.3,-1.8,438.4,20
-4.3,-1.8,438.4,20
-4.3,-1.8,438.4,20
-4.3,-1.8,438.4,20
-4.3,-1.8,438.4,20
-4.3,-1.8,438.4,20
-4.3,-1.8,438.4,20
-4.3,-1.8,438.4,20
-4.2,-1.7,438.4,20
-4.2,-1.7,438.3,20
-4.2,-1.7,438.3,20
-4.2,-1.7,438.3,20
-4,-1.7,438.3,20
-4,-1.7,438.4,20
-4,-1.7,438.4,20
-4,-1.7,438.4,20
-4,-1.7,438.4,20
-4.3,-1.8,438.4,20
-4.3,-1.8,438.4,20
-4.3,-1.8,438.4,20
-4.3,-1.8,438.4,20
-4.3,-1.8,438.4,20
-4.3,-1.8,438.4,20
-4.3,-1.8,438.4,20
-4.3,-1.8,438.4,20
-4.3,-1.8,438.4,20
-4.3,-1.8,438.4,20
-4.3,-1.8,438.4,20
-4.3,-1.8,438.4,20
-4.4,-1.8,438.4,20
-4.4,-1.8,438.4,20
-4.4,-1.8,438.4,20
-4.4,-1.8,438.4,20
-4.3,-1.9,438.4,20
-4.3,-1.9,438.4,20
-4.3,-1.9,438.4,20
-4.3,-1.9,438.4,20
-4.2,-1.9,438.4,20
-4.2,-1.7,438.3,20
-4.2,-1.7,438.3,20
-4.2,-1.7,438.3,20
-4.2,-1.7,438.3,20
-4,-1.7,438.3,20
-4,-1.7,438.3,20
-4,-1.7,438.3,20
-4,-1.7,438.3,20
-4.2,-1.7,438.3,20
-4.2,-1.9,438.4,20
-4.2,-1.9,438.4,20
-4.2,-1.9,438.4,20
-4.2,-1.9,438.4,20
-4.4,-1.7,438.4,20
-4.4,-1.7,438.4,20
-4.4,-1.7,438.4,20
-4.4,-1.7,438.4,20
-4.2,-1.7,438.4,20
-4.2,-1.7,438.4,20
-4.2,-1.7,438.4,20
-4.2,-1.7,438.4,20
-4.1,-1.7,438.4,20
-4.1,-1.7,438.4,20
-4.1,-1.7,438.4,20
-4.1,-1.7,438.4,20
-4.1,-1.7,438.4,20
-4,-1.7,438.4,20
-4,-1.7,438.4,20
-4,-1.7,438.4,20
-4,-1.7,438.4,20
-4.2,-1.8,438.4,20
-4.2,-1.8,438.4,20
-4.2,-1.8,438.4,20
-4.2,-1.8,438.4,20
-4.3,-1.8,438.4,20
-4.3,-1.8,438.4,20
-4.3,-1.8,438.4,20
-4.3,-1.8,438.4,20
-4.3,-1.8,438.4,20
-4.3,-1.8,438.4,20
-4.3,-1.8,438.4,20
-4.3,-1.8,438.4,20
-4.4,-1.8,438.4,20
-4.4,-1.8,438.4,20
-4.4,-1.8,438.4,20
-4.4,-1.8,438.4,20
-4.3,-1.8,438.4,20
-4.3,-1.8,438.4,20
-4.3,-1.8,438.4,20
-4.3,-1.8,438.4,20
-4.3,-1.8,438.4,20
-4.3,-1.8,438.4,20
-4.3,-1.8,438.4,20
-4.3,-1.8,438.4,20
-4.3,-1.8,438.4,20
-4.3,-1.7,438.4,20
-4.3,-1.7,438.4,20
-4.3,-1.7,438.4,20
-4.3,-1.7,438.4,20
-4.1,-1.7,438.4,20
-4.1,-1.7,438.4,20
-4.1,-1.7,438.4,20
-4.1,-1.7,438.4,20
-4,-1.7,438.4,20
-4,-1.8,438.4,20
-4,-1.8,438.4,20
-4,-1.8,438.4,20
-4,-1.8,438.4,20
-4.4,-1.8,438.4,20
-4.4,-1.7,438.4,20
-4.4,-1.7,438.4,20
-4.4,-1.7,438.4,20
-4.4,-1.7,438.4,20
-4,-1.7,438.4,20
-4,-1.8,438.4,20
-4,-1.8,438.4,20
-4,-1.8,438.4,20
-4,-1.8,438.4,20
-4.2,-1.8,438.4,20
-4.2,-1.8,438.4,20
-4.2,-1.8,438.4,20
-4.2,-1.8,438.4,20
-4.3,-1.8,438.4,20
-4.3,-1.8,438.4,20
-4.3,-1.8,438.4,20
-4.3,-1.8,438.4,20
-4.3,-1.8,438.4,20
-4.3,-1.8,438.5,20
-4.3,-1.8,438.5,20
-4.3,-1.8,438.5,20
-4.3,-1.8,438.5,20
-4.2,-1.7,438.4,20
-4.2,-1.7,438.4,20
-4.2,-1.7,438.4,20
-4.2,-1.7,438.4,20
-4.1,-1.7,438.4,20
-4.1,-1.7,438.4,20
-4.1,-1.7,438.4,20
-4.2,-1.7,438.4,20
-4.2,-1.7,438.4,20
-4.2,-1.7,438.4,20
-4.2,-1.7,438.4,20
-4.2,-1.7,438.4,20
-4.2,-1.7,438.4,20
-4.2,-1.7,438.4,20
-4.2,-1.7,438.4,20
-4.3,-1.9,438.4,20
-4.3,-1.9,438.5,20
-4.3,-1.9,438.5,20
-4.3,-1.9,438.5,20
-4.3,-1.9,438.5,20
-4.1,-1.8,438.4,20
-4.1,-1.8,438.4,20
-4.1,-1.8,438.4,20
-4.3,-1.8,438.4,20
-4.3,-1.8,438.5,20
-4.3,-1.8,438.5,20
-4.3,-1.8,438.5,20
-4.3,-1.8,438.5,20
-4.1,-1.7,438.5,20
-4.1,-1.7,438.4,20
-4.1,-1.7,438.4,20
-4.1,-1.7,438.4,20
-4.1,-1.7,438.4,20
-4.1,-1.7,438.4,20
-4.1,-1.7,438.4,20
-4.1,-1.7,438.4,20
-4,-1.7,438.4,20
-4,-1.7,438.4,20
-4,-1.7,438.4,20
-4,-1.7,438.4,20
-4,-1.7,438.4,20
-4.2,-1.8,438.5,20
-4.2,-1.8,438.5,20
-4.2,-1.8,438.5,20
-4.2,-1.8,438.5,20
-4.3,-1.8,438.5,20
-4.3,-1.8,438.5,20
-4.3,-1.8,438.5,20
-4.3,-1.8,438.5,20
-4.2,-1.8,438.5,20
-4.2,-1.7,438.5,20
-4.2,-1.7,438.5,20
-4.2,-1.7,438.5,20
-4.2,-1.7,438.5,20
-4.2,-1.7,438.4,20
-4.2,-1.7,438.4,20
-4.2,-1.7,438.4,20
-4.2,-1.7,438.4,20
-4.2,-1.7,438.4,20
-4.2,-1.7,438.4,20
-4.2,-1.7,438.4,20
-4.3,-1.8,438.5,20
-4.3,-1.8,438.5,20
-4.3,-1.8,438.5,20
-4.3,-1.8,438.5,20
-4.2,-1.8,438.5,20
-4.2,-1.8,438.5,20
-4.2,-1.8,438.5,20
-4.2,-1.8,438.5,20
-4.2,-1.8,438.5,20
-4.2,-1.8,438.5,20
-4.1,-1.8,438.4,20
-4.1,-1.8,438.4,20
-4.1,-1.8,438.4,20
-4.4,-1.8,438.4,20
-4.4,-1.8,438.5,20
-4.4,-1.8,438.5,20
-4.4,-1.8,438.5,20
-4.4,-1.8,438.5,20
-4.1,-1.7,438.5,20
-4.1,-1.7,438.5,20
-4.1,-1.7,438.5,20
-4.1,-1.7,438.5,20
-4.1,-1.7,438.5,20
-4.1,-1.7,438.5,20
-4.1,-1.7,438.5,20
-4.1,-1.7,438.5,20
-4,-1.7,438.5,20
-4,-1.7,438.4,20
-4,-1.7,438.4,20
-4,-1.7,438.4,20
-4.1,-1.7,438.4,20
-4.1,-1.8,438.4,20
-4.1,-1.8,438.4,20
-4.1,-1.8,438.4,20
-4.1,-1.8,438.4,20
-4.2,-1.9,438.5,20
-4.2,-1.9,438.5,20
-4.2,-1.9,438.5,20
-4.2,-1.9,438.5,20
-4.2,-1.8,438.5,20
-4.2,-1.8,438.5,20
-4.2,-1.8,438.5,20
-4.2,-1.8,438.5,20
-4.2,-1.8,438.5,20
-4.2,-1.8,438.5,20
-4.2,-1.8,438.5,20
-4.2,-1.8,438.5,20
-4.3,-1.8,438.5,20
-4.3,-1.8,438.5,20
-4.3,-1.8,438.5,20
-4.1,-1.7,438.5,20
-4.1,-1.7,438.5,20
-4.1,-1.7,438.5,20
-4.1,-1.7,438.5,20
-4.1,-1.7,438.5,20
-4.1,-1.7,438.5,20
-4.1,-1.7,438.5,20
-4.1,-1.7,438.5,20
-4.1,-1.7,438.5,20
-4.1,-1.7,438.5,20
-4.1,-1.7,438.5,20
-4.1,-1.7,438.5,20
-4.2,-1.7,438.5,20
-4.2,-1.7,438.5,20
-4.2,-1.7,438.5,20
-4.2,-1.7,438.5,20
-4.1,-1.8,438.5,20
-4.1,-1.8,438.5,20
-4.1,-1.8,438.5,20
-4.1,-1.8,438.5,20
-4,-1.7,438.5,20
-4,-1.7,438.5,20
-4,-1.7,438.5,20
-4,-1.7,438.5,20
-4,-1.7,438.5,20
-4.3,-1.8,438.5,20
-4.3,-1.8,438.5,20
-4.3,-1.8,438.5,20
-4.1,-1.8,438.5,20
-4.1,-1.8,438.5,20
-4.1,-1.8,438.5,20
-4.1,-1.8,438.5,20
-4.1,-1.8,438.5,20
-4.1,-1.8,438.5,20
-4.1,-1.8,438.5,20
-4.1,-1.8,438.5,20
-4.1,-1.8,438.5,20
-4.4,-1.8,438.5,20
-4.4,-1.8,438.5,20
-4.4,-1.8,438.5,20
-4.4,-1.8,438.5,20
-4.3,-1.8,438.5,20
-4.3,-1.8,438.5,20
-4.3,-1.8,438.5,20
-4.3,-1.8,438.5,20
-4.4,-1.8,438.5,20
-4.4,-1.8,438.5,20
-4.4,-1.8,438.5,20
-4.4,-1.8,438.5,20
-4.3,-1.8,438.6,20
-4.3,-1.8,438.6,20
-4.3,-1.8,438.6,20
-4.2,-1.8,438.6,20
-4.2,-1.9,438.5,20
-4.2,-1.9,438.5,20
-4.1,-1.9,438.5,20
-4.1,-1.7,438.5,20
-4.1,-1.7,438.5,20
-4.1,-1.7,438.5,20
-4.1,-1.7,438.5,20
-4.1,-1.7,438.5,20
-4.1,-1.7,438.5,20
-4.1,-1.7,438.5,20
-4.2,-1.8,438.5,20
-4.2,-1.8,438.5,20
-4.2,-1.8,438.5,20
-4.2,-1.8,438.5,20
-4.1,-1.8,438.5,20
-4.1,-1.7,438.5,20
-4.1,-1.7,438.5,20
-4.1,-1.7,438.5,20
-4.1,-1.7,438.5,20
-4.1,-1.7,438.5,20
-4.1,-1.7,438.5,20
-4.1,-1.7,438.5,20
-4,-1.7,438.5,20
-4,-1.7,438.5,20
-4,-1.7,438.5,20
-4,-1.7,438.5,20
-4.1,-1.7,438.5,20
-4.1,-1.8,438.6,20
-4.1,-1.8,438.6,20
-4.1,-1.8,438.6,20
-4.1,-1.8,438.6,20
-4.2,-1.7,438.6,20
-4.2,-1.7,438.5,20
-4.2,-1.7,438.5,20
-4.2,-1.7,438.5,20
-4.2,-1.7,438.5,20
-4.2,-1.8,438.5,20
-4.2,-1.8,438.5,20
-4.2,-1.8,438.5,20
-4.2,-1.8,438.5,20
-4.1,-1.7,438.5,20
-4.1,-1.7,438.5,20
-4.1,-1.7,438.5,20
-4.2,-1.7,438.5,20
-4.2,-1.7,438.5,20
-4.2,-1.7,438.5,20
-4.2,-1.7,438.5,20
-4.2,-1.7,438.5,20
-4.1,-1.8,438.5,20
-4.1,-1.8,438.6,20
-4.1,-1.8,438.6,20
-4.1,-1.8,438.6,20
-4,-1.7,438.5,20
-4,-1.7,438.5,20
-4,-1.7,438.5,20
-4,-1.7,438.5,20
-4.1,-1.7,438.5,20
-4.1,-1.7,438.5,20
-4.1,-1.7,438.5,20
-4,-1.7,438.5,20
-4,-1.7,438.5,20
-4,-1.7,438.5,20
-4,-1.7,438.5,20
-4.2,-1.7,438.5,20
-4.2,-1.7,438.5,20
-4.2,-1.7,438.5,20
-4.2,-1.7,438.5,20
-4.2,-1.7,438.5,20
-4.2,-1.7,438.5,20
-4.2,-1.7,438.5,20
-4.2,-1.7,438.5,20
-4.1,-1.7,438.5,20
-4.1,-1.7,438.5,20
-4.1,-1.7,438.5,20
-4.1,-1.7,438.5,20
-4.1,-1.7,438.5,20
-4.1,-1.7,438.5,20
-4.1,-1.7,438.5,20
-4.1,-1.7,438.5,20
-4.1,-1.7,438.5,20
-4.1,-1.7,438.5,20
-4.1,-1.7,438.5,20
-4.1,-1.7,438.5,20
-4.1,-1.7,438.5,20
-4.1,-1.7,438.6,20
-4.1,-1.7,438.6,20
-4.1,-1.7,438.6,20
-4.1,-1.7,438.6,20
-4.1,-1.7,438.6,20
-4.1,-1.7,438.6,20
-4.1,-1.7,438.6,20
-4.2,-1.7,438.5,20
-4.2,-1.7,438.5,20
-4.2,-1.7,438.5,20
-4.2,-1.7,438.5,20
-4.1,-1.7,438.5,20
-4.1,-1.7,438.6,20
-4.1,-1.7,438.6,20
-4.1,-1.7,438.6,20
-4.1,-1.7,438.6,20
-4.2,-1.7,438.6,20
-4.2,-1.7,438.6,20
-4.2,-1.7,438.6,20
-4.1,-1.7,438.6,20
-4.1,-1.7,438.6,20
-4.1,-1.7,438.6,20
-4.2,-1.7,438.6,20
-4.2,-1.7,438.6,20
-4.2,-1.7,438.6,20
-4.2,-1.7,438.6,20
-4.2,-1.7,438.6,20
-4,-1.7,438.6,20
-4,-1.7,438.6,20
-4,-1.7,438.6,20
-4,-1.7,438.6,20
-4.1,-1.7,438.6,20
-4.1,-1.7,438.6,20
-4.1,-1.7,438.6,20
-4.1,-1.7,438.6,20
-4,-1.7,438.6,20
-4,-1.7,438.6,20
-4,-1.7,438.6,20
-4,-1.7,438.6,20
-4.1,-1.7,438.6,20
-4.1,-1.7,438.6,20
-4.1,-1.7,438.6,20
-4.1,-1.7,438.6,20
-4.1,-1.7,438.6,20
-4.1,-1.7,438.6,20
-4.1,-1.7,438.6,20
-4.1,-1.7,438.6,20
-4,-1.7,438.6,20
-4,-1.7,438.6,20
-4,-1.7,438.6,20
-4,-1.7,438.6,20
-4,-1.7,438.6,20
-4,-1.7,438.6,20
-4,-1.7,438.6,20
-4,-1.7,438.6,20
-4,-1.8,438.6,20
-4,-1.8,438.6,20
-4,-1.8,438.6,20
-4,-1.8,438.6,20
-4,-1.7,438.6,20
-4,-1.7,438.6,20
-4,-1.7,438.6,20
-4,-1.7,438.6,20
-4,-1.8,438.6,20
-4,-1.8,438.6,20
-4,-1.8,438.6,20
-4,-1.8,438.6,20
-4.3,-1.8,438.6,20
-4.3,-1.8,438.7,20
-4.3,-1.8,438.7,20
-4.3,-1.8,438.7,20
-4.3,-1.8,438.7,20
-4.3,-1.8,438.7,20
-4.3,-1.8,438.7,20
-4.3,-1.8,438.7,20
-4.3,-1.8,438.7,20
-4,-1.7,438.7,20
-4,-1.7,438.6,20
-4,-1.7,438.6,20
-4,-1.7,438.6,20
-4.2,-1.8,438.6,20
-4.2,-1.8,438.6,20
-4.2,-1.8,438.6,20
-4.2,-1.8,438.6,20
-4.3,-1.7,438.7,20
-4.3,-1.7,438.7,20
-4.3,-1.7,438.7,20
-4.3,-1.7,438.7,20
-4.3,-1.8,438.6,20
-4.3,-1.8,438.6,20
-4.3,-1.8,438.6,20
-4.2,-1.8,438.6,20
-4.2,-1.8,438.7,20
-4.2,-1.8,438.7,20
-4.2,-1.8,438.7,20
-4.1,-1.8,438.6,20
-4.1,-1.8,438.6,20
-4.1,-1.8,438.6,20
-4,-1.8,438.6,20
-4,-1.7,438.6,20
-4,-1.7,438.6,20
-4,-1.7,438.6,20
-4.2,-1.7,438.6,20
-4.2,-1.7,438.6,20
-4.2,-1.7,438.6,20
-4.2,-1.7,438.6,20
-4.1,-1.7,438.6,20
-4.1,-1.7,438.6,20
-4.1,-1.7,438.6,20
-4.1,-1.7,438.6,20
-4.1,-1.7,438.6,20
-4.2,-1.8,438.6,20
-4.2,-1.8,438.7,20
-4.2,-1.8,438.7,20
-4.2,-1.8,438.7,20
-4.3,-1.9,438.7,20
-4.3,-1.9,438.7,20
-4.3,-1.9,438.7,20
-4.3,-1.9,438.7,20
-4.4,-1.9,438.7,20
-4.4,-1.8,438.7,20
-4.4,-1.8,438.7,20
-4.4,-1.8,438.7,20
-4.4,-1.8,438.7,20
-4.2,-1.7,438.6,20
-4.2,-1.7,438.6,20
-4.2,-1.7,438.6,20
-4.3,-1.8,438.7,20
-4.3,-1.8,438.7,20
-4.3,-1.8,438.7,20
-4.1,-1.7,438.6,20
-4.1,-1.7,438.6,20
-4.1,-1.7,438.6,20
-4.1,-1.7,438.6,20
-4,-1.7,438.6,20
-4,-1.7,438.6,20
-4,-1.7,438.6,20
-4,-1.7,438.6,20
-4.2,-1.7,438.7,20
-4.2,-1.7,438.7,20
-4.2,-1.7,438.7,20
-4.3,-1.8,438.7,20
-4.3,-1.8,438.7,20
-4.3,-1.8,438.7,20
-4.3,-1.8,438.7,20
-4.2,-1.8,438.7,20
-4.2,-1.8,438.7,20
-4.2,-1.8,438.7,20
-4,-1.8,438.7,20
-4,-1.8,438.7,20
-4,-1.8,438.7,20
-4,-1.8,438.7,20
-4,-1.8,438.7,20
-4,-1.8,438.6,20
-4,-1.8,438.6,20
-4,-1.8,438.6,20
-4.1,-1.7,438.7,20
-4.1,-1.7,438.7,20
-4.1,-1.7,438.7,20
-4.1,-1.7,438.7,20
-4,-1.7,438.6,20
-4,-1.7,438.6,20
-4,-1.7,438.6,20
-4,-1.7,438.6,20
-4.1,-1.7,438.6,20
-4.1,-1.7,438.6,20
-4.1,-1.7,438.6,20
-4.1,-1.7,438.6,20
-4.2,-1.7,438.7,20
-4.2,-1.7,438.7,20
-4.2,-1.7,438.7,20
-4.2,-1.7,438.7,20
-4.2,-1.7,438.6,20
-4.2,-1.7,438.6,20
-4.2,-1.7,438.6,20
-4.2,-1.7,438.6,20
-4,-1.7,438.6,20
-4,-1.7,438.6,20
-4,-1.7,438.6,20
-4.3,-1.8,438.7,20
-4.3,-1.8,438.7,20
-4.3,-1.8,438.7,20
-4.1,-1.8,438.7,20
-4.1,-1.8,438.6,20
-4.1,-1.8,438.6,20
-4.1,-1.8,438.6,20
-4.1,-1.8,438.6,20
-4.1,-1.8,438.7,20
-4.1,-1.8,438.7,20
-4.1,-1.8,438.7,20
-4.1,-1.7,438.7,20
-4.1,-1.7,438.7,20
-4.1,-1.7,438.7,20
-4.1,-1.7,438.7,20
-4.1,-1.7,438.7,20
-4.1,-1.7,438.7,20
-4.1,-1.7,438.7,20
-4.2,-1.7,438.7,20
-4.2,-1.7,438.7,20
-4.2,-1.7,438.7,20
-4.2,-1.7,438.7,20
-4.2,-1.7,438.7,20
-4.2,-1.7,438.7,20
-4.2,-1.7,438.7,20
-4.2,-1.7,438.7,20
-4.2,-1.7,438.7,20
-4.2,-1.7,438.7,20
-4.2,-1.7,438.7,20
-4.2,-1.7,438.7,20
-4.3,-1.7,438.7,20
-4.3,-1.7,438.7,20
-4.3,-1.7,438.7,20
-4.3,-1.7,438.7,20
-4.2,-1.7,438.7,20
-4.2,-1.7,438.7,20
-4.2,-1.7,438.7,20
-4.2,-1.7,438.7,20
-4.4,-1.8,438.7,20
-4.4,-1.8,438.7,20
-4.4,-1.8,438.7,20
-4.1,-1.8,438.7,20
-4.1,-1.8,438.7,20
-4.1,-1.8,438.7,20
-4.1,-1.8,438.7,20
-4.1,-1.8,438.7,20
-4.2,-1.8,438.7,20
-4.2,-1.8,438.7,20
-4.2,-1.8,438.7,20
-4.3,-1.8,438.7,20
-4.3,-1.8,438.7,20
-4.3,-1.8,438.7,20
-4.3,-1.8,438.7,20
-4.2,-1.9,438.7,20
-4.2,-1.9,438.7,20
-4.2,-1.9,438.7,20
-4.2,-1.9,438.7,20
-4.3,-1.9,438.7,20
-4.3,-1.7,438.7,20
-4.3,-1.7,438.7,20
-4.3,-1.7,438.7,20
-4.2,-1.8,438.7,20
-4.2,-1.8,438.7,20
-4.2,-1.8,438.7,20
-4.2,-1.8,438.7,20
-4.3,-1.8,438.7,20
-4.3,-1.8,438.7,20
-4.3,-1.8,438.7,20
-4.1,-1.7,438.7,20
-4.1,-1.7,438.7,20
-4.1,-1.7,438.7,20
-4.1,-1.7,438.7,20
-4.1,-1.7,438.7,20
-4.1,-1.7,438.7,20
-4.1,-1.7,438.7,20
-4.1,-1.7,438.7,20
-4.2,-1.7,438.7,20
-4.2,-1.7,438.7,20
-4.2,-1.7,438.7,20
-4.3,-1.8,438.8,20
-4.3,-1.8,438.8,20
-4.3,-1.8,438.8,20
-4,-1.8,438.8,20
-4,-1.8,438.7,20
-4,-1.8,438.7,20
-4,-1.8,438.7,20
-4,-1.7,438.7,20
-4,-1.7,438.7,20
-4,-1.7,438.7,20
-4,-1.7,438.7,20
-4.1,-1.7,438.7,20
-4.1,-1.7,438.7,20
-4.1,-1.7,438.7,20
-4.1,-1.7,438.7,20
-4.1,-1.7,438.7,20
-4.1,-1.8,438.7,20
-4.1,-1.8,438.7,20
-4.1,-1.8,438.7,20
-4,-1.7,438.7,20
-4,-1.7,438.7,20
-4,-1.7,438.7,20
-4,-1.7,438.7,20
-4.2,-1.7,438.7,20
-4.2,-1.8,438.7,20
-4.2,-1.8,438.7,20
-4.2,-1.8,438.7,20
-4.1,-1.8,438.7,20
-4.1,-1.8,438.7,20
-4.1,-1.8,438.7,20
-4.1,-1.8,438.7,20
-4,-1.7,438.7,20
-4,-1.7,438.7,20
-4,-1.7,438.7,20
-4,-1.7,438.7,20
-4,-1.7,438.7,20
-4,-1.7,438.7,20
-4,-1.7,438.7,20
-4,-1.7,438.7,20
-4,-1.7,438.7,20
-4,-1.7,438.7,20
-4,-1.7,438.7,20
-4,-1.7,438.7,20
-4.1,-1.8,438.7,20
-4.1,-1.8,438.7,20
-4.1,-1.8,438.7,20
-4.1,-1.8,438.7,20
-4.1,-1.8,438.7,20
-4.1,-1.8,438.8,20
-4.1,-1.8,438.8,20
-4.1,-1.8,438.8,20
-4.2,-1.8,438.8,20
-4.2,-1.8,438.8,20
-4.2,-1.8,438.8,20
-4.2,-1.8,438.8,20
-4.2,-1.8,438.8,20
-4.2,-1.8,438.8,20
-4.2,-1.8,438.8,20
-4.2,-1.8,438.8,20
-4.1,-1.8,438.8,20
-4.1,-1.8,438.7,20
-4.1,-1.8,438.7,20
-4.1,-1.8,438.7,20
-4.3,-1.8,438.7,20
-4.3,-1.8,438.7,20
-4.3,-1.8,438.7,20
-4.3,-1.8,438.7,20
-4.3,-1.8,438.7,20
-4.2,-1.7,438.7,20
-4.2,-1.7,438.8,20
-4.2,-1.7,438.8,20
-4.2,-1.7,438.8,20
-4.2,-1.7,438.8,20
-4.2,-1.7,438.8,20
-4.2,-1.7,438.8,20
-4.2,-1.8,438.8,20
-4.2,-1.8,438.8,20
-4.2,-1.8,438.8,20
-4.2,-1.8,438.8,20
-4,-1.8,438.8,20
-4,-1.8,438.8,20
-4,-1.8,438.8,20
-4.1,-1.7,438.8,20
-4.1,-1.7,438.8,20
-4.1,-1.7,438.8,20
-4.1,-1.7,438.8,20
-4.1,-1.7,438.8,20
-4.1,-1.7,438.8,20
-4.1,-1.7,438.8,20
-4.1,-1.7,438.8,20
-4.1,-1.7,438.8,20
-4.1,-1.7,438.8,20
-4.1,-1.7,438.8,20
-4.1,-1.7,438.8,20
-4.2,-1.7,438.8,20
-4.2,-1.7,438.8,20
-4.2,-1.7,438.8,20
-4.2,-1.7,438.8,20
-4.1,-1.7,438.8,20
-4.1,-1.7,438.8,20
-4.1,-1.7,438.8,20
-4.1,-1.7,438.8,20
-4.2,-1.7,438.8,20
-4.2,-1.7,438.8,20
-4.2,-1.7,438.8,20
-4.2,-1.7,438.8,20
-4,-1.7,438.8,20
-4,-1.7,438.8,20
-4,-1.7,438.8,20
-4,-1.7,438.8,20
-4.1,-1.7,438.8,20
-4.1,-1.7,438.8,20
-4.1,-1.7,438.8,20
-4.1,-1.7,438.8,20
-4.1,-1.7,438.8,20
-4.2,-1.8,438.8,20
-4.2,-1.8,438.8,20
-4.2,-1.8,438.8,20
-4.2,-1.8,438.8,20
-4.3,-1.8,438.8,20
-4.3,-1.8,438.8,20
-4.3,-1.8,438.8,20
-4.3,-1.8,438.8,20
-4.2,-1.8,438.8,20
-4.2,-1.8,438.8,20
-4.2,-1.8,438.8,20
-4.2,-1.8,438.8,20
-4.3,-1.8,438.8,20
-4.3,-1.8,438.8,20
-4.3,-1.8,438.8,20
-4.1,-1.7,438.8,20
-4.1,-1.7,438.8,20
-4.1,-1.7,438.8,20
-4.1,-1.7,438.8,20
-4.1,-1.7,438.8,20
-4.1,-1.7,438.8,20
-4.1,-1.7,438.8,20
-4.1,-1.7,438.8,20
-4.2,-1.7,438.8,20
-4.2,-1.7,438.8,20
-4.2,-1.7,438.8,20
-4.2,-1.7,438.8,20
-4,-1.7,438.8,20
-4,-1.7,438.8,20
-4,-1.7,438.8,20
-4,-1.7,438.8,20
-4,-1.7,438.8,20
-4,-1.7,438.8,20
-4,-1.7,438.8,20
-4,-1.7,438.8,20
-4,-1.7,438.8,20
-4,-1.7,438.8,20
-4,-1.7,438.8,20
-4,-1.7,438.8,20
-4.2,-1.7,438.8,20
-4.2,-1.8,438.8,20
-4.2,-1.8,438.8,20
-4.2,-1.8,438.8,20
-4.1,-1.8,438.8,20
-4.1,-1.8,438.8,20
-4.1,-1.8,438.8,20
-4.1,-1.8,438.8,20
-4.1,-1.8,438.8,20
-4.3,-1.8,438.9,20
-4.3,-1.8,438.9,20
-4.3,-1.8,438.9,20
-4.3,-1.8,438.9,20
-4.4,-1.8,438.9,20
-4.4,-1.8,438.9,20
-4.4,-1.8,438.9,20
-4.4,-1.8,438.9,20
-4.4,-1.8,438.9,20
-4.4,-1.8,438.9,20
-4.4,-1.8,438.9,20
-4.4,-1.8,438.9,20
-4.2,-1.7,438.9,20
-4.2,-1.7,438.9,20
-4.2,-1.7,438.9,20
-4.2,-1.7,438.9,20
-4.3,-1.8,438.9,20
-4.3,-1.8,438.9,20
-4.3,-1.8,438.9,20
-4.3,-1.8,438.9,20
-4.3,-1.8,438.9,20
-4.3,-1.8,438.9,20
-4.3,-1.8,438.9,20
-4.1,-1.7,438.8,20
-4.1,-1.7,438.8,20
-4.1,-1.7,438.8,20
-4.1,-1.7,438.8,20
-4.1,-1.7,438.8,20
-4.1,-1.7,438.8,20
-4.1,-1.7,438.8,20
-4.1,-1.7,438.8,20
-4.1,-1.8,438.8,20
-4.1,-1.8,438.9,20
-4.1,-1.8,438.9,20
-4.1,-1.8,438.9,20
-4.3,-1.8,438.9,20
-4.3,-1.9,438.9,20
-4.3,-1.9,438.9,20
-4.3,-1.9,438.9,20
-4.3,-1.9,438.9,20
-4.3,-1.8,438.9,20
-4.3,-1.8,438.9,20
-4.3,-1.8,438.9,20
-4.3,-1.8,438.9,20
-4.2,-1.7,438.9,20
-4.2,-1.7,438.9,20
-4.2,-1.7,438.9,20
-4.2,-1.7,438.9,20
-4.3,-1.8,438.9,20
-4.3,-1.8,438.9,20
-4.3,-1.8,438.9,20
-4.3,-1.8,438.9,20
-4.3,-1.8,438.9,20
-4.3,-1.8,438.9,20
-4.3,-1.8,438.9,20
-4.3,-1.8,438.9,20
-4.3,-1.8,438.9,20
-4.3,-1.8,438.9,20
-4.3,-1.8,438.9,20
-4.2,-1.8,438.9,20
-4.2,-1.8,438.9,20
-4.2,-1.8,438.9,20
-4.2,-1.8,438.9,20
-4.3,-1.8,438.9,20
-4.3,-1.8,438.9,20
-4.3,-1.8,438.9,20
-4.3,-1.8,438.9,20
-4.3,-1.8,438.9,20
-4.3,-1.7,438.9,20
-4.3,-1.7,438.9,20
-4.3,-1.7,438.9,20
-4.3,-1.7,438.9,20
-4.3,-1.8,438.9,20
-4.3,-1.8,438.9,20
-4,-1.8,438.9,20
-4,-1.8,438.9,20
-4,-1.8,438.9,20
-4,-1.8,438.9,20
-4,-1.8,438.9,20
-4,-1.8,438.9,20
-4,-1.8,438.9,20
-4,-1.8,438.9,20
-4.2,-1.8,438.9,20
-4.2,-1.8,438.9,20
-4.2,-1.8,438.9,20
-4.2,-1.8,438.9,20
-4.2,-1.8,438.9,20
-4.3,-1.8,438.9,20
-4.3,-1.8,438.9,20
-4.3,-1.8,438.9,20
-4.3,-1.8,438.9,20
-4.2,-1.8,438.9,20
-4.2,-1.7,438.9,20
-4.2,-1.7,438.9,20
-4.2,-1.7,438.9,20
-4.3,-1.8,438.9,20
-4.3,-1.8,438.9,20
-4.3,-1.8,438.9,20
-4.3,-1.8,438.9,20
-4.3,-1.8,438.9,20
-4.1,-1.7,438.9,20
-4.1,-1.7,438.9,20
-4.1,-1.7,438.9,20
-4.1,-1.7,438.9,20
-4.1,-1.7,438.9,20
-4.1,-1.7,438.9,20
-4.1,-1.7,438.9,20
-4.1,-1.7,438.9,20
-4.1,-1.8,438.9,20
-4.1,-1.8,438.9,20
-4.1,-1.8,438.9,20
-4.1,-1.8,438.9,20
-4.1,-1.8,438.9,20
-4.1,-1.8,438.9,20
-4.1,-1.8,438.9,20
-4.1,-1.8,438.9,20
-4.1,-1.8,438.9,20
-4.3,-1.8,438.9,20
-4.3,-1.8,438.9,20
-4.3,-1.8,438.9,20
-4.3,-1.8,438.9,20
-4.4,-1.8,438.9,20
-4.4,-1.8,438.9,20
-4.4,-1.8,438.9,20
-4,-1.8,438.9,20
-4,-1.8,438.9,20
-4,-1.8,438.9,20
-4,-1.8,438.9,20
-4,-1.7,438.9,20
-4,-1.7,438.9,20
-4,-1.7,438.9,20
-4,-1.7,438.9,20
-4.1,-1.7,438.9,20
-4.1,-1.7,438.9,20
-4.1,-1.7,438.9,20
-4.1,-1.7,438.9,20
-4.1,-1.7,438.9,20
-4.1,-1.7,438.9,20
-4.1,-1.7,438.9,20
-4.2,-1.7,438.9,20
-4.2,-1.7,438.9,20
-4.2,-1.7,438.9,20
-4.2,-1.7,438.9,20
-4.1,-1.7,438.9,20
-4.1,-1.7,438.9,20
-4.1,-1.7,438.9,20
-4.1,-1.7,438.9,20
-4.1,-1.7,438.9,20
-4.2,-1.9,438.9,20
-4.2,-1.9,438.9,20
-4.2,-1.9,438.9,20
-4.2,-1.9,438.9,20
-4.2,-1.8,438.9,20
-4.2,-1.8,438.9,20
-4.2,-1.8,438.9,20
-4.2,-1.8,438.9,20
-4,-1.7,438.9,20
-4,-1.7,438.9,20
-4,-1.7,438.9,20
-4,-1.7,438.9,20
-4.3,-1.8,438.9,20
-4.3,-1.8,439,20
-4.3,-1.8,439,20
-4.3,-1.8,439,20
-4.3,-1.8,439,20
-4.3,-1.8,439,20
-4.3,-1.8,439,20
-4.3,-1.8,439,20
-4.2,-1.8,439,20
-4.2,-1.8,439,20
-4.2,-1.8,439,20
-4.2,-1.8,439,20
-4.2,-1.8,439,20
-4.2,-1.8,439,20
-4.2,-1.8,439,20
-4.2,-1.8,439,20
-4.3,-1.8,439,20
-4.3,-1.8,439,20
-4.3,-1.8,439,20
-4,-1.8,439,20
-4,-1.8,438.9,20
-4,-1.8,438.9,20
-4,-1.8,438.9,20
-4.1,-1.7,438.9,20
-4.1,-1.7,438.9,20
-4.1,-1.7,438.9,20
-4.1,-1.7,438.9,20
-4.1,-1.7,438.9,20
-4.3,-1.8,438.9,20
-4.3,-1.8,438.9,20
-4.3,-1.8,438.9,20
-4.3,-1.8,438.9,20
-4.3,-1.8,438.9,20
-4.3,-1.7,438.9,20
-4.3,-1.7,438.9,20
-4.3,-1.7,438.9,20
-4.3,-1.7,438.9,20
-4,-1.7,438.9,20
-4,-1.7,438.9,20
-4,-1.7,438.9,20
-4,-1.7,438.9,20
-4,-1.7,438.9,20
-4,-1.7,438.9,20
-4,-1.7,438.9,20
-4,-1.7,438.9,20
-4.1,-1.7,438.9,20
-4.1,-1.8,438.9,20
-4.1,-1.8,438.9,20
-4.1,-1.8,438.9,20
-4,-1.7,438.9,20
-4,-1.7,438.9,20
-4,-1.7,438.9,20
-4,-1.7,438.9,20
-4,-1.7,438.9,20
-4,-1.7,438.9,20
-4,-1.7,438.9,20
-4,-1.7,438.9,20
-4.1,-1.7,438.9,20
-4.1,-1.7,438.9,20
-4.1,-1.7,438.9,20
-4.1,-1.7,438.9,20
-4,-1.7,438.9,20
-4,-1.7,438.9,20
-4,-1.7,438.9,20
-4,-1.7,438.9,20
-4.1,-1.8,438.9,20
-4.1,-1.8,438.9,20
-4.1,-1.8,438.9,20
-4.1,-1.8,438.9,20
-4.1,-1.7,438.9,20
-4.1,-1.7,438.9,20
-4.1,-1.7,438.9,20
-4.3,-1.7,438.9,20
-4.3,-1.7,438.9,20
-4.3,-1.7,438.9,20
-4.3,-1.7,438.9,20
-4.3,-1.8,438.9,20
-4.3,-1.8,438.9,20
-4.3,-1.8,438.9,20
-4.3,-1.8,438.9,20
-4.2,-1.7,438.9,20
-4.2,-1.7,438.9,20
-4.2,-1.7,438.9,20
-4.2,-1.7,438.9,20
-4.1,-1.7,438.9,20
-4.1,-1.7,438.9,20
-4.1,-1.7,438.9,20
-4.1,-1.7,438.9,20
-4.1,-1.7,438.9,20
-4.1,-1.8,438.9,20
-4.1,-1.8,438.9,20
-4.1,-1.8,438.9,20
-4.1,-1.8,438.9,20
-4.2,-1.8,439,20
-4.2,-1.8,439,20
-4.2,-1.8,439,20
-4.2,-1.8,439,20
-4.2,-1.8,439,20
-4.1,-1.7,439,20
-4.1,-1.7,438.9,20
-4.1,-1.7,438.9,20
-4.1,-1.7,438.9,20
-4.2,-1.7,438.9,20
-4.2,-1.7,438.9,20
-4.2,-1.7,438.9,20
-4.2,-1.7,438.9,20
-4,-1.7,438.9,20
-4,-1.7,438.9,20
-4,-1.7,438.9,20
-4,-1.7,438.9,20
-4,-1.7,438.9,20
-4,-1.7,438.9,20
-4,-1.7,438.9,20
-4,-1.7,438.9,20
-4,-1.7,438.9,20
-4.3,-1.8,439,20
-4.3,-1.8,439,20
-4.3,-1.8,439,20
-4.2,-1.8,439,20
-4.2,-1.8,439,20
-4.2,-1.8,439,20
-4.2,-1.8,439,20
-4,-1.8,439,20
-4,-1.8,438.9,20
-4,-1.8,438.9,20
-4,-1.8,438.9,20
-4.1,-1.7,438.9,20
-4.1,-1.7,438.9,20
-4.1,-1.7,438.9,20
-4.3,-1.8,439,20
-4.3,-1.8,439,20
-4.3,-1.8,439,20
-4.1,-1.8,439,20
-4.1,-1.8,439,20
-4.1,-1.8,439,20
-4.1,-1.8,439,20
-4.2,-1.8,439,20
-4.2,-1.8,439,20
-4.2,-1.8,439,20
-4.2,-1.8,439,20
-4.1,-1.8,439,20
-4.1,-1.8,439,20
-4.1,-1.8,439,20
-4.1,-1.8,439,20
-4.1,-1.8,439,20
-4.3,-1.8,439,20
-4.3,-1.8,439,20
-4.3,-1.8,439,20
-4.3,-1.8,439,20
-4.3,-1.8,439,20
-4.3,-1.8,439,20
-4.3,-1.8,439,20
-4.1,-1.7,439,20
-4.1,-1.7,439,20
-4.1,-1.7,439,20
-4.1,-1.7,439,20
-4.1,-1.8,439,20
-4.1,-1.8,439,20
-4.1,-1.8,439,20
-4.1,-1.8,439,20
-4.1,-1.8,439,20
-4.3,-1.8,439,20
-4.3,-1.8,439,20
-4.3,-1.8,439,20
-4.3,-1.8,439,20
-4.1,-1.7,439,20
-4.1,-1.7,439,20
-4.1,-1.7,439,20
-4.3,-1.7,439,20
-4.3,-1.8,439,20
-4.3,-1.8,439,20
-4.3,-1.8,439,20
-4,-1.7,439,20
-4,-1.7,439,20
-4,-1.7,439,20
-4,-1.7,439,20
-4,-1.7,439,20
-4,-1.7,439,20
-4,-1.7,439,20
-4.1,-1.7,439,20
-4.1,-1.7,439,20
-4.1,-1.7,439,20
-4.1,-1.7,439,20
-4.3,-1.8,439,20
-4.3,-1.8,439,20
-4.3,-1.8,439,20
-4.3,-1.8,439,20
-4.3,-1.8,439,20
-4.2,-1.7,439,20
-4.2,-1.7,439,20
-4.2,-1.7,439,20
-4.2,-1.7,439,20
-4.1,-1.8,439,20
-4.1,-1.8,439,20
-4.1,-1.8,439,20
-4.1,-1.8,439,20
-4.2,-1.8,439,20
-4.2,-1.8,439.1,20
-4.2,-1.8,439.1,20
-4.2,-1.8,439.1,20
-4.2,-1.8,439.1,20
-4.1,-1.7,439.1,20
-4.1,-1.7,439,20
-4.1,-1.7,439,20
-4.1,-1.7,439,20
-4.2,-1.7,439,20
-4.2,-1.7,439,20
-4.2,-1.7,439,20
-4.2,-1.7,439,20
-4.1,-1.7,439,20
-4.1,-1.7,439,20
-4.1,-1.7,439,20
-4.3,-1.7,439,20
-4.3,-1.8,439,20
-4.3,-1.8,439,20
-4.3,-1.8,439,20
-4.3,-1.8,439,20
-4.3,-1.8,439.1,20
-4.3,-1.8,439.1,20
-4.3,-1.8,439.1,20
-4.3,-1.8,439.1,20
-4.3,-1.8,439.1,20
-4.3,-1.8,439.1,20
-4.3,-1.8,439.1,20
-4.3,-1.8,439.1,20
-4.3,-1.8,439.1,20
-4.3,-1.8,439.1,20
-4.3,-1.8,439.1,20
-4.3,-1.9,439.1,20
-4.3,-1.9,439.1,20
-4.3,-1.9,439.1,20
-4.3,-1.9,439.1,20
-4.2,-1.8,439.1,20
-4.2,-1.8,439.1,20
-4.2,-1.8,439.1,20
-4.2,-1.8,439.1,20
-4.3,-1.8,439.1,20
-4.3,-1.8,439.1,20
-4.3,-1.8,439.1,20
-4.3,-1.8,439.1,20
-4.1,-1.8,439.1,20
-4.1,-1.8,439.1,20
-4.1,-1.8,439.1,20
-4.1,-1.8,439.1,20
-4.1,-1.8,439,20
-4.1,-1.8,439,20
-4.1,-1.8,439,20
-4,-1.8,439,20
-4,-1.7,439,20
-4,-1.7,439,20
-4,-1.7,439,20
-4,-1.8,439,20
-4,-1.8,439,20
-4,-1.8,439,20
-4,-1.8,439,20
-4.1,-1.8,439,20
-4.1,-1.8,439,20
-4.1,-1.8,439,20
-4.1,-1.8,439,20
-4.1,-1.8,439.1,20
-4.1,-1.8,439.1,20
-4.1,-1.8,439.1,20
-4.1,-1.8,439.1,20
-4.1,-1.7,439,20
-4.1,-1.7,439,20
-4.1,-1.7,439,20
-4.1,-1.7,439,20
-4.1,-1.7,439,20
-4.1,-1.7,439,20
-4.1,-1.7,439,20
-4.1,-1.7,439,20
-4.1,-1.7,439,20
-4.1,-1.7,439.1,20
-4.1,-1.7,439.1,20
-4.1,-1.7,439.1,20
-4.1,-1.7,439.1,20
-4.1,-1.8,439.1,20
-4.1,-1.8,439.1,20
-4.1,-1.8,439.1,20
-4.1,-1.7,439.1,20
-4.1,-1.7,439.1,20
-4.1,-1.7,439.1,20
-4.3,-1.8,439.1,20
-4.3,-1.8,439.1,20
-4.3,-1.8,439.1,20
-4.3,-1.8,439.1,20
-4.2,-1.8,439.1,20
-4.2,-1.8,439.1,20
-4.2,-1.8,439.1,20
-4.2,-1.8,439.1,20
-4.2,-1.8,439.1,20
-4.2,-1.8,439.1,20
-4.2,-1.8,439.1,20
-4.2,-1.8,439.1,20
-4.3,-1.8,439.1,20
-4.3,-1.8,439.1,20
-4.3,-1.8,439.1,20
-4.1,-1.8,439.1,20
-4.1,-1.8,439.1,20
-4.1,-1.8,439.1,20
-4.1,-1.8,439.1,20
-4.1,-1.8,439.1,20
-4.1,-1.8,439.1,20
-4.1,-1.8,439.1,20
-4.1,-1.8,439.1,20
-4.1,-1.8,439.1,20
-4.1,-1.8,439.1,20
-4.1,-1.8,439.1,20
-4.1,-1.8,439.1,20
-4,-1.7,439.1,20
-4,-1.7,439.1,20
-4,-1.7,439.1,20
-4,-1.7,439.1,20
-4,-1.8,439.1,20
-4,-1.8,439.1,20
-4,-1.8,439.1,20
-4,-1.8,439.1,20
-4.1,-1.8,439.1,20
-4.1,-1.8,439.1,20
-4.1,-1.8,439.1,20
-4.1,-1.8,439.1,20
-4.3,-1.8,439.1,20
-4.3,-1.8,439.1,20
-4.3,-1.8,439.1,20
-4.3,-1.8,439.1,20
-4.3,-1.8,439.1,20
-4.3,-1.8,439.1,20
-4.3,-1.8,439.1,20
-4.3,-1.8,439.1,20
-4.3,-1.8,439.1,20
-4.4,-1.8,439.1,20
-4.4,-1.8,439.1,20
-4.4,-1.8,439.1,20
-4.4,-1.8,439.1,20
-4.1,-1.8,439.1,20
-4.1,-1.8,439.1,20
-4.1,-1.8,439.1,20
-4.1,-1.8,439.1,20
-4.2,-1.8,439.1,20
-4.2,-1.7,439.1,20
-4.2,-1.7,439.1,20
-4.2,-1.7,439.1,20
-4.2,-1.7,439.1,20
-4.2,-1.7,439.1,20
-4.2,-1.8,439.1,20
-4.2,-1.8,439.1,20
-4.2,-1.8,439.1,20
-4.3,-1.8,439.1,20
-4.3,-1.8,439.1,20
-4.3,-1.8,439.1,20
-4.3,-1.8,439.1,20
-4.2,-1.8,439.1,20
-4.2,-1.8,439.1,20
-4.2,-1.8,439.1,20
-4.2,-1.8,439.1,20
-4.2,-1.8,439.1,20
-4.3,-1.8,439.2,20
-4.3,-1.8,439.2,20
-4.3,-1.8,439.2,20
-4.3,-1.8,439.2,20
-4.1,-1.7,439.2,20
-4.1,-1.7,439.1,20
-4.1,-1.7,439.1,20
-4.1,-1.7,439.1,20
-4.1,-1.7,439.1,20
-4.1,-1.8,439.1,20
-4.1,-1.8,439.1,20
-4.1,-1.8,439.1,20
-4.1,-1.8,439.1,20
-4.3,-1.8,439.1,20
-4.3,-1.8,439.2,20
-4.3,-1.8,439.2,20
-4.3,-1.8,439.2,20
-4.3,-1.8,439.2,20
-4.3,-1.8,439.2,20
-4.3,-1.8,439.2,20
-4.3,-1.8,439.2,20
-4.3,-1.8,439.2,20
-4.1,-1.8,439.2,20
-4.1,-1.8,439.1,20
-4.1,-1.8,439.1,20
-4.1,-1.8,439.1,20
-4.1,-1.8,439.1,20
-4.2,-1.8,439.1,20
-4.2,-1.8,439.1,20
-4.2,-1.8,439.1,20
-4.2,-1.7,439.1,20
-4.2,-1.7,439.1,20
-4.2,-1.7,439.1,20
-4.3,-1.7,439.1,20
-4.3,-1.8,439.2,20
-4.3,-1.8,439.2,20
-4.3,-1.8,439.2,20
-4.3,-1.8,439.2,20
-4.3,-1.8,439.2,20
-4.3,-1.8,439.2,20
-4.3,-1.8,439.2,20
-4.4,-1.8,439.2,20
-4.4,-1.8,439.2,20
-4.4,-1.8,439.2,20
-4.4,-1.8,439.2,20
-4.4,-1.8,439.2,20
-4.1,-1.8,439.2,20
-4.1,-1.8,439.2,20
-4.1,-1.8,439.2,20
-4.1,-1.8,439.2,20
-4.2,-1.8,439.2,20
-4.2,-1.8,439.2,20
-4.2,-1.8,439.2,20
-4.2,-1.8,439.2,20
-4.3,-1.8,439.2,20
-4.3,-1.8,439.2,20
-4.3,-1.8,439.2,20
-4.3,-1.8,439.2,20
-4.2,-1.7,439.2,20
-4.2,-1.7,439.1,20
-4.2,-1.7,439.1,20
-4.2,-1.7,439.1,20
-4.1,-1.7,439.1,20
-4.1,-1.7,439.1,20
-4.1,-1.7,439.1,20
-4.1,-1.7,439.1,20
-4.1,-1.7,439.1,20
-4.1,-1.8,439.1,20
-4.1,-1.8,439.1,20
-4.1,-1.8,439.1,20
-4.1,-1.8,439.1,20
-4.3,-1.9,439.1,20
-4.3,-1.9,439.2,20
-4.3,-1.9,439.2,20
-4.3,-1.9,439.2,20
-4.3,-1.9,439.2,20
-4.3,-1.8,439.2,20
-4.3,-1.8,439.2,20
-4.3,-1.8,439.2,20
-4.3,-1.8,439.2,20
-4.3,-1.8,439.2,20
-4.3,-1.8,439.2,20
-4.3,-1.8,439.2,20
-4.1,-1.8,439.2,20
-4.1,-1.8,439.2,20
-4.1,-1.8,439.2,20
-4.1,-1.8,439.2,20
-4.1,-1.8,439.2,20
-4.1,-1.8,439.2,20
-4.1,-1.8,439.2,20
-4.1,-1.8,439.2,20
-4.3,-1.8,439.2,20
-4.3,-1.8,439.2,20
-4.3,-1.8,439.2,20
-4.3,-1.8,439.2,20
-4.3,-1.8,439.2,20
-4,-1.7,439.2,20
-4,-1.7,439.2,20
-4,-1.7,439.2,20
-4,-1.7,439.2,20
-4.1,-1.8,439.2,20
-4.1,-1.8,439.2,20
-4.1,-1.8,439.2,20
-4.1,-1.8,439.2,20
-4.1,-1.8,439.2,20
-4.1,-1.8,439.2,20
-4.1,-1.8,439.2,20
-4.1,-1.8,439.2,20
-4,-1.7,439.2,20
-4,-1.7,439.2,20
-4,-1.7,439.2,20
-4,-1.7,439.2,20
-4.1,-1.7,439.2,20
-4.1,-1.7,439.2,20
-4.1,-1.7,439.2,20
-4.1,-1.7,439.2,20
-4.1,-1.7,439.2,20
-4.2,-1.8,439.2,20
-4.2,-1.8,439.2,20
-4.2,-1.8,439.2,20
-4.2,-1.8,439.2,20
-4.2,-1.8,439.2,20
-4.2,-1.8,439.2,20
-4.2,-1.8,439.2,20
-4.2,-1.8,439.2,20
-4.2,-1.8,439.2,20
-4.1,-1.8,439.2,20
-4.1,-1.8,439.2,20
-4.1,-1.8,439.2,20
-4.1,-1.8,439.2,20
-4,-1.8,439.2,20
-4,-1.8,439.2,20
-4,-1.8,439.2,20
-4,-1.8,439.2,20
-4.2,-1.8,439.2,20
-4.2,-1.8,439.2,20
-4.2,-1.8,439.2,20
-4.2,-1.8,439.2,20
-4.1,-1.7,439.2,20
-4.1,-1.7,439.2,20
-4.1,-1.7,439.2,20
-4.1,-1.7,439.2,20
-4.2,-1.8,439.2,20
-4.2,-1.8,439.2,20
-4.2,-1.8,439.2,20
-4.2,-1.8,439.2,20
-4,-1.8,439.2,20
-4,-1.8,439.2,20
-4,-1.8,439.2,20
-4,-1.8,439.2,20
-4,-1.8,439.2,20
-4,-1.8,439.2,20
-4,-1.8,439.2,20
-4,-1.8,439.2,20
-4,-1.8,439.2,20
-4,-1.8,439.2,20
-4,-1.8,439.2,20
-4,-1.8,439.2,20
-4,-1.8,439.2,20
-4.1,-1.8,439.2,20
-4.1,-1.8,439.2,20
-4.1,-1.8,439.2,20
-4.1,-1.8,439.2,20
-4.1,-1.8,439.2,20
-4.1,-1.8,439.2,20
-4.1,-1.8,439.2,20
-4.1,-1.8,439.2,20
-4.2,-1.8,439.2,20
-4.2,-1.8,439.2,20
-4.2,-1.8,439.2,20
-4.1,-1.7,439.2,20
-4.1,-1.7,439.2,20
-4.1,-1.7,439.2,20
-4.1,-1.7,439.2,20
-4,-1.7,439.2,20
-4,-1.8,439.2,20
-4,-1.8,439.2,20
-4,-1.8,439.2,20
-4.1,-1.8,439.2,20
-4.1,-1.8,439.2,20
-4.1,-1.8,439.2,20
-4.1,-1.8,439.2,20
-4.1,-1.8,439.2,20
-4.1,-1.8,439.2,20
-4.1,-1.8,439.2,20
-4,-1.8,439.2,20
-4,-1.7,439.2,20
-4,-1.7,439.2,20
-4.3,-1.7,439.2,20
-4.3,-1.8,439.3,20
-4.3,-1.8,439.3,20
-4,-1.7,439.3,20
-4,-1.7,439.2,20
-4,-1.7,439.2,20
-4,-1.7,439.2,20
-4,-1.7,439.2,20
-4.1,-1.8,439.2,20
-4.1,-1.8,439.2,20
-4.1,-1.8,439.2,20
-4.1,-1.8,439.2,20
-4,-1.8,439.2,20
-4,-1.8,439.2,20
-4,-1.8,439.2,20
-4,-1.8,439.2,20
-4.3,-1.8,439.2,20
-4.3,-1.8,439.3,20
-4.3,-1.8,439.3,20
-4.3,-1.8,439.3,20
-4.1,-1.8,439.3,20
-4.1,-1.8,439.3,20
-4.1,-1.8,439.3,20
-4,-1.8,439.3,20
-4,-1.8,439.3,20
-4,-1.8,439.3,20
-4,-1.8,439.3,20
-4,-1.8,439.3,20
-4,-1.8,439.3,20
-4,-1.8,439.3,20
-4,-1.8,439.3,20
-4.3,-1.8,439.3,20
-4.3,-1.8,439.3,20
-4.3,-1.8,439.3,20
-4.2,-1.8,439.3,20
-4.2,-1.8,439.3,20
-4.2,-1.8,439.3,20
-4.2,-1.8,439.3,20
-4.1,-1.8,439.2,20
-4.1,-1.8,439.2,20
-4.1,-1.8,439.2,20
-4.1,-1.8,439.2,20
-4.1,-1.8,439.3,20
-4.1,-1.8,439.3,20
-4.1,-1.8,439.3,20
-4.2,-1.8,439.3,20
-4.2,-1.8,439.3,20
-4.2,-1.8,439.3,20
-4.2,-1.8,439.3,20
-4.1,-1.8,439.3,20
-4.1,-1.8,439.3,20
-4.1,-1.8,439.3,20
-4.3,-1.8,439.3,20
-4.3,-1.8,439.3,20
-4.3,-1.8,439.3,20
-4.3,-1.8,439.3,20
-4.2,-1.8,439.3,20
-4.2,-1.8,439.3,20
-4.2,-1.8,439.3,20
-4.2,-1.8,439.3,20
-4.3,-1.8,439.3,20
-4.3,-1.8,439.3,20
-4.3,-1.8,439.3,20
-4.3,-1.8,439.3,20
-4.3,-1.8,439.3,20
-4.1,-1.7,439.3,20
-4.1,-1.7,439.3,20
-4.1,-1.7,439.3,20
-4.1,-1.7,439.3,20
-4.2,-1.8,439.3,20
-4.2,-1.8,439.3,20
-4.2,-1.8,439.3,20
-4.3,-1.8,439.3,20
-4.3,-1.8,439.3,20
-4.3,-1.8,439.3,20
-4.1,-1.8,439.3,20
-4.1,-1.8,439.3,20
-4.1,-1.8,439.3,20
-4.1,-1.8,439.3,20
-4.1,-1.8,439.3,20
-4.1,-1.8,439.3,20
-4.1,-1.8,439.3,20
-4.1,-1.8,439.3,20
-4.1,-1.8,439.3,20
-4.3,-1.8,439.3,20
-4.3,-1.8,439.3,20
-4.3,-1.8,439.3,20
-4.3,-1.8,439.3,20
-4.3,-1.8,439.3,20
-4.2,-1.8,439.3,20
-4.2,-1.8,439.3,20
-4.2,-1.8,439.3,20
-4.2,-1.8,439.3,20
-4.1,-1.8,439.3,20
-4.1,-1.8,439.3,20
-4.1,-1.8,439.3,20
-4.1,-1.8,439.3,20
-4,-1.8,439.3,20
-4,-1.8,439.3,20
-4,-1.8,439.3,20
-4.3,-1.8,439.3,20
-4.3,-1.8,439.3,20
-4.3,-1.8,439.3,20
-4.3,-1.8,439.3,20
-4.1,-1.8,439.3,20
-4.1,-1.8,439.3,20
-4.1,-1.8,439.3,20
-4.1,-1.8,439.3,20
-4.1,-1.8,439.3,20
-4.1,-1.7,439.3,20
-4.1,-1.7,439.3,20
-4.1,-1.7,439.3,20
-4.3,-1.8,439.3,20
-4.3,-1.8,439.3,20
-4.3,-1.8,439.3,20
-4.3,-1.8,439.3,20
-4.2,-1.8,439.3,20
-4.2,-1.8,439.3,20
-4.2,-1.8,439.3,20
-4.2,-1.8,439.3,20
-4.3,-1.8,439.3,20
-4.3,-1.8,439.3,20
-4.3,-1.8,439.3,20
-4.3,-1.8,439.3,20
-4.3,-1.8,439.3,20
-4.1,-1.7,439.3,20
-4.1,-1.7,439.3,20
-4.1,-1.7,439.3,20
-4.1,-1.7,439.3,20
-4.1,-1.7,439.3,20
-4.1,-1.7,439.3,20
-4.1,-1.7,439.3,20
-4.3,-1.8,439.4,20
-4.3,-1.8,439.4,20
-4.3,-1.8,439.4,20
-4.3,-1.8,439.4,20
-4.2,-1.8,439.4,20
-4.2,-1.8,439.4,20
-4.2,-1.8,439.4,20
-4.2,-1.8,439.4,20
-4.2,-1.8,439.4,20
-4.2,-1.8,439.4,20
-4.2,-1.8,439.4,20
-4.2,-1.8,439.4,20
-4,-1.7,439.4,20
-4,-1.7,439.3,20
-4,-1.7,439.3,20
-4.2,-1.7,439.3,20
-4.2,-1.8,439.4,20
-4.2,-1.8,439.4,20
-4.2,-1.8,439.4,20
-4.1,-1.8,439.3,20
-4.1,-1.8,439.3,20
-4.1,-1.8,439.3,20
-4.1,-1.8,439.3,20
-4.2,-1.8,439.3,20
-4.2,-1.8,439.4,20
-4.2,-1.8,439.4,20
-4,-1.7,439.3,20
-4,-1.7,439.3,20
-4,-1.7,439.3,20
-4.3,-1.8,439.3,20
-4.3,-1.8,439.4,20
-4.3,-1.8,439.4,20
-4.3,-1.8,439.4,20
-4.2,-1.8,439.4,20
-4.2,-1.8,439.4,20
-4.2,-1.8,439.4,20
-4.2,-1.8,439.4,20
-4.2,-1.8,439.4,20
-4.2,-1.8,439.4,20
-4.2,-1.8,439.4,20
-4.2,-1.8,439.4,20
-4.3,-1.8,439.4,20
-4.3,-1.8,439.4,20
-4.3,-1.8,439.4,20
-4.3,-1.8,439.4,20
-4.3,-1.8,439.4,20
-4.3,-1.8,439.4,20
-4.3,-1.8,439.4,20
-4.3,-1.8,439.4,20
-4.3,-1.8,439.4,20
-4.3,-1.8,439.4,20
-4.3,-1.8,439.4,20
-4.3,-1.8,439.4,20
-4.3,-1.8,439.4,20
-4.3,-1.8,439.4,20
-4.3,-1.8,439.4,20
-4.3,-1.8,439.4,20
-4.3,-1.8,439.4,20
-4.3,-1.8,439.4,20
-4.3,-1.8,439.4,20
-4.3,-1.8,439.4,20
-4.3,-1.8,439.4,20
-4.3,-1.8,439.4,20
-4.3,-1.8,439.4,20
-4.1,-1.8,439.4,20
-4.1,-1.8,439.4,20
-4.1,-1.8,439.4,20
-4.1,-1.8,439.4,20
-4,-1.8,439.3,20
-4,-1.8,439.3,20
-4,-1.8,439.3,20
-4,-1.8,439.3,20
-4.1,-1.8,439.3,20
-4.1,-1.8,439.4,20
-4.1,-1.8,439.4,20
-4.1,-1.8,439.4,20
-4.1,-1.8,439.4,20
-4.1,-1.8,439.4,20
-4.1,-1.8,439.4,20
-4.1,-1.8,439.4,20
-4.1,-1.7,439.4,20
-4.1,-1.7,439.4,20
-4.1,-1.7,439.4,20
-4.2,-1.8,439.4,20
-4.2,-1.8,439.4,20
-4.2,-1.8,439.4,20
-4.2,-1.8,439.4,20
-4.2,-1.8,439.4,20
-4.2,-1.8,439.4,20
-4.2,-1.8,439.4,20
-4.1,-1.8,439.4,20
-4.1,-1.8,439.4,20
-4.1,-1.8,439.4,20
-4.1,-1.8,439.4,20
-4.3,-1.9,439.4,20
-4.3,-1.9,439.4,20
-4.3,-1.9,439.4,20
-4.2,-1.9,439.4,20
-4.2,-1.7,439.4,20
-4.2,-1.7,439.4,20
-4.2,-1.7,439.4,20
-4.2,-1.7,439.4,20
-4.1,-1.8,439.4,20
-4.1,-1.8,439.4,20
-4.1,-1.8,439.4,20
-4.1,-1.8,439.4,20
-4.1,-1.8,439.4,20
-4.1,-1.8,439.4,20
-4.1,-1.8,439.4,20
-4.1,-1.8,439.4,20
-4.1,-1.7,439.4,20
-4.1,-1.7,439.4,20
-4.1,-1.7,439.4,20
-4.1,-1.7,439.4,20
-4.1,-1.8,439.4,20
-4.1,-1.8,439.4,20
-4.1,-1.8,439.4,20
-4.1,-1.8,439.4,20
-4.1,-1.8,439.4,20
-4.1,-1.8,439.4,20
-4.1,-1.8,439.4,20
-4.1,-1.8,439.4,20
-4,-1.8,439.4,20
-4,-1.8,439.4,20
-4,-1.8,439.4,20
-4,-1.8,439.4,20
-4,-1.8,439.4,20
-4,-1.8,439.4,20
-4,-1.8,439.4,20
-4.1,-1.7,439.4,20
-4.1,-1.7,439.4,20
-4.1,-1.7,439.4,20
-4.1,-1.7,439.4,20
-4.2,-1.8,439.4,20
-4.2,-1.8,439.4,20
-4.2,-1.8,439.4,20
-4.3,-1.8,439.4,20
-4.3,-1.8,439.4,20
-4.3,-1.8,439.4,20
-4.1,-1.8,439.4,20
-4.1,-1.8,439.4,20
-4.1,-1.8,439.4,20
-4.1,-1.8,439.4,20
-4.1,-1.8,439.4,20
-4.1,-1.8,439.4,20
-4.1,-1.8,439.4,20
-4.1,-1.8,439.4,20
-4,-1.8,439.4,20
-4,-1.8,439.4,20
-4,-1.8,439.4,20
-4,-1.8,439.4,20
-4.1,-1.8,439.4,20
-4.1,-1.8,439.4,20
-4.1,-1.8,439.4,20
-4.3,-1.8,439.4,20
-4.3,-1.8,439.4,20
-4.3,-1.8,439.4,20
-4.3,-1.8,439.4,20
-4.3,-1.8,439.4,20
-4.3,-1.8,439.4,20
-4.3,-1.8,439.4,20
-4.3,-1.8,439.4,20
-4.3,-1.8,439.4,20
-4.1,-1.7,439.4,20
-4.1,-1.7,439.4,20
-4.1,-1.7,439.4,20
-4.3,-1.8,439.5,20
-4.3,-1.8,439.5,20
-4.3,-1.8,439.5,20
-4.3,-1.8,439.5,20
-4.2,-1.8,439.5,20
-4.2,-1.8,439.5,20
-4.2,-1.8,439.5,20
-4.2,-1.8,439.5,20
-4.2,-1.8,439.5,20
-4.2,-1.8,439.5,20
-4.2,-1.8,439.5,20
-4.1,-1.8,439.5,20
-4.1,-1.8,439.4,20
-4.1,-1.8,439.4,20
-4,-1.8,439.4,20
-4,-1.8,439.4,20
-4,-1.8,439.4,20
-4,-1.8,439.4,20
-4.2,-1.8,439.4,20
-4.2,-1.8,439.4,20
-4.2,-1.8,439.4,20
-4.1,-1.8,439.4,20
-4.1,-1.8,439.5,20
-4.1,-1.8,439.5,20
-4.1,-1.8,439.5,20
-4.1,-1.8,439.4,20
-4.1,-1.8,439.4,20
-4.1,-1.8,439.4,20
-4,-1.8,439.4,20
-4,-1.8,439.4,20
-4,-1.8,439.4,20
-4,-1.8,439.4,20
-4,-1.8,439.4,20
-4.1,-1.8,439.4,20
-4.1,-1.8,439.4,20
-4.1,-1.8,439.4,20
-4.1,-1.8,439.4,20
-4.1,-1.8,439.4,20
-4.1,-1.8,439.4,20
-4.1,-1.8,439.4,20
-4.1,-1.8,439.4,20
-4.1,-1.8,439.4,20
-4.1,-1.8,439.4,20
-4.1,-1.8,439.4,20
-4.1,-1.8,439.4,20
-4.1,-1.8,439.4,20
-4.1,-1.8,439.4,20
-4.1,-1.8,439.4,20
-4.1,-1.8,439.4,20
-4.1,-1.8,439.4,20
-4.1,-1.8,439.4,20
-4.1,-1.8,439.4,20
-4.1,-1.8,439.4,20
-4.1,-1.7,439.4,20
-4.1,-1.7,439.4,20
-4.1,-1.7,439.4,20
-4.2,-1.7,439.4,20
-4.2,-1.7,439.4,20
-4.2,-1.7,439.4,20
-4.2,-1.7,439.4,20
-4.2,-1.8,439.4,20
-4.2,-1.8,439.5,20
-4.2,-1.8,439.5,20
-4.2,-1.8,439.5,20
-4.3,-1.8,439.5,20
-4.3,-1.8,439.5,20
-4.3,-1.8,439.5,20
-4.3,-1.8,439.5,20
-4.3,-1.8,439.5,20
-4.3,-1.8,439.5,20
-4.3,-1.8,439.5,20
-4.1,-1.8,439.5,20
-4.1,-1.8,439.5,20
-4.1,-1.8,439.5,20
-4.1,-1.8,439.5,20
-4.1,-1.8,439.5,20
-4.1,-1.8,439.5,20
-4.1,-1.8,439.5,20
-4.2,-1.8,439.5,20
-4.2,-1.8,439.5,20
-4.2,-1.8,439.5,20
-4.2,-1.8,439.5,20
-4.3,-1.8,439.5,20
-4.3,-1.8,439.5,20
-4.3,-1.8,439.5,20
-4.3,-1.8,439.5,20
-4.3,-1.8,439.5,20
-4.1,-1.8,439.5,20
-4.1,-1.8,439.5,20
-4.1,-1.8,439.5,20
-4,-1.8,439.5,20
-4,-1.7,439.5,20
-4,-1.7,439.5,20
-4,-1.7,439.5,20
-4,-1.7,439.5,20
-4.1,-1.8,439.5,20
-4.1,-1.8,439.5,20
-4.1,-1.8,439.5,20
-4,-1.8,439.5,20
-4,-1.8,439.5,20
-4,-1.8,439.5,20
-4,-1.8,439.5,20
-4.1,-1.8,439.5,20
-4.1,-1.8,439.5,20
-4.1,-1.8,439.5,20
-4.3,-1.8,439.5,20
-4.3,-1.8,439.5,20
-4.3,-1.8,439.5,20
-4.3,-1.8,439.5,20
-4.3,-1.8,439.5,20
-4.2,-1.8,439.5,20
-4.2,-1.8,439.5,20
-4.2,-1.8,439.5,20
-4.3,-1.8,439.5,20
-4.3,-1.8,439.5,20
-4.3,-1.8,439.5,20
-4.3,-1.8,439.5,20
-4.1,-1.8,439.5,20
-4.1,-1.8,439.5,20
-4.1,-1.8,439.5,20
-4.1,-1.8,439.5,20
-4.1,-1.8,439.5,20
-4.1,-1.8,439.5,20
-4.1,-1.8,439.5,20
-4.1,-1.8,439.5,20
-4.1,-1.8,439.5,20
-4.1,-1.8,439.5,20
-4.1,-1.8,439.5,20
-4.1,-1.7,439.5,20
-4.1,-1.7,439.5,20
-4.1,-1.7,439.5,20
-4.2,-1.8,439.5,20
-4.2,-1.8,439.6,20
-4.2,-1.8,439.6,20
-4.2,-1.8,439.6,20
-4.3,-1.8,439.6,20
-4.3,-1.8,439.5,20
-4.3,-1.8,439.5,20
-4.3,-1.8,439.5,20
-4.2,-1.8,439.5,20
-4.2,-1.8,439.5,20
-4.2,-1.8,439.5,20
-4.2,-1.8,439.5,20
-4.3,-1.8,439.5,20
-4.3,-1.8,439.5,20
-4.3,-1.8,439.5,20
-4.3,-1.8,439.5,20
-4.3,-1.8,439.5,20
-4.3,-1.8,439.5,20
-4.3,-1.8,439.5,20
-4.3,-1.8,439.5,20
-4.1,-1.8,439.5,20
-4.1,-1.8,439.5,20
-4.1,-1.8,439.5,20
-4.1,-1.8,439.5,20
-4.1,-1.8,439.5,20
-4.1,-1.8,439.5,20
-4.1,-1.8,439.5,20
-4,-1.8,439.5,20
-4,-1.8,439.5,20
-4,-1.8,439.5,20
-4,-1.8,439.5,20
-4.1,-1.8,439.5,20
-4.1,-1.8,439.5,20
-4.1,-1.8,439.5,20
-4.1,-1.8,439.5,20
-4,-1.7,439.5,20
-4,-1.7,439.5,20
-4,-1.7,439.5,20
-4,-1.7,439.5,20
-4,-1.8,439.5,20
-4,-1.8,439.5,20
-4,-1.8,439.5,20
-4,-1.8,439.5,20
-4.1,-1.8,439.5,20
-4.1,-1.8,439.5,20
-4.1,-1.8,439.5,20
-4,-1.8,439.5,20
-4,-1.8,439.5,20
-4,-1.8,439.5,20
-4,-1.8,439.5,20
-4.2,-1.8,439.5,20
-4.2,-1.8,439.5,20
-4.2,-1.8,439.5,20
-4.2,-1.8,439.5,20
-4.2,-1.8,439.5,20
-4.2,-1.8,439.5,20
-4.2,-1.8,439.5,20
-4.2,-1.8,439.5,20
-4.3,-1.8,439.6,20
-4.3,-1.8,439.6,20
-4.3,-1.8,439.6,20
-4.2,-1.8,439.6,20
-4.2,-1.8,439.5,20
-4.2,-1.8,439.5,20
-4.2,-1.8,439.5,20
-4.1,-1.8,439.5,20
-4.1,-1.8,439.5,20
-4.1,-1.8,439.5,20
-4,-1.8,439.5,20
-4,-1.8,439.5,20
-4,-1.8,439.5,20
-4,-1.8,439.5,20
-4.2,-1.8,439.6,20
-4.2,-1.8,439.6,20
-4.2,-1.8,439.6,20
-4.2,-1.8,439.6,20
-4.1,-1.8,439.6,20
-4.1,-1.8,439.6,20
-4.1,-1.8,439.6,20
-4.1,-1.8,439.6,20
-4.3,-1.8,439.6,20
-4.3,-1.8,439.6,20
-4.3,-1.8,439.6,20
-4.3,-1.8,439.6,20
-4.2,-1.8,439.6,20
-4.2,-1.8,439.6,20
-4.2,-1.8,439.6,20
-4.2,-1.8,439.6,20
-4.2,-1.8,439.6,20
-4.1,-1.8,439.6,20
-4.1,-1.8,439.6,20
-4.1,-1.8,439.6,20
-4.1,-1.8,439.6,20
-4.3,-1.8,439.6,20
-4.3,-1.8,439.6,20
-4.3,-1.8,439.6,20
-4,-1.8,439.5,20
-4,-1.8,439.5,20
-4,-1.8,439.5,20
-4,-1.8,439.5,20
-4.1,-1.8,439.5,20
-4.1,-1.8,439.6,20
-4.1,-1.8,439.6,20
-4.1,-1.8,439.6,20
-4.1,-1.7,439.6,20
-4.1,-1.7,439.6,20
-4.1,-1.7,439.6,20
-4.1,-1.7,439.6,20
-4.2,-1.7,439.5,20
-4.2,-1.7,439.5,20
-4.2,-1.7,439.5,20
-4.2,-1.7,439.5,20
-4.1,-1.7,439.5,20
-4.1,-1.8,439.6,20
-4.1,-1.8,439.6,20
-4.1,-1.8,439.6,20
-4.1,-1.8,439.6,20
-4.1,-1.8,439.6,20
-4.1,-1.8,439.6,20
-4.1,-1.8,439.6,20
-4.1,-1.8,439.6,20
-4.3,-1.8,439.6,20
-4.3,-1.8,439.6,20
-4.3,-1.8,439.6,20
-4.3,-1.8,439.6,20
-4.3,-1.8,439.6,20
-4.3,-1.8,439.6,20
-4.3,-1.8,439.6,20
-4.3,-1.8,439.6,20
-4.3,-1.8,439.6,20
-4.3,-1.8,439.6,20
-4.3,-1.8,439.6,20
-4.3,-1.8,439.6,20
-4.2,-1.8,439.6,20
-4.2,-1.8,439.6,20
-4.2,-1.8,439.6,20
-4.2,-1.8,439.6,20
-4.3,-1.8,439.6,20
-4.3,-1.8,439.6,20
-4.3,-1.8,439.6,20
-4.3,-1.8,439.6,20
-4.3,-1.8,439.6,20
-4.3,-1.8,439.6,20
-4.3,-1.8,439.6,20
-4.3,-1.8,439.6,20
-4.2,-1.8,439.6,20
-4.2,-1.8,439.6,20
-4.2,-1.8,439.6,20
-4.2,-1.8,439.6,20
-4.2,-1.8,439.6,20
-4.1,-1.8,439.6,20
-4.1,-1.8,439.6,20
-4.1,-1.8,439.6,20
-4.1,-1.8,439.6,20
-4.1,-1.8,439.6,20
-4.1,-1.8,439.6,20
-4.1,-1.8,439.6,20
-4.1,-1.8,439.6,20
-4.1,-1.8,439.6,20
-4.1,-1.8,439.6,20
-4.1,-1.8,439.6,20
-4.1,-1.8,439.6,20
-4.2,-1.8,439.6,20
-4.2,-1.8,439.6,20
-4.2,-1.8,439.6,20
-4.2,-1.8,439.6,20
-4.1,-1.8,439.6,20
-4.1,-1.8,439.6,20
-4.1,-1.8,439.6,20
-4.1,-1.8,439.6,20
-4.1,-1.8,439.6,20
-4.1,-1.8,439.6,20
-4.1,-1.8,439.6,20
-4.1,-1.8,439.6,20
-4,-1.8,439.6,20
-4,-1.8,439.6,20
-4,-1.8,439.6,20
-4,-1.8,439.6,20
-4.1,-1.8,439.6,20
-4.1,-1.8,439.6,20
-4.1,-1.8,439.6,20
-4.1,-1.8,439.6,20
-4,-1.8,439.6,20
-4,-1.8,439.6,20
-4,-1.8,439.6,20
-4,-1.8,439.6,20
-4.3,-1.8,439.6,20
-4.3,-1.8,439.7,20
-4.3,-1.8,439.7,20
-4.3,-1.8,439.7,20
-4.3,-1.8,439.7,20
-4.3,-1.7,439.7,20
-4.3,-1.7,439.6,20
-4.3,-1.7,439.6,20
-4.3,-1.7,439.6,20
-4.2,-1.8,439.6,20
-4.2,-1.8,439.6,20
-4.2,-1.8,439.6,20
-4.2,-1.8,439.6,20
-4.2,-1.8,439.6,20
-4.1,-1.8,439.6,20
-4.1,-1.8,439.6,20
-4.1,-1.8,439.6,20
-4.1,-1.8,439.6,20
-4.2,-1.8,439.6,20
-4.2,-1.8,439.6,20
-4.2,-1.8,439.6,20
-4.2,-1.7,439.6,20
-4.2,-1.7,439.6,20
-4.2,-1.7,439.6,20
-4.2,-1.7,439.6,20
-4.3,-1.8,439.6,20
-4.3,-1.8,439.6,20
-4.3,-1.8,439.6,20
-4.3,-1.8,439.6,20
-4.3,-1.8,439.6,20
-4.3,-1.8,439.6,20
-4.3,-1.8,439.6,20
-4.3,-1.8,439.6,20
-4,-1.8,439.6,20
-4,-1.8,439.6,20
-4,-1.8,439.6,20
-4,-1.8,439.6,20
-4.1,-1.7,439.6,20
-4.1,-1.7,439.6,20
-4.1,-1.7,439.6,20
-4.1,-1.7,439.6,20
-4,-1.7,439.6,20
-4,-1.7,439.6,20
-4,-1.7,439.6,20
-4,-1.7,439.6,20
-4.1,-1.8,439.6,20
-4.1,-1.8,439.6,20
-4.1,-1.8,439.6,20
-4.1,-1.8,439.6,20
-4.1,-1.7,439.7,20
-4.1,-1.7,439.7,20
-4.1,-1.7,439.7,20
-4.1,-1.7,439.7,20
-4.1,-1.8,439.7,20
-4.1,-1.8,439.7,20
-4.1,-1.8,439.7,20
-4.1,-1.8,439.7,20
-4,-1.7,439.7,20
-4,-1.7,439.7,20
-4,-1.7,439.7,20
-4,-1.7,439.7,20
-4.2,-1.8,439.7,20
-4.2,-1.8,439.7,20
-4.2,-1.8,439.7,20
-4.2,-1.8,439.7,20
-4.1,-1.8,439.7,20
-4.1,-1.8,439.7,20
-4.1,-1.8,439.7,20
-4.1,-1.8,439.7,20
-4,-1.8,439.7,20
-4,-1.8,439.7,20
-4,-1.8,439.7,20
-4,-1.8,439.7,20
-4.1,-1.8,439.7,20
-4.1,-1.8,439.7,20
-4.1,-1.8,439.7,20
-4.3,-1.8,439.7,20
-4.3,-1.8,439.7,20
-4.3,-1.8,439.7,20
-4.3,-1.8,439.7,20
-4.2,-1.8,439.7,20
-4.2,-1.8,439.7,20
-4.2,-1.8,439.7,20
-4.2,-1.8,439.7,20
-4.3,-1.8,439.7,20
-4.3,-1.8,439.7,20
-4.3,-1.8,439.7,20
-4.3,-1.8,439.7,20
-4.3,-1.8,439.7,20
-4.3,-1.8,439.7,20
-4.3,-1.8,439.7,20
-4.3,-1.8,439.7,20
-4.1,-1.8,439.7,20
-4.1,-1.8,439.7,20
-4.1,-1.8,439.7,20
-4.2,-1.8,439.7,20
-4.2,-1.8,439.7,20
-4.2,-1.8,439.7,20
-4.2,-1.8,439.7,20
-4.4,-1.8,439.7,20
-4.4,-1.8,439.7,20
-4.4,-1.8,439.7,20
-4.4,-1.8,439.7,20
-4.3,-1.8,439.7,20
-4.3,-1.8,439.7,20
-4.3,-1.8,439.7,20
-4.3,-1.8,439.7,20
-4.2,-1.8,439.7,20
-4.2,-1.8,439.7,20
-4.2,-1.8,439.7,20
-4.2,-1.8,439.7,20
-4.2,-1.8,439.7,20
-4.2,-1.8,439.7,20
-4.1,-1.8,439.7,20
-4.1,-1.8,439.7,20
-4.1,-1.8,439.7,20
-4.1,-1.8,439.7,20
-4.1,-1.8,439.7,20
-4.1,-1.8,439.7,20
-4.1,-1.8,439.7,20
-4.1,-1.7,439.7,20
-4.1,-1.7,439.7,20
-4.1,-1.7,439.7,20
-4.1,-1.7,439.7,20
-4.1,-1.8,439.7,20
-4.1,-1.8,439.7,20
-4.1,-1.8,439.7,20
-4.3,-1.8,439.7,20
-4.3,-1.8,439.7,20
-4.3,-1.8,439.7,20
-4.3,-1.8,439.7,20
-4.3,-1.8,439.7,20
-4.1,-1.8,439.7,20
-4.1,-1.8,439.7,20
-4.1,-1.8,439.7,20
-4.2,-1.8,439.7,20
-4.2,-1.8,439.7,20
-4.2,-1.8,439.7,20
-4.1,-1.8,439.7,20
-4.1,-1.8,439.7,20
-4.1,-1.8,439.7,20
-4.1,-1.8,439.7,20
-4.1,-1.8,439.7,20
-4.1,-1.8,439.7,20
-4.1,-1.8,439.7,20
-4.1,-1.8,439.7,20
-4.1,-1.8,439.7,20
-4.1,-1.8,439.7,20
-4.1,-1.8,439.7,20
-4.2,-1.8,439.7,20
-4.2,-1.7,439.7,20
-4.2,-1.7,439.7,20
-4.2,-1.7,439.7,20
-4.2,-1.7,439.7,20
-4.1,-1.8,439.7,20
-4.1,-1.8,439.7,20
-4.1,-1.8,439.7,20
-4.1,-1.8,439.7,20
-4.1,-1.8,439.7,20
-4.1,-1.8,439.7,20
-4.1,-1.8,439.7,20
-4.1,-1.8,439.7,20
-4.1,-1.8,439.7,20
-4.1,-1.8,439.7,20
-4.1,-1.8,439.7,20
-4.1,-1.8,439.7,20
-4.1,-1.8,439.7,20
-4.1,-1.8,439.7,20
-4.1,-1.8,439.7,20
-4.1,-1.8,439.7,20
-4.1,-1.8,439.7,20
-4.1,-1.8,439.7,20
-4.1,-1.8,439.7,20
-4.1,-1.8,439.7,20
-4.1,-1.8,439.7,20
-4.1,-1.8,439.7,20
-4.1,-1.8,439.7,20
-4.3,-1.8,439.7,20
-4.3,-1.8,439.7,20
-4.3,-1.8,439.7,20
-4.3,-1.8,439.7,20
-4.2,-1.8,439.8,20
-4.2,-1.8,439.8,20
-4.2,-1.8,439.8,20
-4.2,-1.8,439.8,20
-4.3,-1.8,439.8,20
-4.3,-1.8,439.8,20
-4.3,-1.8,439.8,20
-4.3,-1.8,439.8,20
-4.3,-1.8,439.8,20
-4.3,-1.8,439.8,20
-4.3,-1.8,439.8,20
-4.3,-1.8,439.8,20
-4.3,-1.7,439.8,20
-4.3,-1.7,439.8,20
-4.3,-1.7,439.8,20
-4.3,-1.7,439.8,20
-4.3,-1.8,439.8,20
-4.3,-1.8,439.8,20
-4.3,-1.8,439.8,20
-4.3,-1.8,439.8,20
-4.1,-1.8,439.8,20
-4.1,-1.7,439.7,20
-4.1,-1.7,439.7,20
-4.1,-1.7,439.7,20
-4.1,-1.7,439.7,20
-4.1,-1.7,439.8,20
-4.1,-1.7,439.8,20
-4.1,-1.7,439.8,20
-4.3,-1.8,439.8,20
-4.3,-1.8,439.8,20
-4.3,-1.8,439.8,20
-4.3,-1.8,439.8,20
-4.3,-1.8,439.8,20
-4.1,-1.8,439.7,20
-4.1,-1.8,439.7,20
-4.1,-1.8,439.7,20
-4.2,-1.8,439.7,20
-4.2,-1.8,439.8,20
-4.2,-1.8,439.8,20
-4.2,-1.8,439.8,21
-4.2,-1.8,439.8,21
-4.1,-1.8,439.8,21
-4.1,-1.8,439.8,21
-4.1,-1.8,439.8,20
-4.2,-1.8,439.8,20
-4.2,-1.8,439.8,20
-4.2,-1.8,439.8,20
-4.2,-1.8,439.8,20
-4,-1.8,439.8,20
-4,-1.8,439.8,20
-4,-1.8,439.8,20
-4,-1.8,439.8,20
-4.1,-1.8,439.8,20
-4.1,-1.8,439.8,20
-4.1,-1.8,439.8,20
-4.1,-1.8,439.8,20
-4,-1.8,439.8,20
-4,-1.7,439.8,20
-4,-1.7,439.8,20
-4,-1.7,439.8,20
-4,-1.7,439.8,20
-4.1,-1.8,439.8,20
-4.1,-1.8,439.8,20
-4.1,-1.8,439.8,20
-4.1,-1.8,439.8,20
-4.3,-1.8,439.8,20
-4.3,-1.8,439.8,20
-4.3,-1.8,439.8,20
-4.3,-1.8,439.8,21
-4.3,-1.8,439.8,21
-4.3,-1.8,439.8,21
-4.3,-1.8,439.8,21
-4.3,-1.8,439.8,20
-4.3,-1.8,439.8,20
-4.3,-1.8,439.8,20
-4.3,-1.8,439.8,20
-4.3,-1.8,439.8,20
-4.2,-1.8,439.8,20
-4.2,-1.8,439.8,20
-4.2,-1.8,439.8,20
-4.2,-1.8,439.8,20
-4.2,-1.8,439.8,20
-4.2,-1.8,439.8,20
-4.2,-1.8,439.8,20
-4.2,-1.8,439.8,20
-4.2,-1.8,439.8,20
-4.1,-1.8,439.8,20
-4.1,-1.8,439.8,20
-4.1,-1.8,439.8,20
-4.1,-1.8,439.8,21
-4.1,-1.8,439.8,21
-4.1,-1.8,439.8,21
-4.1,-1.8,439.8,21
-4.1,-1.8,439.8,21
-4.1,-1.8,439.8,21
-4.1,-1.8,439.8,21
-4.1,-1.8,439.8,21
-4.1,-1.8,439.8,20
-4.1,-1.8,439.8,20
-4.2,-1.8,439.8,20
-4.2,-1.8,439.8,20
-4.2,-1.8,439.8,21
-4.1,-1.8,439.8,21
-4.1,-1.8,439.8,21
-4.1,-1.8,439.8,21
-4.1,-1.8,439.8,20
-4.1,-1.8,439.8,20
-4.1,-1.8,439.8,20
-4.1,-1.8,439.8,20
-4.1,-1.8,439.8,20
-4.1,-1.8,439.8,20
-4.1,-1.8,439.8,20
-4.1,-1.8,439.8,20
-4.1,-1.8,439.8,20
-4.1,-1.8,439.8,20
-4.1,-1.8,439.8,20
-4.1,-1.8,439.8,20
-4.1,-1.8,439.8,20
-4.1,-1.8,439.8,20
-4.3,-1.8,439.9,20
-4.3,-1.8,439.9,20
-4.3,-1.8,439.9,20
-4.3,-1.8,439.9,20
-4.3,-1.8,439.8,20
-4.3,-1.8,439.8,20
-4.3,-1.8,439.8,20
-4.3,-1.8,439.8,20
-4.1,-1.8,439.8,20
-4.1,-1.8,439.8,20
-4.1,-1.8,439.8,20
-4.1,-1.8,439.8,21
-4.2,-1.8,439.8,21
-4.2,-1.8,439.8,21
-4.2,-1.8,439.8,21
-4.2,-1.8,439.8,20
-4.2,-1.8,439.8,20
-4.2,-1.8,439.8,20
-4.2,-1.8,439.8,20
-4.2,-1.8,439.8,20
-4.2,-1.8,439.8,20
-4.2,-1.8,439.8,20
-4.2,-1.8,439.8,20
-4.2,-1.8,439.8,21
-4.2,-1.8,439.8,21
-4.3,-1.8,439.8,21
-4.3,-1.8,439.8,21
-4.3,-1.8,439.8,21
-4.2,-1.8,439.8,21
-4.2,-1.8,439.8,21
-4.2,-1.8,439.8,21
-4.2,-1.8,439.8,20
-4.3,-1.8,439.9,20
-4.3,-1.8,439.9,20
-4.3,-1.8,439.9,20
-4.3,-1.8,439.9,20
-4.1,-1.8,439.8,20
-4.1,-1.8,439.8,21
-4.1,-1.8,439.8,21
-4.2,-1.8,439.8,21
-4.2,-1.8,439.8,21
-4.2,-1.8,439.8,20
-4.3,-1.8,439.8,20
-4.3,-1.8,439.8,20
-4.3,-1.8,439.8,20
-4.3,-1.8,439.8,20
-4.2,-1.8,439.9,20
-4.2,-1.8,439.9,20
-4.2,-1.8,439.9,21
-4.2,-1.8,439.9,21
-4.2,-1.8,439.9,21
-4.2,-1.8,439.9,21
-4.2,-1.8,439.9,21
-4.1,-1.8,439.9,21
-4.1,-1.8,439.8,21
-4.1,-1.8,439.8,20
-4.1,-1.8,439.8,20
-4.1,-1.7,439.8,20
-4.1,-1.7,439.8,20
-4.1,-1.7,439.8,20
-4.1,-1.7,439.8,21
-4.1,-1.8,439.8,21
-4.1,-1.8,439.8,21
-4.1,-1.8,439.8,21
-4.2,-1.8,439.8,21
-4.2,-1.8,439.9,21
-4.2,-1.8,439.9,21
-4.2,-1.8,439.9,21
-4.3,-1.8,439.9,21
-4.3,-1.8,439.9,21
-4.3,-1.8,439.9,21
-4.3,-1.8,439.9,21
-4.3,-1.8,439.9,21
-4.3,-1.8,439.9,21
-4.3,-1.8,439.9,21
-4.3,-1.8,439.9,21
-4.3,-1.8,439.9,21
-4.3,-1.8,439.9,21
-4.3,-1.8,439.9,21
-4.3,-1.8,439.9,20
-4.3,-1.8,439.9,20
-4.3,-1.8,439.9,20
-4.3,-1.8,439.9,21
-4.3,-1.8,439.9,21
-4.3,-1.8,439.9,21
-4.3,-1.8,439.9,21
-4.3,-1.8,439.9,21
-4.3,-1.8,439.9,21
-4.3,-1.8,439.9,21
-4.3,-1.8,439.9,21
-4.3,-1.8,439.9,21
-4.1,-1.8,439.9,21
-4.1,-1.8,439.8,21
-4.1,-1.8,439.8,21
-4.1,-1.8,439.8,21
-4.1,-1.8,439.8,21
-4.1,-1.8,439.8,21
-4.1,-1.8,439.8,21
-4.1,-1.8,439.8,21
-4.1,-1.8,439.8,21
-4.1,-1.8,439.8,21
-4.1,-1.8,439.8,21
-4.1,-1.8,439.8,20
-4.1,-1.8,439.8,20
-4.1,-1.8,439.8,20
-4.1,-1.8,439.8,20
-4.1,-1.8,439.8,21
-4.1,-1.8,439.8,21
-4.3,-1.8,439.8,21
-4.3,-1.8,439.9,21
-4.3,-1.8,439.9,21
-4.3,-1.8,439.9,21
-4.3,-1.8,439.9,21
-4.3,-1.8,439.9,21
-4.3,-1.8,439.9,21
-4.3,-1.8,439.9,21
-4.3,-1.8,439.9,21
-4.3,-1.8,439.9,21
-4.3,-1.8,439.9,20
-4.3,-1.8,439.9,20
-4.1,-1.8,439.9,20
-4.1,-1.8,439.9,20
-4.1,-1.8,439.9,21
-4.1,-1.8,439.9,21
-4.1,-1.8,439.9,21
-4.1,-1.8,439.9,21
-4.1,-1.8,439.9,21
-4.1,-1.8,439.9,21
-4.1,-1.8,439.9,21
-4.1,-1.8,439.9,21
-4.1,-1.8,439.9,21
-4.1,-1.8,439.9,21
-4.3,-1.8,439.9,21
-4.3,-1.8,439.9,21
-4.3,-1.8,439.9,21
-4.3,-1.8,439.9,21
-4.3,-1.8,439.9,21
-4.3,-1.8,439.9,21
-4.3,-1.8,439.9,21
-4.3,-1.8,439.9,21
-4.3,-1.8,439.9,21
-4.3,-1.8,439.9,21
-4.3,-1.8,439.9,21
-4.3,-1.8,439.9,21
-4.1,-1.8,439.9,21
-4.1,-1.8,439.9,21
-4.1,-1.8,439.9,21
-4.1,-1.8,439.9,21
-4.1,-1.8,439.9,21
-4.1,-1.8,439.9,21
-4.1,-1.8,439.9,21
-4.1,-1.8,439.9,21
-4.1,-1.8,439.9,21
-4.1,-1.8,439.9,21
-4.1,-1.8,439.9,21
-4.1,-1.8,439.9,21
-4.1,-1.8,439.9,21
-4.1,-1.8,439.9,21
-4.1,-1.8,439.9,21
-4.1,-1.8,439.9,21
-4.1,-1.8,439.9,21
-4.1,-1.8,439.9,21
-4.1,-1.8,439.9,21
-4,-1.8,439.9,21
-4,-1.8,439.9,21
-4,-1.8,439.9,21
-4,-1.8,439.9,21
-4.2,-1.8,439.9,21
-4.2,-1.8,439.9,21
-4.2,-1.8,439.9,21
-4.2,-1.8,439.9,21
-4.1,-1.8,439.9,21
-4.1,-1.8,439.9,21
-4.1,-1.8,439.9,21
-4.1,-1.8,439.9,21
-4.1,-1.7,439.9,21
-4.1,-1.7,439.9,21
-4.1,-1.7,439.9,21
-4.1,-1.7,439.9,21
-4.1,-1.7,439.9,21
-4.3,-1.8,439.9,21
-4.3,-1.8,439.9,21
-4.3,-1.8,439.9,21
-4.3,-1.8,439.9,21
-4.2,-1.8,439.9,21
-4.2,-1.8,439.9,21
-4.2,-1.8,439.9,21
-4.2,-1.8,439.9,21
-4.3,-1.8,439.9,21
-4.3,-1.8,439.9,21
-4.3,-1.8,439.9,21
-4.3,-1.8,439.9,21
-4.3,-1.8,439.9,21
-4.3,-1.8,439.9,21
-4.3,-1.8,439.9,21
-4.3,-1.8,439.9,21
-4.3,-1.8,439.9,21
-4.3,-1.8,439.9,21
-4.3,-1.8,439.9,21
-4.3,-1.8,439.9,21
-4.2,-1.8,439.9,21
-4.2,-1.8,439.9,21
-4.2,-1.8,439.9,21
-4.2,-1.8,439.9,21
-4.1,-1.8,439.9,21
-4.1,-1.8,439.9,21
-4.1,-1.8,439.9,21
-4.1,-1.8,439.9,21
-4.1,-1.8,439.9,21
-4.3,-1.7,439.9,21
-4.3,-1.7,439.9,21
-4.3,-1.7,439.9,21
-4.3,-1.7,439.9,21
-4.2,-1.8,439.9,21
-4.2,-1.8,439.9,21
-4.2,-1.8,439.9,21
-4.2,-1.8,439.9,21
-4,-1.8,439.9,21
-4,-1.8,439.9,21
-4,-1.8,439.9,21
-4,-1.8,439.9,21
-4.1,-1.7,439.9,21
-4.1,-1.7,439.9,21
-4.1,-1.7,439.9,21
-4.1,-1.7,439.9,21
-4.1,-1.7,440,21
-4.1,-1.7,440,21
-4.1,-1.7,440,21
-4.1,-1.7,440,21
-4.3,-1.8,440,21
-4.3,-1.8,440,21
-4.3,-1.8,440,21
-4.3,-1.8,440,21
-4.3,-1.8,440,21
-4.3,-1.8,440,21
-4.3,-1.8,440,21
-4.3,-1.8,440,21
-4.3,-1.8,439.9,21
-4.3,-1.8,439.9,21
-4.3,-1.8,439.9,21
-4.3,-1.8,439.9,21
-4.1,-1.8,439.9,21
-4.1,-1.8,439.9,21
-4.1,-1.8,439.9,21
-4.1,-1.8,439.9,21
-4.3,-1.8,440,21
-4.3,-1.8,440,21
-4.3,-1.8,440,21
-4.3,-1.8,440,21
-4.3,-1.8,440,21
-4.3,-1.8,440,21
-4.3,-1.8,440,21
-4,-1.8,439.9,21
-4,-1.8,439.9,21
-4,-1.8,439.9,21
-4,-1.8,439.9,21
-4.1,-1.8,439.9,21
-4.1,-1.8,439.9,21
-4.1,-1.8,439.9,21
-4.1,-1.8,439.9,21
-4.1,-1.8,439.9,21
-4.2,-1.8,440,21
-4.2,-1.8,440,21
-4.2,-1.8,440,21
-4.2,-1.8,440,21
-4.3,-1.8,440,21
-4.3,-1.8,440,21
-4.3,-1.8,440,21
-4.3,-1.8,440,21
-4.3,-1.8,440,21
-4.1,-1.8,439.9,21
-4.1,-1.8,439.9,21
-4.1,-1.8,439.9,21
-4.2,-1.8,440,21
-4.2,-1.8,440,21
-4.2,-1.8,440,21
-4.2,-1.8,440,21
-4.1,-1.8,440,21
-4.1,-1.8,440,21
-4.1,-1.8,440,21
-4.1,-1.8,440,21
-4.2,-1.8,440,21
-4.2,-1.8,440,21
-4.2,-1.8,440,21
-4.2,-1.8,440,21
-4.1,-1.8,440,21
-4.1,-1.8,440,21
-4.1,-1.8,440,21
-4.1,-1.8,440,21
-4,-1.7,440,21
-4,-1.7,440,21
-4,-1.7,440,21
-4,-1.7,440,21
-4.2,-1.8,440,21
-4.2,-1.8,440,21
-4.2,-1.8,440,21
-4.2,-1.8,440,21
-4.1,-1.8,440,21
-4.1,-1.8,440,21
-4.1,-1.8,440,21
-4.1,-1.8,440,21
-4.3,-1.8,440,21
-4.3,-1.8,440,21
-4.3,-1.8,440,21
-4.2,-1.8,440,21
-4.2,-1.8,440,21
-4.2,-1.8,440,21
-4.2,-1.8,440,21
-4.2,-1.8,440,21
-4.2,-1.8,440,21
-4.2,-1.8,440,21
-4.2,-1.8,440,21
-4.2,-1.8,440,21
-4.2,-1.8,440,21
-4.2,-1.8,440,21
-4.2,-1.8,440,21
-4.3,-1.8,440,21
-4.3,-1.8,440,21
-4.3,-1.8,440,21
-4.3,-1.8,440,21
-4.3,-1.8,440,21
-4.3,-1.8,440,21
-4.3,-1.8,440,21
-4.3,-1.8,440,21
-4.1,-1.8,440,21
-4.1,-1.8,440,21
-4.1,-1.8,440,21
-4.1,-1.8,440,21
-4.2,-1.8,440,21
-4.2,-1.8,440,21
-4.2,-1.8,440,21
-4.2,-1.8,440,21
-4.2,-1.8,440,21
-4.2,-1.8,440,21
-4.2,-1.8,440,21
-4.2,-1.8,440,21
-4.2,-1.8,440,21
-4.3,-1.7,440,21
-4.3,-1.7,440,21
-4.3,-1.7,440,21
-4.3,-1.7,440,21
-4.1,-1.8,440,21
-4.1,-1.8,440,21
-4.1,-1.8,440,21
-4.1,-1.8,440,21
-4.1,-1.8,440,21
-4.1,-1.8,440,21
-4.1,-1.8,440,21
-4.1,-1.8,440,21
-4,-1.8,440,21
-4,-1.8,440,21
-4,-1.8,440,21
-4,-1.8,440,21
-4.1,-1.8,440,21
-4.1,-1.8,440,21
-4.1,-1.8,440,21
-4.1,-1.8,440,21
-4.1,-1.8,440,21
-4.1,-1.8,440,21
-4.1,-1.8,440,21
-4.3,-1.8,440,21
-4.3,-1.8,440,21
-4.3,-1.8,440,21
-4.3,-1.8,440,21
-4.3,-1.8,440,21
-4.3,-1.8,440,21
-4.3,-1.8,440,21
-4.3,-1.8,440,21
-4.3,-1.8,440,21
-4.1,-1.8,440,21
-4.1,-1.8,440,21
-4.1,-1.8,440,21
-4.2,-1.8,440,21
-4.2,-1.8,440,21
-4.2,-1.8,440,21
-4.2,-1.8,440,21
-4.3,-1.8,440,21
-4.3,-1.8,440,21
-4.3,-1.8,440,21
-4.3,-1.8,440,21
-4.3,-1.8,440,21
-4.3,-1.8,440,21
-4.3,-1.8,440,21
-4.3,-1.8,440,21
-4.3,-1.8,440,21
-4.1,-1.8,440,21
-4.1,-1.8,440,21
-4.1,-1.8,440,21
-4.1,-1.8,440,21
-4.2,-1.8,440,21
-4.2,-1.8,440,21
-4.2,-1.8,440,21
-4.2,-1.8,440,21
-4.1,-1.7,440,21
-4.1,-1.7,440,21
-4.1,-1.7,440,21
-4.1,-1.7,440,21
-4.1,-1.8,440,21
-4.1,-1.8,440,21
-4.1,-1.8,440,21
-4.1,-1.8,440,21
-4.1,-1.8,440,21
-4.1,-1.8,440,21
-4.1,-1.8,440,21
-4.1,-1.8,440,21
-4.1,-1.8,440,21
-4.1,-1.8,440,21
-4.1,-1.8,440,21
-4.1,-1.8,440,21
-4.1,-1.8,440,21
-4.1,-1.8,440,21
-4.1,-1.8,440,21
-4.1,-1.8,440,21
-4.1,-1.8,440,21
-4.1,-1.8,440,21
-4.1,-1.8,440,21
-4.1,-1.8,440,21
-4.1,-1.8,440,21
-4.1,-1.8,440,21
-4.1,-1.8,440,21
-4.1,-1.8,440,21
-4.2,-1.8,440,21
-4.2,-1.8,440,21
-4.2,-1.8,440,21
-4.2,-1.8,440,21
-4.2,-1.8,440,21
-4.2,-1.8,440,21
-4.2,-1.8,440,21
-4.2,-1.8,440,21
-4.1,-1.8,440,21
-4.1,-1.8,440,21
-4.1,-1.8,440,21
-4.1,-1.8,440,21
-4.1,-1.8,440,21
-4.1,-1.8,440.1,21
-4.1,-1.8,440.1,21
-4.1,-1.8,440.1,21
-4.1,-1.8,440.1,21
-4.1,-1.8,440.1,21
-4.1,-1.8,440.1,21
-4.1,-1.8,440.1,21
-4.2,-1.8,440.1,21
-4.2,-1.8,440.1,21
-4.2,-1.8,440.1,21
-4.2,-1.8,440.1,21
-4.1,-1.8,440.1,21
-4.1,-1.8,440.1,21
-4.1,-1.8,440.1,21
-4.1,-1.8,440.1,21
-4.1,-1.8,440.1,21
-4.1,-1.8,440.1,21
-4.1,-1.8,440.1,21
-4.1,-1.8,440.1,21
-4.1,-1.8,440,21
-4.1,-1.8,440,21
-4.1,-1.8,440,21
-4.1,-1.8,440,21
-4.2,-1.8,440,21
-4.2,-1.8,440.1,21
-4.2,-1.8,440.1,21
-4.2,-1.8,440.1,21
-4.1,-1.8,440,21
-4.1,-1.8,440,21
-4.1,-1.8,440,21
-4.3,-1.8,440.1,21
-4.3,-1.8,440.1,21
-4.3,-1.8,440.1,21
-4.3,-1.8,440.1,21
-4.1,-1.8,440.1,21
-4.1,-1.8,440.1,21
-4.1,-1.8,440.1,21
-4.1,-1.8,440.1,21
-4,-1.8,440.1,21
-4,-1.8,440.1,21
-4,-1.8,440.1,21
-4,-1.8,440.1,21
-4,-1.8,440.1,21
-4,-1.8,440.1,21
-4,-1.8,440.1,21
-4,-1.8,440.1,21
-4,-1.8,440.1,21
-4.1,-1.8,440.1,21
-4.1,-1.8,440.1,21
-4.1,-1.8,440.1,21
-4.1,-1.8,440.1,21
-4.1,-1.8,440.1,21
-4.1,-1.8,440.1,21
-4.1,-1.8,440.1,21
-4.1,-1.8,440.1,21
-4.3,-1.8,440.1,21
-4.3,-1.8,440.1,21
-4.3,-1.8,440.1,21
-4.3,-1.8,440.1,21
-4.3,-1.8,440.1,21
-4.3,-1.8,440.1,21
-4.3,-1.8,440.1,21
-4.3,-1.8,440.1,21
-4.3,-1.8,440.1,21
-4.3,-1.8,440.1,21
-4.3,-1.8,440.1,21
-4.3,-1.8,440.1,21
-4.3,-1.8,440.1,21
-4.3,-1.8,440.1,21
-4.3,-1.8,440.1,21
-4.3,-1.8,440.1,21
-4.3,-1.8,440.1,21
-4.1,-1.8,440.1,21
-4.1,-1.8,440.1,21
-4.1,-1.8,440.1,21
-4.1,-1.8,440.1,21
-4.1,-1.8,440.1,21
-4.1,-1.8,440.1,21
-4.1,-1.8,440.1,21
-4.1,-1.8,440.1,21
-4,-1.8,440.1,21
-4,-1.8,440.1,21
-4,-1.8,440.1,21
-4,-1.8,440.1,21
-4,-1.8,440.1,21
-4,-1.8,440.1,21
-4,-1.8,440.1,21
-4.1,-1.8,440.1,21
-4.1,-1.8,440.1,21
-4.1,-1.8,440.1,21
-4.1,-1.8,440.1,21
-4.1,-1.8,440.1,21
-4,-1.8,440.1,21
-4,-1.8,440.1,21
-4,-1.8,440.1,21
-4,-1.8,440.1,21
-4,-1.8,440.1,21
-4,-1.8,440.1,21
-4,-1.8,440.1,21
-4,-1.8,440.1,21
-4,-1.8,440.1,21
-4.2,-1.8,440.1,21
-4.2,-1.8,440.1,21
-4.2,-1.8,440.1,21
-4.1,-1.8,440.1,21
-4.1,-1.8,440.1,21
-4.1,-1.8,440.1,21
-4.1,-1.8,440.1,21
-4.2,-1.8,440.1,21
-4.2,-1.8,440.1,21
-4.2,-1.8,440.1,21
-4.2,-1.8,440.1,21
-4.2,-1.8,440.1,21
-4.1,-1.8,440.1,21
-4.1,-1.7,440.1,21
-4.1,-1.7,440.1,21
-4.1,-1.7,440.1,21
-4.1,-1.7,440.1,21
-4.1,-1.8,440.1,21
-4.1,-1.8,440.1,21
-4.1,-1.8,440.1,21
-4.1,-1.8,440.1,21
-4.1,-1.8,440.1,21
-4.1,-1.8,440.1,21
-4.1,-1.8,440.1,21
-4.1,-1.8,440.1,21
-4,-1.8,440.1,21
-4,-1.8,440.1,21
-4,-1.8,440.1,21
-4.2,-1.8,440.1,21
-4.2,-1.8,440.1,21
-4.2,-1.8,440.1,21
-4.2,-1.8,440.1,21
-4.1,-1.7,440.1,21
-4.1,-1.7,440.1,21
-4.1,-1.7,440.1,21
-4.1,-1.7,440.1,21
-4.3,-1.8,440.1,21
-4.3,-1.8,440.1,21
-4.3,-1.8,440.1,21
-4.4,-1.8,440.1,21
-4.4,-1.8,440.2,21
-4.4,-1.8,440.2,21
-4.4,-1.8,440.2,21
-4.4,-1.8,440.2,21
-4.3,-1.8,440.1,21
-4.3,-1.8,440.1,21
-4.3,-1.8,440.1,21
-4.2,-1.8,440.1,21
-4.2,-1.8,440.2,21
-4.2,-1.8,440.2,21
-4.2,-1.8,440.2,21
-4.2,-1.8,440.2,21
-4.3,-1.8,440.1,21
-4.3,-1.8,440.1,21
-4.3,-1.8,440.1,21
-4.3,-1.8,440.1,21
-4.3,-1.8,440.2,21
-4.3,-1.8,440.2,21
-4.3,-1.8,440.2,21
-4.3,-1.8,440.2,21
-4.1,-1.8,440.1,21
-4.1,-1.8,440.1,21
-4.1,-1.8,440.1,21
-4.1,-1.8,440.1,21
-4.2,-1.8,440.1,21
-4.2,-1.8,440.1,21
-4.2,-1.8,440.1,21
-4.2,-1.8,440.1,21
-4.2,-1.8,440.1,21
-4.2,-1.8,440.1,21
-4.2,-1.8,440.2,21
-4.2,-1.8,440.2,21
-4.1,-1.8,440.2,21
-4.1,-1.8,440.1,21
-4.1,-1.8,440.1,21
-4.1,-1.8,440.1,21
-4.1,-1.8,440.1,21
-4.1,-1.8,440.1,21
-4.1,-1.8,440.1,21
-4.1,-1.8,440.1,21
-4,-1.8,440.1,21
-4,-1.8,440.1,21
-4,-1.8,440.1,21
-4.3,-1.8,440.1,21
-4.3,-1.8,440.2,21
-4.3,-1.8,440.2,21
-4.3,-1.8,440.2,21
-4.3,-1.8,440.2,21
-4.3,-1.8,440.2,21
-4.3,-1.8,440.2,21
-4.3,-1.8,440.2,21
-4.3,-1.8,440.2,21
-4,-1.7,440.1,21
-4,-1.7,440.1,21
-4,-1.7,440.1,21
-4,-1.7,440.1,21
-4,-1.7,440.1,21
-4,-1.7,440.1,21
-4,-1.7,440.1,21
-4,-1.7,440.1,21
-4.1,-1.8,440.1,21
-4.1,-1.8,440.1,21
-4.1,-1.8,440.1,21
-4.1,-1.8,440.1,21
-4.2,-1.8,440.2,21
-4.2,-1.8,440.2,21
-4.2,-1.8,440.2,21
-4.2,-1.8,440.2,21
-4.2,-1.8,440.2,21
-4.2,-1.8,440.2,21
-4.2,-1.8,440.2,21
-4.3,-1.8,440.2,21
-4.3,-1.8,440.2,21
-4.3,-1.8,440.2,21
-4.3,-1.8,440.2,21
-4.3,-1.8,440.2,21
-4.1,-1.8,440.2,21
-4.1,-1.8,440.2,21
-4.1,-1.8,440.2,21
-4.1,-1.8,440.2,21
-4.1,-1.7,440.2,21
-4.1,-1.7,440.2,21
-4.1,-1.7,440.2,21
-4.1,-1.7,440.2,21
-4,-1.8,440.2,21
-4,-1.8,440.2,21
-4,-1.8,440.2,21
-4,-1.8,440.2,21
-4.1,-1.8,440.2,21
-4.1,-1.8,440.2,21
-4.1,-1.8,440.2,21
-4.1,-1.8,440.2,21
-4.1,-1.8,440.2,21
-4.1,-1.8,440.2,21
-4.1,-1.8,440.2,21
-4.1,-1.8,440.2,21
-4.1,-1.8,440.2,21
-4.1,-1.8,440.2,21
-4.1,-1.8,440.2,21
-4.1,-1.8,440.2,21
-4.1,-1.8,440.2,21
-4.1,-1.8,440.2,21
-4.1,-1.8,440.2,21
-4.1,-1.8,440.2,21
-4.1,-1.8,440.2,21
-4.1,-1.8,440.2,21
-4.1,-1.8,440.2,21
-4.1,-1.8,440.2,21
-4.1,-1.8,440.2,21
-4.3,-1.8,440.2,21
-4.3,-1.8,440.2,21
-4.3,-1.8,440.2,21
-4.3,-1.8,440.2,21
-4.2,-1.8,440.2,21
-4.2,-1.8,440.2,21
-4.2,-1.8,440.2,21
-4.2,-1.8,440.2,21
-4.1,-1.8,440.2,21
-4.1,-1.8,440.2,21
-4.1,-1.8,440.2,21
-4.1,-1.8,440.2,21
-4.3,-1.8,440.2,21
-4.3,-1.8,440.2,21
-4.3,-1.8,440.2,21
-4.3,-1.8,440.2,21
-4.1,-1.8,440.2,21
-4.1,-1.8,440.2,21
-4.1,-1.8,440.2,21
-4.1,-1.8,440.2,21
-4.2,-1.8,440.2,21
-4.2,-1.7,440.2,21
-4.2,-1.7,440.2,21
-4.2,-1.7,440.2,21
-4.4,-1.8,440.2,21
-4.4,-1.8,440.2,21
-4.4,-1.8,440.2,21
-4.4,-1.8,440.2,21
-4.1,-1.8,440.2,21
-4.1,-1.8,440.2,21
-4.1,-1.8,440.2,21
-4.1,-1.8,440.2,21
-4.2,-1.8,440.2,21
-4.2,-1.8,440.2,21
-4.2,-1.8,440.2,21
-4.1,-1.8,440.2,21
-4.1,-1.8,440.2,21
-4.1,-1.8,440.2,21
-4.1,-1.8,440.2,21
-4.1,-1.8,440.2,21
-4.1,-1.8,440.2,21
-4.1,-1.8,440.2,21
-4.3,-1.8,440.2,21
-4.3,-1.8,440.2,21
-4.3,-1.8,440.2,21
-4.3,-1.8,440.2,21
-4.3,-1.8,440.2,21
-4.3,-1.8,440.2,21
-4.3,-1.8,440.2,21
-4.2,-1.8,440.2,21
-4.2,-1.8,440.2,21
-4.2,-1.8,440.2,21
-4.2,-1.8,440.2,21
-4,-1.8,440.2,21
-4,-1.8,440.2,21
-4,-1.8,440.2,21
-4,-1.8,440.2,21
-4.1,-1.8,440.2,21
-4.1,-1.8,440.3,21
-4.1,-1.8,440.3,21
-4.1,-1.8,440.3,21
-4.1,-1.8,440.3,21
-4.1,-1.8,440.2,21
-4.1,-1.8,440.2,21
-4.1,-1.8,440.2,21
-4.1,-1.8,440.2,21
-4.1,-1.8,440.2,21
-4.1,-1.8,440.2,21
-4.1,-1.8,440.2,21
-4.1,-1.8,440.2,21
-4.1,-1.8,440.2,21
-4.1,-1.8,440.2,21
-4.1,-1.8,440.2,21
-4.1,-1.8,440.2,21
-4.1,-1.8,440.2,21
-4.1,-1.8,440.2,21
-4.1,-1.8,440.2,21
-4.1,-1.7,440.3,21
-4.1,-1.7,440.3,21
-4.1,-1.7,440.3,21
-4.1,-1.7,440.3,21
-4.1,-1.8,440.2,21
-4.1,-1.8,440.2,21
-4.1,-1.8,440.2,21
-4.3,-1.8,440.2,21
-4.3,-1.8,440.2,21
-4.3,-1.8,440.2,21
-4.3,-1.8,440.2,21
-4.3,-1.8,440.2,21
-4.3,-1.8,440.2,21
-4.3,-1.8,440.2,21
-4.3,-1.8,440.2,21
-4.2,-1.8,440.3,21
-4.2,-1.8,440.3,21
-4.2,-1.8,440.3,21
-4.1,-1.8,440.3,21
-4.1,-1.8,440.2,21
-4.1,-1.8,440.2,21
-4.1,-1.8,440.2,21
-4.1,-1.8,440.2,21
-4.1,-1.8,440.2,21
-4.1,-1.8,440.2,21
-4.1,-1.8,440.2,21
-4.1,-1.8,440.2,21
-4.1,-1.8,440.2,21
-4.1,-1.8,440.2,21
-4.1,-1.8,440.2,21
-4.1,-1.8,440.2,21
-4.1,-1.8,440.2,21
-4.1,-1.8,440.2,21
-4.1,-1.8,440.2,21
-4.1,-1.8,440.2,21
-4.1,-1.8,440.2,21
-4.1,-1.8,440.2,21
-4.1,-1.8,440.2,21
-4,-1.8,440.2,21
-4,-1.8,440.2,21
-4,-1.8,440.2,21
-4,-1.8,440.2,21
-4.1,-1.8,440.2,21
-4.1,-1.8,440.2,21
-4.1,-1.8,440.2,21
-4.1,-1.8,440.2,21
-4,-1.8,440.3,21
-4,-1.8,440.3,21
-4,-1.8,440.3,21
-4.3,-1.8,440.3,21
-4.3,-1.8,440.3,21
-4.3,-1.8,440.3,21
-4.3,-1.8,440.3,21
-4.3,-1.8,440.3,21
-4,-1.7,440.3,21
-4,-1.7,440.3,21
-4,-1.7,440.3,21
-4.2,-1.7,440.3,21
-4.2,-1.7,440.3,21
-4.2,-1.7,440.3,21
-4.2,-1.7,440.3,21
-4.1,-1.7,440.3,21
-4.1,-1.8,440.3,21
-4.1,-1.8,440.3,21
-4.1,-1.8,440.3,21
-4.1,-1.8,440.3,21
-4.1,-1.8,440.3,21
-4.3,-1.8,440.3,21
-4.3,-1.8,440.3,21
-4.3,-1.8,440.3,21
-4.3,-1.8,440.3,21
-4.2,-1.8,440.3,21
-4.2,-1.8,440.3,21
-4.2,-1.8,440.3,21
-4.2,-1.8,440.3,21
-4.2,-1.8,440.3,21
-4.2,-1.8,440.3,21
-4.2,-1.8,440.3,21
-4,-1.8,440.3,21
-4,-1.8,440.3,21
-4,-1.8,440.3,21
-4,-1.8,440.3,21
-4.1,-1.8,440.3,21
-4.1,-1.8,440.3,21
-4.1,-1.8,440.3,21
-4.1,-1.8,440.3,21
-4.1,-1.8,440.3,21
-4.1,-1.8,440.3,21
-4.1,-1.8,440.3,21
-4.1,-1.8,440.3,21
-4.1,-1.8,440.3,21
-4.1,-1.8,440.3,21
-4.1,-1.8,440.3,21
-4.1,-1.8,440.3,21
-4.1,-1.7,440.3,21
-4.1,-1.7,440.3,21
-4.1,-1.7,440.3,21
-4.1,-1.7,440.3,21
-4.1,-1.7,440.3,21
-4.1,-1.7,440.3,21
-4.1,-1.7,440.3,21
-4.1,-1.7,440.3,21
-4.1,-1.8,440.3,21
-4.1,-1.8,440.3,21
-4.1,-1.8,440.3,21
-4.3,-1.8,440.3,21
-4.3,-1.8,440.3,21
-4.3,-1.8,440.3,21
-4.3,-1.8,440.3,21
-4.3,-1.8,440.3,21
-4.2,-1.8,440.3,21
-4.2,-1.8,440.3,21
-4.2,-1.8,440.3,21
-4.2,-1.8,440.3,21
-4,-1.8,440.3,21
-4,-1.8,440.3,21
-4,-1.8,440.3,21
-4,-1.8,440.3,21
-4.1,-1.7,440.3,21
-4.1,-1.7,440.3,21
-4.1,-1.7,440.3,21
-4.1,-1.7,440.3,21
-4.2,-1.8,440.3,21
-4.2,-1.8,440.3,21
-4.2,-1.8,440.3,21
-4.1,-1.8,440.3,21
-4.1,-1.8,440.3,21
-4.1,-1.8,440.3,21
-4.1,-1.8,440.3,21
-4.1,-1.8,440.3,21
-4.1,-1.8,440.3,21
-4.1,-1.8,440.3,21
-4.1,-1.8,440.3,21
-4.1,-1.8,440.3,21
-4.1,-1.8,440.3,21
-4.1,-1.8,440.3,21
-4.1,-1.8,440.3,21
-4.2,-1.8,440.3,21
-4.2,-1.8,440.3,21
-4.2,-1.8,440.3,21
-4.2,-1.8,440.3,21
-4.2,-1.8,440.3,21
-4.1,-1.8,440.3,21
-4.1,-1.8,440.3,21
-4.1,-1.8,440.3,21
-4.1,-1.8,440.3,21
-4.1,-1.7,440.3,21
-4.1,-1.7,440.3,21
-4.1,-1.7,440.3,21
-4.1,-1.7,440.3,21
-4.1,-1.8,440.3,21
-4.1,-1.8,440.3,21
-4.1,-1.8,440.3,21
-4.3,-1.8,440.4,21
-4.3,-1.8,440.4,21
-4.3,-1.8,440.4,21
-4.3,-1.8,440.4,21
-4.3,-1.8,440.3,21
-4.3,-1.8,440.3,21
-4.3,-1.8,440.3,21
-4.3,-1.8,440.3,21
-4.3,-1.7,440.3,21
-4.3,-1.7,440.3,21
-4.3,-1.7,440.3,21
-4.3,-1.7,440.3,21
-4.2,-1.8,440.4,21
-4.2,-1.8,440.4,21
-4.2,-1.8,440.4,21
-4.1,-1.8,440.3,21
-4.1,-1.8,440.3,21
-4.1,-1.8,440.3,21
-4.1,-1.8,440.3,21
-4.1,-1.8,440.3,21
-4.1,-1.8,440.3,21
-4.1,-1.8,440.3,21
-4.2,-1.8,440.3,21
-4.2,-1.8,440.2,21
-4.2,-1.8,440.2,21
-4.2,-1.8,440.2,21
-4.3,-1.8,440.3,21
-4.3,-1.8,440.3,21
-4.3,-1.8,440.3,21
-4.3,-1.8,440.3,21
-4.2,-1.8,440.3,21
-4.2,-1.8,440.3,21
-4.2,-1.8,440.3,21
-4.3,-1.8,440.3,21
-4.3,-1.8,440.3,21
-4.3,-1.8,440.3,21
-4.3,-1.8,440.3,21
-4.3,-1.8,440.3,21
-4.2,-1.8,440.3,21
-4.2,-1.8,440.3,21
-4.2,-1.8,440.3,21
-4.2,-1.8,440.3,21
-4.2,-1.8,440.3,21
-4.2,-1.8,440.3,21
-4.2,-1.8,440.3,21
-4.2,-1.8,440.3,21
-4.1,-1.8,440.3,21
-4.1,-1.8,440.3,21
-4.1,-1.8,440.3,21
-4.2,-1.8,440.3,21
-4.2,-1.8,440.3,21
-4.2,-1.8,440.3,21
-4.2,-1.8,440.3,21
-4.3,-1.8,440.3,21
-4.3,-1.8,440.3,21
-4.3,-1.8,440.3,21
-4.3,-1.8,440.3,21
-4.3,-1.8,440.3,21
-4.3,-1.8,440.3,21
-4.3,-1.8,440.3,21
-4.3,-1.8,440.3,21
-4.3,-1.8,440.3,21
-4.3,-1.8,440.3,21
-4.3,-1.8,440.3,21
-4.3,-1.8,440.3,21
-4.3,-1.8,440.3,21
-4.2,-1.7,440.3,21
-4.2,-1.7,440.3,21
-4.2,-1.7,440.3,21
-4.2,-1.8,440.3,21
-4.2,-1.8,440.3,21
-4.2,-1.8,440.3,21
-4.1,-1.8,440.3,21
-4.1,-1.8,440.3,21
-4.1,-1.8,440.3,21
-4.1,-1.8,440.3,21
-4.1,-1.8,440.3,21
-4.1,-1.8,440.3,21
-4.1,-1.8,440.3,21
-4.1,-1.8,440.3,21
-4.1,-1.7,440.3,21
-4.1,-1.7,440.3,21
-4.1,-1.7,440.3,21
-4.1,-1.7,440.3,21
-4.1,-1.7,440.3,21
-4.1,-1.8,440.3,21
-4.1,-1.8,440.3,21
-4.1,-1.8,440.3,21
-4.1,-1.8,440.3,21
-4.3,-1.8,440.3,21
-4.3,-1.8,440.3,21
-4.3,-1.8,440.3,21
-4.3,-1.8,440.3,21
-4.3,-1.8,440.3,21
-4.3,-1.8,440.4,21
-4.3,-1.8,440.4,21
-4.3,-1.8,440.4,21
-4.3,-1.8,440.4,21
-4.3,-1.8,440.3,21
-4.3,-1.8,440.3,21
-4.3,-1.8,440.3,21
-4.3,-1.8,440.3,21
-4.3,-1.8,440.4,21
-4.3,-1.8,440.4,21
-4.3,-1.8,440.4,21
-4.3,-1.8,440.4,21
-4.3,-1.8,440.4,21
-4.3,-1.8,440.4,21
-4.3,-1.8,440.4,21
-4.3,-1.8,440.4,21
-4.3,-1.8,440.4,21
-4.3,-1.8,440.4,21
-4.3,-1.8,440.4,21
-4.3,-1.8,440.4,21
-4.3,-1.8,440.4,21
-4.3,-1.8,440.4,21
-4.3,-1.8,440.4,21
-4.2,-1.8,440.4,21
-4.2,-1.7,440.3,21
-4.2,-1.7,440.3,21
-4.2,-1.7,440.3,21
-4.2,-1.8,440.4,21
-4.2,-1.8,440.4,21
-4.2,-1.8,440.4,21
-4.3,-1.8,440.4,21
-4.3,-1.8,440.4,21
-4.3,-1.8,440.4,21
-4.3,-1.8,440.4,21
-4,-1.8,440.4,21
-4,-1.8,440.3,21
-4,-1.8,440.3,21
-4,-1.8,440.3,21
-4,-1.8,440.3,21
-4,-1.8,440.3,21
-4,-1.8,440.3,21
-4,-1.8,440.3,21
-4.3,-1.8,440.3,21
-4.3,-1.8,440.3,21
-4.3,-1.8,440.3,21
-4.3,-1.8,440.3,21
-4.2,-1.8,440.3,21
-4.2,-1.8,440.4,21
-4.2,-1.8,440.4,21
-4.2,-1.8,440.4,21
-4.2,-1.8,440.4,21
-4.3,-1.8,440.4,21
-4.3,-1.8,440.3,21
-4.3,-1.8,440.3,21
-4.3,-1.8,440.3,21
-4.3,-1.8,440.4,21
-4.3,-1.8,440.4,21
-4.3,-1.8,440.4,21
-4.3,-1.8,440.4,21
-4.3,-1.8,440.4,21
-4.3,-1.8,440.4,21
-4.3,-1.8,440.4,21
-4.3,-1.8,440.4,21
-4.2,-1.8,440.4,21
-4.2,-1.8,440.4,21
-4.2,-1.8,440.4,21
-4.2,-1.8,440.4,21
-4.3,-1.7,440.4,21
-4.3,-1.7,440.4,21
-4.3,-1.7,440.4,21
-4.3,-1.7,440.4,21
-4.2,-1.7,440.4,21
-4.2,-1.7,440.3,21
-4.2,-1.7,440.3,21
-4.2,-1.7,440.3,21
-4.3,-1.8,440.4,21
-4.3,-1.8,440.4,21
-4.3,-1.8,440.4,21
-4.3,-1.8,440.4,21
-4.4,-1.8,440.4,21
-4.4,-1.8,440.4,21
-4.4,-1.8,440.4,21
-4.1,-1.8,440.4,21
-4.1,-1.8,440.4,21
-4.1,-1.8,440.4,21
-4.3,-1.8,440.4,21
-4.3,-1.8,440.4,21
-4.3,-1.8,440.4,21
-4.3,-1.8,440.4,21
-4,-1.8,440.4,21
-4,-1.8,440.4,21
-4,-1.8,440.4,21
-4,-1.8,440.4,21
-4,-1.8,440.4,21
-4.1,-1.8,440.4,21
-4.1,-1.8,440.4,21
-4.1,-1.8,440.4,21
-4.1,-1.8,440.4,21
-4.1,-1.8,440.4,21
-4.1,-1.8,440.4,21
-4.1,-1.8,440.4,21
-4.1,-1.8,440.4,21
-4.2,-1.8,440.4,21
-4.2,-1.8,440.4,21
-4.2,-1.8,440.4,21
-4.2,-1.8,440.4,21
-4.2,-1.8,440.4,21
-4.3,-1.8,440.4,21
-4.3,-1.8,440.4,21
-4.3,-1.8,440.4,21
-4.3,-1.8,440.4,21
-4.2,-1.8,440.4,21
-4.2,-1.8,440.4,21
-4.2,-1.8,440.4,21
-4.2,-1.8,440.4,21
-4.3,-1.7,440.4,21
-4.3,-1.7,440.4,21
-4.3,-1.7,440.4,21
-4.3,-1.7,440.4,21
-4.3,-1.7,440.4,21
-4.1,-1.8,440.4,21
-4.1,-1.8,440.4,21
-4.1,-1.8,440.4,21
-4.1,-1.8,440.4,21
-4.1,-1.8,440.4,21
-4.1,-1.8,440.4,21
-4.1,-1.8,440.4,21
-4.1,-1.8,440.4,21
-4.1,-1.8,440.4,21
-4.1,-1.8,440.4,21
-4.1,-1.8,440.4,21
-4.1,-1.8,440.4,21
-4,-1.8,440.4,21
-4,-1.8,440.4,21
-4,-1.8,440.4,21
-4.1,-1.7,440.4,21
-4.1,-1.7,440.4,21
-4.1,-1.7,440.4,21
-4.3,-1.7,440.4,21
-4.3,-1.8,440.4,21
-4.3,-1.8,440.4,21
-4.3,-1.8,440.4,21
-4.3,-1.8,440.4,21
-4.1,-1.8,440.4,21
-4.1,-1.8,440.4,21
-4.1,-1.8,440.4,21
-4.1,-1.8,440.4,21
-4.3,-1.8,440.4,21
-4.3,-1.8,440.4,21
-4.3,-1.8,440.4,21
-4.3,-1.8,440.4,21
-4,-1.8,440.4,21
-4,-1.8,440.4,21
-4,-1.8,440.4,21
-4,-1.8,440.4,21
-4.2,-1.8,440.4,21
-4.2,-1.8,440.4,21
-4.2,-1.8,440.4,21
-4.2,-1.8,440.4,21
-4.2,-1.8,440.4,21
-4.2,-1.8,440.4,21
-4.2,-1.8,440.4,21
-4.2,-1.8,440.4,21
-4.3,-1.8,440.4,21
-4.3,-1.8,440.4,21
-4.3,-1.8,440.4,21
-4.1,-1.8,440.4,21
-4.1,-1.8,440.4,21
-4.1,-1.8,440.4,21
-4.1,-1.8,440.4,21
-4.1,-1.8,440.4,21
-4.1,-1.8,440.4,21
-4.1,-1.8,440.4,21
-4,-1.8,440.4,21
-4,-1.8,440.4,21
-4,-1.8,440.4,21
-4,-1.8,440.4,21
-4,-1.8,440.4,21
-4.2,-1.8,440.4,21
-4.2,-1.8,440.4,21
-4.2,-1.8,440.4,21
-4.2,-1.8,440.4,21
-4.1,-1.8,440.4,21
-4.1,-1.8,440.5,21
-4.1,-1.8,440.5,21
-4.1,-1.8,440.5,21
-4.1,-1.8,440.4,21
-4.1,-1.8,440.4,21
-4.1,-1.8,440.4,21
-4.1,-1.8,440.4,21
-4.1,-1.8,440.4,21
-4.1,-1.8,440.4,21
-4.1,-1.8,440.4,21
-4.1,-1.8,440.4,21
-4.1,-1.8,440.4,21
-4.1,-1.8,440.4,21
-4.1,-1.8,440.4,21
-4.2,-1.7,440.4,21
-4.2,-1.7,440.4,21
-4.2,-1.7,440.4,21
-4.2,-1.7,440.4,21
-4.1,-1.8,440.4,21
-4.1,-1.8,440.4,21
-4.1,-1.8,440.4,21
-4.1,-1.8,440.4,21
-4.1,-1.8,440.4,21
-4.1,-1.8,440.4,21
-4.1,-1.8,440.4,21
-4.1,-1.8,440.4,21
-4.1,-1.8,440.4,21
-4.1,-1.8,440.4,21
-4.1,-1.8,440.4,21
-4.2,-1.8,440.4,21
-4.2,-1.8,440.5,21
-4.2,-1.8,440.5,21
-4.2,-1.8,440.5,21
-4.2,-1.8,440.5,21
-4.1,-1.8,440.4,21
-4.1,-1.8,440.4,21
-4.1,-1.8,440.4,21
-4.1,-1.8,440.4,21
-4.1,-1.8,440.4,21
-4.1,-1.8,440.4,21
-4.1,-1.8,440.4,21
-4.1,-1.8,440.4,21
-4,-1.7,440.4,21
-4,-1.7,440.4,21
-4,-1.7,440.4,21
-4,-1.7,440.4,21
-4.1,-1.8,440.4,21
-4.1,-1.8,440.4,21
-4.1,-1.8,440.4,21
-4.1,-1.8,440.4,21
-4,-1.8,440.4,21
-4,-1.8,440.4,21
-4,-1.8,440.4,21
-4,-1.8,440.4,21
-4.1,-1.8,440.4,21
-4.1,-1.8,440.5,21
-4.1,-1.8,440.5,21
-4.1,-1.8,440.5,21
-4.1,-1.7,440.4,21
-4.1,-1.7,440.4,21
-4.1,-1.7,440.4,21
-4.3,-1.8,440.4,21
-4.3,-1.8,440.5,21
-4.3,-1.8,440.5,21
-4.3,-1.8,440.5,21
-4.1,-1.8,440.5,21
-4.1,-1.8,440.5,21
-4.1,-1.8,440.5,21
-4.1,-1.8,440.5,21
-4.2,-1.8,440.5,21
-4.2,-1.8,440.5,21
-4.2,-1.8,440.5,21
-4.1,-1.8,440.5,21
-4.1,-1.8,440.5,21
-4.1,-1.8,440.5,21
-4.1,-1.8,440.5,21
-4,-1.8,440.5,21
-4,-1.8,440.5,21
-4,-1.8,440.5,21
-4,-1.8,440.5,21
-4.1,-1.8,440.5,21
-4.1,-1.8,440.5,21
-4.1,-1.8,440.5,21
-4.1,-1.8,440.5,21
-4.2,-1.7,440.5,21
-4.2,-1.7,440.5,21
-4.2,-1.7,440.5,21
-4.2,-1.7,440.5,21
-4.1,-1.8,440.5,21
-4.1,-1.8,440.5,21
-4.1,-1.8,440.5,21
-4.1,-1.8,440.5,21
-4.1,-1.7,440.5,21
-4.1,-1.7,440.5,21
-4.1,-1.7,440.5,21
-4.1,-1.7,440.5,21
-4.2,-1.7,440.5,21
-4.2,-1.7,440.5,21
-4.2,-1.7,440.5,21
-4.2,-1.7,440.5,21
-4.1,-1.8,440.5,21
-4.1,-1.8,440.5,21
-4.1,-1.8,440.5,21
-4.1,-1.8,440.5,21
-4.1,-1.8,440.5,21
-4.1,-1.8,440.5,21
-4.1,-1.8,440.5,21
-4.1,-1.8,440.5,21
-4.1,-1.7,440.5,21
-4.1,-1.7,440.5,21
-4.1,-1.7,440.5,21
-4.3,-1.8,440.5,21
-4.3,-1.8,440.5,21
-4.3,-1.8,440.5,21
-4.1,-1.8,440.5,21
-4.1,-1.8,440.5,21
-4.1,-1.8,440.5,21
-4.1,-1.8,440.5,21
-4.1,-1.8,440.5,21
-4.1,-1.8,440.5,21
-4.1,-1.8,440.5,21
-4.2,-1.8,440.5,21
-4.2,-1.8,440.5,21
-4.2,-1.8,440.5,21
-4.2,-1.8,440.5,21
-4.2,-1.8,440.5,21
-4.2,-1.8,440.5,21
-4.2,-1.8,440.5,21
-4.2,-1.8,440.5,21
-4.2,-1.7,440.5,21
-4.2,-1.7,440.5,21
-4.2,-1.7,440.5,21
-4.2,-1.7,440.5,21
-4.2,-1.7,440.5,21
-4.2,-1.7,440.5,21
-4.2,-1.7,440.5,21
-4.2,-1.7,440.5,21
-4.2,-1.8,440.5,21
-4.2,-1.8,440.5,21
-4.2,-1.8,440.5,21
-4.2,-1.8,440.5,21
-4.3,-1.8,440.5,21
-4.3,-1.8,440.5,21
-4.3,-1.8,440.5,21
-4.3,-1.8,440.5,21
-4,-1.8,440.5,21
-4,-1.8,440.5,21
-4,-1.8,440.5,21
-4.3,-1.8,440.5,21
-4.3,-1.8,440.5,21
-4.3,-1.8,440.5,21
-4.2,-1.8,440.5,21
-4.2,-1.8,440.5,21
-4.2,-1.8,440.5,21
-4.2,-1.8,440.5,21
-4.2,-1.8,440.5,21
-4.3,-1.8,440.5,21
-4.3,-1.8,440.5,21
-4.3,-1.8,440.5,21
-4.3,-1.8,440.5,21
-4.1,-1.8,440.5,21
-4.1,-1.8,440.5,21
-4.1,-1.8,440.5,21
-4.1,-1.8,440.5,21
-4.1,-1.8,440.5,21
-4.1,-1.8,440.5,21
-4.1,-1.8,440.5,21
-4.1,-1.8,440.5,21
-4.1,-1.8,440.5,21
-4.1,-1.8,440.5,21
-4.1,-1.8,440.5,21
-4,-1.8,440.5,21
-4,-1.8,440.5,21
-4,-1.8,440.5,21
-4,-1.8,440.5,21
-4.1,-1.8,440.5,21
-4.1,-1.8,440.5,21
-4.1,-1.8,440.5,21
-4.1,-1.8,440.5,21
-4,-1.8,440.5,21
-4,-1.8,440.5,21
-4,-1.8,440.5,21
-4,-1.8,440.5,21
-4.1,-1.8,440.5,21
-4.1,-1.8,440.5,21
-4.1,-1.8,440.5,21
-4.1,-1.8,440.5,21
-4.1,-1.8,440.5,21
-4.1,-1.8,440.5,21
-4.1,-1.8,440.5,21
-4.1,-1.8,440.5,21
-4.2,-1.7,440.5,21
-4.2,-1.7,440.5,21
-4.2,-1.7,440.5,21
-4.2,-1.7,440.5,21
-4.1,-1.8,440.5,21
-4.1,-1.8,440.5,21
-4.1,-1.8,440.5,21
-4.1,-1.8,440.5,21
-4.1,-1.8,440.5,21
-4.1,-1.8,440.5,21
-4.1,-1.8,440.5,21
-4.1,-1.8,440.5,21
-4.1,-1.8,440.5,21
-4.1,-1.8,440.6,21
-4.1,-1.8,440.6,21
-4.1,-1.8,440.6,21
-4.3,-1.8,440.6,21
-4.3,-1.8,440.6,21
-4.3,-1.8,440.6,21
-4.3,-1.8,440.6,21
-4.2,-1.8,440.6,21
-4.2,-1.8,440.6,21
-4.2,-1.8,440.6,21
-4.2,-1.8,440.6,21
-4,-1.8,440.5,21
-4,-1.8,440.5,21
-4,-1.8,440.5,21
-4.2,-1.8,440.6,21
-4.2,-1.8,440.6,21
-4.2,-1.8,440.6,21
-4.2,-1.8,440.6,21
-4.2,-1.8,440.6,21
-4.2,-1.8,440.5,21
-4.2,-1.8,440.5,21
-4.2,-1.8,440.5,21
-4.2,-1.9,440.6,21
-4.2,-1.9,440.6,21
-4.1,-1.9,440.6,21
-4.1,-1.8,440.5,21
-4.1,-1.8,440.5,21
-4.1,-1.8,440.5,21
-4.1,-1.8,440.5,21
-4.1,-1.8,440.6,21
-4.1,-1.8,440.6,21
-4.1,-1.8,440.6,21
-4.1,-1.7,440.6,21
-4.1,-1.7,440.5,21
-4.1,-1.7,440.5,21
-4.1,-1.7,440.5,21
-4.2,-1.8,440.6,21
-4.2,-1.8,440.6,21
-4.2,-1.8,440.6,21
-4.2,-1.8,440.6,21
-4.1,-1.7,440.5,21
-4.1,-1.7,440.5,21
-4.1,-1.7,440.5,21
-4.1,-1.7,440.5,21
-4.2,-1.7,440.6,21
-4.2,-1.7,440.6,21
-4.2,-1.7,440.6,21
-4.2,-1.7,440.6,21
-4.2,-1.8,440.6,21
-4.2,-1.8,440.6,21
-4.2,-1.8,440.6,21
-4.2,-1.8,440.6,21
-4,-1.8,440.6,21
-4,-1.8,440.5,21
-4,-1.8,440.5,21
-4.2,-1.8,440.5,21
-4.2,-1.8,440.6,21
-4.2,-1.8,440.6,21
-4.2,-1.8,440.6,21
-4.3,-1.8,440.6,21
-4.3,-1.8,440.6,21
-4.3,-1.8,440.6,21
-4.3,-1.8,440.6,21
-4.3,-1.9,440.6,21
-4.3,-1.9,440.6,21
-4.3,-1.9,440.6,21
-4.3,-1.9,440.6,21
-4.2,-1.8,440.6,21
-4.2,-1.8,440.6,21
-4.2,-1.8,440.6,21
-4.2,-1.8,440.6,21
-4.3,-1.8,440.6,21
-4.3,-1.8,440.6,21
-4.3,-1.8,440.6,21
-4.1,-1.8,440.6,21
-4.1,-1.8,440.6,21
-4.1,-1.8,440.6,21
-4.1,-1.8,440.6,21
-4.2,-1.8,440.6,21
-4.2,-1.8,440.6,21
-4.2,-1.8,440.6,21
-4.2,-1.8,440.6,21
-4.2,-1.8,440.6,21
-4.2,-1.8,440.6,21
-4.2,-1.8,440.6,21
-4.4,-1.8,440.6,21
-4.4,-1.8,440.6,21
-4.4,-1.8,440.6,21
-4.4,-1.8,440.6,21
-4.3,-1.8,440.6,21
-4.3,-1.7,440.6,21
-4.3,-1.7,440.6,21
-4.3,-1.7,440.6,21
-4.3,-1.7,440.6,21
-4.1,-1.8,440.6,21
-4.1,-1.8,440.6,21
-4.1,-1.8,440.6,21
-4.1,-1.8,440.6,21
-4.1,-1.8,440.6,21
-4.1,-1.8,440.6,21
-4.1,-1.8,440.6,21
-4.1,-1.8,440.6,21
-4.1,-1.8,440.6,21
-4.1,-1.8,440.6,21
-4.1,-1.8,440.6,21
-4.1,-1.8,440.6,21
-4.2,-1.7,440.6,21
-4.2,-1.7,440.6,21
-4.2,-1.7,440.6,21
-4.2,-1.7,440.6,21
-4.1,-1.8,440.6,21
-4.1,-1.8,440.6,21
-4.1,-1.8,440.6,21
-4.2,-1.8,440.6,21
-4.2,-1.8,440.6,21
-4.2,-1.8,440.6,21
-4.2,-1.8,440.6,21
-4.2,-1.8,440.6,21
-4.2,-1.8,440.6,21
-4.2,-1.8,440.6,21
-4.2,-1.8,440.6,21
-4.2,-1.8,440.6,21
-4.2,-1.8,440.6,21
-4.2,-1.8,440.6,21
-4.1,-1.8,440.6,21
-4.1,-1.8,440.6,21
-4.1,-1.8,440.6,21
-4.1,-1.8,440.6,21
-4.1,-1.7,440.6,21
-4.1,-1.7,440.6,21
-4.1,-1.7,440.6,21
-4.1,-1.7,440.6,21
-4.1,-1.8,440.6,21
-4.1,-1.8,440.6,21
-4.1,-1.8,440.6,21
-4.1,-1.8,440.6,21
-4.2,-1.8,440.6,21
-4.2,-1.8,440.6,21
-4.2,-1.8,440.6,21
-4.2,-1.8,440.6,21
-4.2,-1.8,440.6,21
-4.2,-1.8,440.6,21
-4.2,-1.8,440.6,21
-4.2,-1.8,440.6,21
-4.3,-1.8,440.6,21
-4.3,-1.8,440.7,21
-4.3,-1.8,440.7,21
-4.3,-1.8,440.7,21
-4.3,-1.8,440.7,21
-4.2,-1.8,440.7,21
-4.2,-1.8,440.7,21
-4.2,-1.8,440.7,21
-4.2,-1.8,440.7,21
-4.2,-1.8,440.7,21
-4.2,-1.8,440.7,21
-4.2,-1.8,440.7,21
-4.2,-1.8,440.7,21
-4.3,-1.8,440.7,21
-4.3,-1.8,440.7,21
-4.3,-1.8,440.7,21
-4.3,-1.8,440.7,21
-4.3,-1.8,440.6,21
-4.3,-1.8,440.6,21
-4.1,-1.8,440.6,21
-4.1,-1.8,440.6,21
-4.1,-1.8,440.6,21
-4.1,-1.8,440.6,21
-4.1,-1.8,440.6,21
-4.1,-1.8,440.6,21
-4.1,-1.8,440.6,21
-4.1,-1.8,440.6,21
-4.1,-1.8,440.6,21
-4.1,-1.8,440.6,21
-4.1,-1.8,440.6,21
-4.1,-1.8,440.6,21
-4.1,-1.8,440.6,21
-4.1,-1.7,440.6,21
-4.1,-1.7,440.6,21
-4.1,-1.7,440.6,21
-4.1,-1.7,440.6,21
-4.1,-1.7,440.6,21
-4.1,-1.7,440.6,21
-4.1,-1.7,440.6,21
-4.1,-1.7,440.6,21
-4.2,-1.8,440.6,21
-4.2,-1.8,440.6,21
-4.2,-1.8,440.6,21
-4.1,-1.7,440.6,21
-4.1,-1.7,440.6,21
-4.1,-1.7,440.6,21
-4.3,-1.7,440.6,21
-4.3,-1.8,440.7,21
-4.3,-1.8,440.7,21
-4.3,-1.8,440.7,21
-4.1,-1.8,440.6,21
-4.1,-1.8,440.6,21
-4.1,-1.8,440.6,21
-4.1,-1.8,440.6,21
-4.2,-1.8,440.6,21
-4.2,-1.8,440.7,21
-4.2,-1.8,440.7,21
-4.2,-1.8,440.7,21
-4.2,-1.8,440.7,21
-4.2,-1.7,440.7,21
-4.2,-1.7,440.7,21
-4.2,-1.7,440.7,21
-4.2,-1.7,440.7,21
-4.1,-1.7,440.6,21
-4.1,-1.7,440.6,21
-4.1,-1.7,440.6,21
-4.1,-1.7,440.6,21
-4.1,-1.7,440.6,21
-4.1,-1.8,440.7,21
-4.1,-1.8,440.7,21
-4.1,-1.8,440.7,21
-4.1,-1.8,440.7,21
-4.2,-1.8,440.7,21
-4.2,-1.8,440.7,21
-4.2,-1.8,440.7,21
-4.1,-1.7,440.6,21
-4.1,-1.7,440.6,21
-4.1,-1.7,440.6,21
-4.3,-1.8,440.6,21
-4.3,-1.8,440.7,21
-4.3,-1.8,440.7,21
-4.3,-1.8,440.7,21
-4.2,-1.8,440.7,21
-4.2,-1.8,440.7,21
-4.2,-1.8,440.7,21
-4.2,-1.8,440.7,21
-4.2,-1.8,440.7,21
-4.2,-1.8,440.7,21
-4.2,-1.8,440.7,21
-4.2,-1.8,440.7,21
-4.3,-1.8,440.7,21
-4.3,-1.8,440.7,21
-4.3,-1.8,440.7,21
-4.3,-1.8,440.7,21
-4.4,-1.8,440.7,21
-4.4,-1.8,440.7,21
-4.4,-1.8,440.7,21
-4.1,-1.7,440.6,21
-4.1,-1.7,440.6,21
-4.1,-1.7,440.6,21
-4.1,-1.7,440.6,21
-4.1,-1.7,440.7,21
-4.1,-1.7,440.7,21
-4.1,-1.7,440.7,21
-4.2,-1.8,440.7,21
-4.2,-1.8,440.7,21
-4.2,-1.8,440.7,21
-4.2,-1.8,440.7,21
-4.2,-1.8,440.7,21
-4,-1.8,440.7,21
-4,-1.8,440.7,21
-4,-1.8,440.7,21
-4,-1.8,440.7,21
-4.1,-1.8,440.7,21
-4.1,-1.8,440.7,21
-4.1,-1.8,440.7,21
-4.1,-1.8,440.7,21
-4.1,-1.8,440.7,21
-4.1,-1.8,440.7,21
-4.1,-1.8,440.7,21
-4.1,-1.8,440.7,21
-4,-1.7,440.7,21
-4,-1.7,440.7,21
-4,-1.7,440.7,21
-4,-1.7,440.7,21
-4.1,-1.8,440.7,21
-4.1,-1.8,440.7,21
-4.1,-1.8,440.7,21
-4,-1.8,440.7,21
-4,-1.8,440.7,21
-4,-1.8,440.7,21
-4,-1.8,440.7,21
-4.3,-1.8,440.7,21
-4.3,-1.8,440.7,21
-4.3,-1.8,440.7,21
-4.3,-1.8,440.7,21
-4.2,-1.7,440.7,21
-4.2,-1.7,440.7,21
-4.2,-1.7,440.7,21
-4.2,-1.7,440.7,21
-4.2,-1.8,440.7,21
-4.2,-1.8,440.7,21
-4.2,-1.8,440.7,21
-4.2,-1.8,440.7,21
-4.2,-1.8,440.7,21
-4.2,-1.8,440.7,21
-4.2,-1.8,440.7,21
-4.2,-1.8,440.7,21
-4.3,-1.8,440.7,21
-4.3,-1.8,440.7,21
-4.3,-1.8,440.7,21
-4.1,-1.8,440.7,21
-4.1,-1.8,440.7,21
-4.1,-1.8,440.7,21
-4.1,-1.8,440.7,21
-4.1,-1.8,440.7,21
-4.3,-1.8,440.7,21
-4.3,-1.8,440.7,21
-4.3,-1.8,440.7,21
-4.3,-1.8,440.7,21
-4.3,-1.8,440.7,21
-4.3,-1.8,440.7,21
-4.3,-1.8,440.7,21
-4.2,-1.8,440.7,21
-4.2,-1.8,440.7,21
-4.2,-1.8,440.7,21
-4.2,-1.8,440.7,21
-4.1,-1.8,440.7,21
-4.1,-1.8,440.7,21
-4.1,-1.8,440.7,21
-4.3,-1.8,440.7,21
-4.3,-1.8,440.7,21
-4.3,-1.8,440.7,21
-4.3,-1.8,440.7,21
-4.2,-1.8,440.7,21
-4.2,-1.8,440.7,21
-4.2,-1.8,440.7,21
-4.2,-1.8,440.7,21
-4.2,-1.8,440.7,21
-4.2,-1.8,440.7,21
-4.2,-1.8,440.7,21
-4.1,-1.8,440.7,21
-4.1,-1.8,440.7,21
-4.1,-1.8,440.7,21
-4.3,-1.8,440.7,21
-4.3,-1.8,440.7,21
-4.3,-1.8,440.7,21
-4.3,-1.8,440.7,21
-4.3,-1.8,440.7,21
-4.3,-1.8,440.7,21
-4.3,-1.8,440.7,21
-4,-1.8,440.7,21
-4,-1.8,440.7,21
-4,-1.8,440.7,21
-4,-1.8,440.7,21
-4.1,-1.8,440.7,21
-4.1,-1.8,440.7,21
-4.1,-1.8,440.7,21
-4.1,-1.8,440.7,21
-4,-1.8,440.7,21
-4,-1.8,440.7,21
-4,-1.8,440.7,21
-4,-1.8,440.7,21
-4.1,-1.8,440.7,21
-4.1,-1.8,440.8,21
-4.1,-1.8,440.8,21
-4.1,-1.8,440.8,21
-4.2,-1.8,440.8,21
-4.2,-1.8,440.8,21
-4.2,-1.8,440.8,21
-4.2,-1.8,440.8,21
-4.3,-1.8,440.8,21
-4.3,-1.8,440.8,21
-4.3,-1.8,440.8,21
-4.3,-1.8,440.8,21
-4.3,-1.8,440.8,21
-4.3,-1.8,440.8,21
-4.3,-1.8,440.8,21
-4.3,-1.8,440.8,21
-4.2,-1.8,440.8,21
-4.2,-1.8,440.8,21
-4.2,-1.8,440.8,21
-4.2,-1.8,440.8,21
-4.2,-1.8,440.8,21
-4.2,-1.8,440.8,21
-4.2,-1.8,440.8,21
-4,-1.8,440.8,21
-4,-1.8,440.7,21
-4,-1.8,440.7,21
-4,-1.8,440.7,21
-4,-1.8,440.7,21
-4.1,-1.8,440.7,21
-4.1,-1.8,440.7,21
-4.1,-1.8,440.7,21
-4.1,-1.8,440.7,21
-4.1,-1.8,440.7,21
-4.1,-1.8,440.7,21
-4.1,-1.8,440.7,21
-4.3,-1.8,440.8,21
-4.3,-1.8,440.8,21
-4.3,-1.8,440.8,21
-4.3,-1.8,440.8,21
-4.4,-1.8,440.8,21
-4.4,-1.8,440.8,21
-4.4,-1.8,440.8,21
-4.2,-1.8,440.8,21
-4.2,-1.8,440.8,21
-4.2,-1.8,440.8,21
-4.2,-1.8,440.8,21
-4.2,-1.8,440.8,21
-4.2,-1.8,440.8,21
-4.2,-1.8,440.8,21
-4.2,-1.8,440.8,21
-4.2,-1.8,440.8,21
-4.2,-1.8,440.8,21
-4.2,-1.8,440.8,21
-4.2,-1.8,440.8,21
-4.2,-1.8,440.8,21
-4.2,-1.8,440.8,21
-4.2,-1.8,440.8,21
-4.2,-1.8,440.8,21
-4.1,-1.8,440.8,21
-4.1,-1.8,440.8,21
-4.1,-1.8,440.8,21
-4.1,-1.8,440.8,21
-4.3,-1.8,440.8,21
-4.3,-1.8,440.8,21
-4.3,-1.8,440.8,21
-4.3,-1.8,440.8,21
-4.2,-1.8,440.8,21
-4.2,-1.8,440.8,21
-4.2,-1.8,440.8,21
-4.2,-1.8,440.8,21
-4.2,-1.8,440.8,21
-4.2,-1.8,440.8,21
-4.2,-1.8,440.8,21
-4.2,-1.8,440.8,21
-4.2,-1.8,440.8,21
-4.3,-1.8,440.8,21
-4.3,-1.8,440.8,21
-4.3,-1.8,440.8,21
-4.2,-1.8,440.8,21
-4.2,-1.8,440.8,21
-4.2,-1.8,440.8,21
-4.2,-1.8,440.8,21
-4.2,-1.8,440.8,21
-4.2,-1.8,440.8,21
-4.2,-1.8,440.8,21
-4.2,-1.8,440.8,21
-4.2,-1.8,440.8,21
-4.2,-1.8,440.8,21
-4.2,-1.8,440.8,21
-4.2,-1.8,440.8,21
-4.2,-1.8,440.8,21
-4.2,-1.8,440.8,21
-4.2,-1.8,440.8,21
-4.2,-1.8,440.8,21
-4,-1.8,440.8,21
-4,-1.8,440.8,21
-4,-1.8,440.8,21
-4.1,-1.7,440.8,21
-4.1,-1.7,440.8,21
-4.1,-1.7,440.8,21
-4.1,-1.7,440.8,21
-4.3,-1.7,440.8,21
-4.3,-1.7,440.8,21
-4.3,-1.7,440.8,21
-4.3,-1.7,440.8,21
-4.3,-1.8,440.8,21
-4.3,-1.8,440.8,21
-4.3,-1.8,440.8,21
-4.3,-1.8,440.8,21
-4,-1.8,440.8,21
-4,-1.8,440.8,21
-4,-1.8,440.8,21
-4,-1.8,440.8,21
-4.2,-1.7,440.8,21
-4.2,-1.7,440.8,21
-4.2,-1.7,440.8,21
-4.2,-1.7,440.8,21
-4.2,-1.8,440.8,21
-4.2,-1.8,440.8,21
-4.2,-1.8,440.8,21
-4.2,-1.8,440.8,21
-4,-1.8,440.8,21
-4,-1.8,440.8,21
-4,-1.8,440.8,21
-4.3,-1.8,440.8,21
-4.3,-1.8,440.8,21
-4.3,-1.8,440.8,21
-4.3,-1.8,440.8,21
-4.2,-1.8,440.8,21
-4.2,-1.8,440.8,21
-4.2,-1.8,440.8,21
-4.1,-1.8,440.8,21
-4.1,-1.7,440.8,21
-4.1,-1.7,440.8,21
-4.3,-1.7,440.8,21
-4.3,-1.8,440.8,21
-4.3,-1.8,440.8,21
-4.3,-1.8,440.8,21
-4.2,-1.8,440.8,21
-4.2,-1.8,440.8,21
-4.2,-1.8,440.8,21
-4.2,-1.8,440.8,21
-4.2,-1.8,440.8,21
-4.2,-1.8,440.8,21
-4.2,-1.8,440.8,21
-4.2,-1.8,440.8,21
-4.2,-1.8,440.8,21
-4.2,-1.8,440.8,21
-4.2,-1.8,440.8,21
-4.2,-1.8,440.8,21
-4.2,-1.8,440.8,21
-4.2,-1.8,440.8,21
-4.3,-1.8,440.8,21
-4.3,-1.8,440.8,21
-4.3,-1.8,440.8,21
-4.3,-1.8,440.8,21
-4.1,-1.8,440.8,21
-4.1,-1.8,440.8,21
-4.1,-1.8,440.8,21
-4,-1.8,440.8,21
-4,-1.8,440.8,21
-4,-1.8,440.8,21
-4,-1.8,440.8,21
-4,-1.8,440.8,21
-4.2,-1.8,440.8,21
-4.2,-1.8,440.8,21
-4.2,-1.8,440.8,21
-4.2,-1.8,440.8,21
-4.2,-1.8,440.8,21
-4.2,-1.8,440.9,21
-4.2,-1.8,440.9,21
-4.2,-1.8,440.9,21
-4.2,-1.8,440.9,21
-4.3,-1.8,440.8,21
-4.3,-1.8,440.8,21
-4.3,-1.8,440.8,21
-4.3,-1.8,440.8,21
-4.3,-1.8,440.8,21
-4.3,-1.8,440.8,21
-4.3,-1.8,440.8,21
-4.2,-1.8,440.8,21
-4.2,-1.7,440.8,21
-4.2,-1.7,440.8,21
-4.2,-1.7,440.8,21
-4.3,-1.7,440.8,21
-4.3,-1.8,440.9,21
-4.3,-1.8,440.9,21
-4.3,-1.8,440.9,21
-4.2,-1.8,440.9,21
-4.2,-1.8,440.9,21
-4.2,-1.8,440.9,21
-4.1,-1.8,440.8,21
-4.1,-1.8,440.8,21
-4.1,-1.8,440.8,21
-4.1,-1.8,440.8,21
-4.1,-1.8,440.8,21
-4.1,-1.8,440.8,21
-4.1,-1.8,440.8,21
-4.1,-1.8,440.8,21
-4.2,-1.8,440.8,21
-4.2,-1.8,440.8,21
-4.2,-1.8,440.8,21
-4.2,-1.8,440.8,21
-4.1,-1.8,440.8,21
-4.1,-1.8,440.9,21
-4.1,-1.8,440.9,21
-4.1,-1.8,440.9,21
-4.1,-1.8,440.8,21
-4.1,-1.8,440.8,21
-4.1,-1.8,440.8,21
-4.1,-1.8,440.8,21
-4.1,-1.8,440.8,21
-4.1,-1.8,440.8,21
-4.1,-1.8,440.8,21
-4.1,-1.8,440.8,21
-4,-1.8,440.8,21
-4,-1.8,440.8,21
-4,-1.8,440.8,21
-4.2,-1.7,440.8,21
-4.2,-1.7,440.8,21
-4.2,-1.7,440.8,21
-4.2,-1.7,440.8,21
-4.2,-1.7,440.8,21
-4.2,-1.7,440.8,21
-4.2,-1.7,440.8,21
-4.2,-1.7,440.8,21
-4.2,-1.7,440.8,21
-4.2,-1.8,440.8,21
-4.2,-1.8,440.8,21
-4.2,-1.8,440.8,21
-4.1,-1.8,440.8,21
-4.1,-1.7,440.8,21
-4.1,-1.7,440.8,21
-4.1,-1.7,440.8,21
-4.1,-1.7,440.8,21
-3.9,-1.8,440.8,21
-3.9,-1.8,440.8,21
-3.9,-1.8,440.8,21
-4,-1.7,440.8,21
-4,-1.7,440.9,21
-4,-1.7,440.9,21
-4.2,-1.7,440.9,21
-4.2,-1.8,440.9,21
-4.2,-1.8,440.9,21
-4.1,-1.8,440.9,21
-4.1,-1.8,440.9,21
-4.1,-1.8,440.9,21
-4.1,-1.8,440.9,21
-4.1,-1.8,440.9,21
-4.1,-1.8,440.9,21
-4.1,-1.8,440.9,21
-4.1,-1.8,440.9,21
-4.1,-1.8,440.9,21
-4.2,-1.8,440.9,21
-4.2,-1.8,440.9,21
-4.2,-1.8,440.9,21
-4.2,-1.8,440.9,21
-4.2,-1.8,440.9,21
-4.2,-1.8,440.9,21
-4.2,-1.8,440.9,21
-4.2,-1.8,440.9,21
-4.2,-1.8,440.9,21
-4.2,-1.8,440.9,21
-4.2,-1.8,440.9,21
-4.2,-1.8,440.9,21
-4.3,-1.8,440.9,21
-4.3,-1.8,440.9,21
-4.3,-1.8,440.9,21
-4.3,-1.8,440.9,21
-4.3,-1.8,440.9,21
-4.3,-1.8,440.9,21
-4.3,-1.8,440.9,21
-4.3,-1.8,440.9,21
-4.3,-1.8,440.9,21
-4.3,-1.8,440.9,21
-4.3,-1.8,440.9,21
-4.3,-1.8,440.9,21
-4.3,-1.8,440.9,21
-4.2,-1.8,440.9,21
-4.2,-1.8,440.9,21
-4.2,-1.8,440.9,21
-4.2,-1.8,440.9,21
-4.1,-1.8,440.9,21
-4.1,-1.8,440.9,21
-4.1,-1.8,440.9,21
-4.1,-1.8,440.9,21
-4.1,-1.8,440.9,21
-4.2,-1.8,440.9,21
-4.2,-1.8,440.9,21
-4.2,-1.8,440.9,21
-4.2,-1.8,440.9,21
-4.2,-1.8,440.9,21
-4.2,-1.8,440.9,21
-4.2,-1.8,440.9,21
-4.1,-1.8,440.9,21
-4.1,-1.8,440.9,21
-4.1,-1.8,440.9,21
-4.1,-1.8,440.9,21
-4,-1.8,440.9,21
-4,-1.8,440.9,21
-4,-1.8,440.9,21
-4,-1.8,440.9,21
-4,-1.7,440.9,21
-4,-1.7,440.9,21
-4,-1.7,440.9,21
-4,-1.7,440.9,21
-4.1,-1.7,440.9,21
-4.1,-1.8,440.9,21
-4.1,-1.8,440.9,21
-4.1,-1.8,440.9,21
-4.1,-1.7,440.9,21
-4.1,-1.7,440.9,21
-4.1,-1.7,440.9,21
-4.1,-1.7,440.9,21
-4.2,-1.8,440.9,21
-4.2,-1.8,440.9,21
-4.2,-1.8,440.9,21
-4.2,-1.8,440.9,21
-4.1,-1.8,440.9,21
-4.1,-1.8,440.9,21
-4.1,-1.8,440.9,21
-4.1,-1.8,440.9,21
-4,-1.7,440.9,21
-4,-1.7,440.9,21
-4,-1.7,440.9,21
-4,-1.7,440.9,21
-4.1,-1.7,440.9,21
-4.1,-1.8,440.9,21
-4.1,-1.8,440.9,21
-4.1,-1.8,440.9,21
-4.1,-1.8,440.9,21
-4.1,-1.8,440.9,21
-4.1,-1.8,440.9,21
-4.1,-1.8,440.9,21
-4.1,-1.8,440.9,21
-4.2,-1.8,440.9,21
-4.2,-1.8,440.9,21
-4.2,-1.8,440.9,21
-4.2,-1.8,440.9,21
-4.2,-1.8,440.9,21
-4.2,-1.8,440.9,21
-4.2,-1.8,440.9,21
-4.1,-1.8,440.9,21
-4.1,-1.8,440.9,21
-4.1,-1.8,440.9,21
-4.1,-1.8,440.9,21
-4.1,-1.8,440.9,21
-4.1,-1.8,440.9,21
-4.1,-1.8,440.9,21
-4.1,-1.8,440.9,21
-4.2,-1.8,440.9,21
-4.2,-1.8,440.9,21
-4.2,-1.8,440.9,21
-4.3,-1.8,440.9,21
-4.3,-1.8,440.9,21
-4.3,-1.8,440.9,21
-4.3,-1.8,440.9,21
-4.2,-1.8,440.9,21
-4.2,-1.7,440.9,21
-4.2,-1.7,440.9,21
-4.2,-1.7,440.9,21
-4.2,-1.8,440.9,21
-4.2,-1.8,440.9,21
-4.2,-1.8,440.9,21
-4.2,-1.8,440.9,21
-4.3,-1.8,440.9,21
-4.3,-1.8,440.9,21
-4.3,-1.8,440.9,21
-4.3,-1.8,440.9,21
-4.3,-1.8,440.9,21
-4.3,-1.8,441,21
-4.3,-1.8,441,21
-4.3,-1.8,441,21
-4.3,-1.8,441,21
-4.3,-1.8,441,21
-4.3,-1.8,441,21
-4.3,-1.8,441,21
-4.3,-1.8,441,21
-4.3,-1.8,441,21
-4.3,-1.8,441,21
-4.3,-1.8,441,21
-4.2,-1.8,441,21
-4.2,-1.8,441,21
-4.2,-1.8,441,21
-4.1,-1.8,441,21
-4.1,-1.8,441,21
-4.1,-1.8,441,21
-4.1,-1.8,441,21
-4.2,-1.8,441,21
-4.2,-1.8,441,21
-4.2,-1.8,441,21
-4.2,-1.8,441,21
-4.1,-1.8,441,21
-4.1,-1.8,441,21
-4.1,-1.8,441,21
-4.1,-1.8,441,21
-4.1,-1.8,441,21
-4.2,-1.8,441,21
-4.2,-1.8,441,21
-4.2,-1.8,441,21
-4.1,-1.8,441,21
-4.1,-1.8,441,21
-4.1,-1.8,441,21
-4.1,-1.8,441,21
-4.1,-1.8,441,21
-4.1,-1.8,441,21
-4.1,-1.8,441,21
-4.1,-1.8,441,21
-4.1,-1.8,441,21
-4.1,-1.8,441,21
-4.1,-1.8,441,21
-4.1,-1.8,441,21
-4.1,-1.7,441,21
-4.1,-1.7,441,21
-4.1,-1.7,441,21
-4.1,-1.7,441,21
-3.9,-1.7,441,21
-3.9,-1.7,441,21
-3.9,-1.7,441,21
-3.9,-1.7,441,21
-4,-1.8,441,21
-4,-1.8,441,21
-4,-1.8,441,21
-4,-1.8,441,21
-4.1,-1.7,441,21
-4.1,-1.7,441,21
-4.1,-1.7,441,21
-4.1,-1.7,441,21
-4.1,-1.7,441,21
-4.1,-1.7,441,21
-4.1,-1.7,441,21
-4.2,-1.7,441,21
-4.2,-1.8,441,21
-4.2,-1.8,441,21
-4.2,-1.8,441,21
-4.2,-1.8,441,21
-4.1,-1.7,441,21
-4.1,-1.7,441,21
-4.1,-1.7,441,21
-4.1,-1.7,441,21
-4.1,-1.8,441,21
-4.1,-1.8,441,21
-4.1,-1.8,441,21
-4.1,-1.8,441,21
-4.3,-1.8,441,21
-4.3,-1.8,441,21
-4.3,-1.8,441,21
-4.3,-1.8,441,21
-4.1,-1.8,441,21
-4.1,-1.8,441,21
-4.1,-1.8,441,21
-4.1,-1.8,441,21
-4,-1.8,441,21
-4,-1.8,441,21
-4,-1.8,441,21
-4,-1.8,441,21
-4,-1.8,441,21
-4,-1.8,441,21
-4,-1.8,441,21
-4,-1.8,441,21
-4.1,-1.7,441,21
-4.1,-1.7,441,21
-4.1,-1.7,441,21
-4.1,-1.7,441,21
-4,-1.8,441,21
-4,-1.8,441,21
-4,-1.8,441,21
-4,-1.8,441,21
-4,-1.8,441,21
-4,-1.8,441,21
-4,-1.8,441,21
-4,-1.8,441,21
-4.1,-1.8,441,21
-4.1,-1.8,441,21
-4.1,-1.8,441,21
-4.1,-1.8,441,21
-4.1,-1.8,441,21
-4.1,-1.8,441,21
-4.1,-1.8,441,21
-4.1,-1.8,441,21
-4.1,-1.7,441,21
-4.1,-1.7,441,21
-4.1,-1.7,441,21
-4.2,-1.7,441,21
-4.2,-1.7,441,21
-4.2,-1.7,441,21
-4.2,-1.7,441,21
-4.2,-1.7,441,21
-4,-1.7,441,21
-4,-1.7,441,21
-4,-1.7,441,21
-4,-1.7,441,21
-4.1,-1.8,441,21
-4.1,-1.8,441,21
-4.1,-1.8,441,21
-4.1,-1.8,441,21
-4.2,-1.8,441,21
-4.2,-1.8,441.1,21
-4.2,-1.8,441.1,21
-4.2,-1.8,441.1,21
-4.1,-1.8,441.1,21
-4.1,-1.8,441,21
-4.1,-1.8,441,21
-4.1,-1.8,441,21
-4.1,-1.8,441,21
-4.1,-1.8,441,21
-4.1,-1.8,441,21
-4.2,-1.8,441,21
-4.2,-1.8,441,21
-4.2,-1.8,441,21
-4.2,-1.8,441,21
-4.3,-1.8,441,21
-4.3,-1.8,441,21
-4.3,-1.8,441,21
-4.3,-1.8,441,21
-4.1,-1.8,441,21
-4.1,-1.8,441,21
-4.1,-1.8,441,21
-4.1,-1.8,441,21
-4.1,-1.8,441,21
-4.1,-1.8,441,21
-4.1,-1.8,441,21
-4.1,-1.8,441,21
-4.2,-1.8,441,21
-4.2,-1.8,441,21
-4.2,-1.8,441,21
-4.2,-1.8,441,21
-4.2,-1.8,441,21
-4.2,-1.8,441,21
-4.2,-1.8,441,21
-4.2,-1.8,441,21
-4.1,-1.8,441,21
-4.1,-1.8,441,21
-4.1,-1.8,441,21
-4.1,-1.8,441,21
-4.1,-1.8,441,21
-4,-1.7,441,21
-4,-1.7,441,21
-4,-1.7,441,21
-4.1,-1.7,441,21
-4.1,-1.8,441,21
-4.1,-1.8,441,21
-4.1,-1.8,441,21
-4.1,-1.8,441,21
-4.1,-1.8,441,21
-4.1,-1.8,441.1,21
-4.1,-1.8,441.1,21
-4.1,-1.8,441.1,21
-4.1,-1.8,441,21
-4.1,-1.8,441,21
-4.1,-1.8,441,21
-4.1,-1.8,441,21
-4.1,-1.8,441,21
-4.1,-1.8,441,21
-4.1,-1.8,441,21
-4.1,-1.8,441,21
-4.1,-1.8,441.1,21
-4.1,-1.8,441.1,21
-4.2,-1.8,441.1,21
-4.2,-1.8,441.1,21
-4.2,-1.8,441.1,21
-4.2,-1.8,441.1,21
-4.2,-1.8,441.1,21
-4.2,-1.8,441.1,21
-4.2,-1.8,441.1,21
-4.2,-1.8,441.1,21
-4.2,-1.8,441.1,21
-4.2,-1.8,441.1,21
-4.2,-1.8,441.1,21
-4.2,-1.8,441.1,21
-4.1,-1.8,441.1,21
-4.1,-1.8,441.1,21
-4.1,-1.8,441.1,21
-4.1,-1.8,441.1,21
-4.2,-1.8,441.1,21
-4.2,-1.8,441.1,21
-4.2,-1.8,441.1,21
-4.2,-1.8,441.1,21
-4.1,-1.7,441,21
-4.1,-1.7,441,21
-4.1,-1.7,441,21
-4.2,-1.8,441,21
-4.2,-1.8,441.1,21
-4.2,-1.8,441.1,21
-4.2,-1.8,441.1,21
-4.2,-1.8,441.1,21
-4.2,-1.8,441.1,21
-4.2,-1.8,441.1,21
-4.2,-1.8,441.1,21
-4.3,-1.8,441.1,21
-4.3,-1.8,441.1,21
-4.3,-1.8,441.1,21
-4.3,-1.8,441.1,21
-4.3,-1.8,441.1,21
-4.1,-1.8,441.1,21
-4.1,-1.8,441.1,21
-4.1,-1.8,441.1,21
-4.2,-1.8,441.1,21
-4.2,-1.8,441.1,21
-4.2,-1.8,441.1,21
-4.2,-1.8,441.1,21
-4.2,-1.8,441.1,21
-4.2,-1.8,441.1,21
-4.2,-1.8,441.1,21
-4.2,-1.8,441.1,21
-4.3,-1.8,441.1,21
-4.3,-1.8,441.1,21
-4.3,-1.8,441.1,21
-4.2,-1.8,441.1,21
-4.2,-1.8,441.1,21
-4.2,-1.8,441.1,21
-4.2,-1.8,441.1,21
-4.1,-1.8,441.1,21
-4.1,-1.8,441.1,21
-4.1,-1.8,441.1,21
-4.1,-1.8,441.1,21
-4,-1.8,441.1,21
-4,-1.8,441.1,21
-4,-1.8,441.1,21
-4.1,-1.8,441.1,21
-4.1,-1.8,441.1,21
-4.1,-1.8,441.1,21
-4.1,-1.8,441.1,21
-4.1,-1.8,441.1,21
-4.2,-1.8,441.1,21
-4.2,-1.8,441.1,21
-4.2,-1.8,441.1,21
-4.2,-1.8,441.1,21
-4.2,-1.8,441.1,21
-4.2,-1.8,441.1,21
-4.2,-1.8,441.1,21
-4.1,-1.8,441.1,21
-4.1,-1.8,441.1,21
-4.1,-1.8,441.1,21
-4.1,-1.8,441.1,21
-3.9,-1.8,441.1,21
-3.9,-1.8,441.1,21
-3.9,-1.8,441.1,21
-3.9,-1.8,441.1,21
-4.1,-1.8,441.1,21
-4.1,-1.7,441.1,21
-4.1,-1.7,441.1,21
-4.1,-1.7,441.1,21
-4.1,-1.8,441.1,21
-4.1,-1.8,441.1,21
-4.1,-1.8,441.1,21
-4.1,-1.8,441.1,21
-4.1,-1.8,441.1,21
-4.1,-1.8,441.1,21
-4.1,-1.8,441.1,21
-4.1,-1.8,441.1,21
-4.1,-1.8,441.1,21
-4.1,-1.8,441.1,21
-4.1,-1.8,441.1,21
-4.1,-1.8,441.1,21
-4.1,-1.8,441.1,21
-4.2,-1.8,441.1,21
-4.2,-1.8,441.1,21
-4.2,-1.8,441.1,21
-4.2,-1.8,441.1,21
-4.2,-1.8,441.1,21
-4.2,-1.8,441.1,21
-4.3,-1.8,441.1,21
-4.3,-1.8,441.1,21
-4.3,-1.8,441.1,21
-4.3,-1.8,441.1,21
-4.3,-1.8,441.1,21
-4.1,-1.8,441.1,21
-4.1,-1.8,441.1,21
-4.1,-1.8,441.1,21
-4.1,-1.8,441.1,21
-4,-1.8,441.1,21
-4,-1.8,441.1,21
-4,-1.8,441.1,21
-4,-1.8,441.1,21
-4,-1.8,441.1,21
-4.1,-1.8,441.1,21
-4.1,-1.8,441.1,21
-4.1,-1.8,441.1,21
-4,-1.8,441.1,21
-4,-1.8,441.1,21
-4,-1.8,441.1,21
-4,-1.8,441.1,21
-4,-1.8,441.1,21
-4,-1.8,441.1,21
-4,-1.8,441.1,21
-4,-1.8,441.1,21
-4.1,-1.8,441.1,21
-4.1,-1.8,441.1,21
-4.1,-1.8,441.1,21
-4.1,-1.8,441.1,21
-4.1,-1.8,441.1,21
-4.3,-1.8,441.1,21
-4.3,-1.8,441.2,21
-4.3,-1.8,441.2,21
-4.3,-1.8,441.2,21
-4.1,-1.8,441.2,21
-4.1,-1.7,441.1,21
-4.1,-1.7,441.1,21
-4.1,-1.7,441.1,21
-4.3,-1.8,441.1,21
-4.3,-1.8,441.1,21
-4.3,-1.8,441.1,21
-4.3,-1.8,441.1,21
-4.2,-1.8,441.1,21
-4.2,-1.8,441.1,21
-4.2,-1.8,441.1,21
-4.2,-1.8,441.1,21
-4.1,-1.8,441.1,21
-4.1,-1.7,441.1,21
-4.1,-1.7,441.1,21
-4.1,-1.7,441.1,21
-4.3,-1.8,441.2,21
-4.3,-1.8,441.2,21
-4.3,-1.8,441.2,21
-4.3,-1.8,441.2,21
-4.2,-1.8,441.2,21
-4.2,-1.8,441.2,21
-4.2,-1.8,441.2,21
-4.2,-1.8,441.2,21
-4.2,-1.8,441.2,21
-4.2,-1.8,441.2,21
-4.2,-1.8,441.2,21
-4.2,-1.8,441.2,21
-4.3,-1.8,441.2,21
-4.3,-1.8,441.2,21
-4.3,-1.8,441.2,21
-4.1,-1.8,441.2,21
-4.1,-1.8,441.1,21
-4.1,-1.8,441.1,21
-4.1,-1.8,441.1,21
-4,-1.8,441.1,21
-4,-1.8,441.1,21
-4,-1.8,441.1,21
-4,-1.8,441.1,21
-4.1,-1.7,441.1,21
-4.1,-1.7,441.1,21
-4.1,-1.7,441.1,21
-4.1,-1.7,441.1,21
-4.1,-1.8,441.1,21
-4.1,-1.8,441.1,21
-4.1,-1.8,441.1,21
-4.1,-1.8,441.1,21
-4.1,-1.8,441.1,21
-4.1,-1.8,441.1,21
-4.1,-1.8,441.1,21
-4,-1.8,441.1,21
-4,-1.8,441.1,21
-4,-1.8,441.1,21
-4,-1.8,441.1,21
-4.3,-1.8,441.2,21
-4.3,-1.8,441.2,21
-4.3,-1.8,441.2,21
-4.3,-1.8,441.2,21
-4.3,-1.8,441.2,21
-4.3,-1.8,441.2,21
-4.3,-1.8,441.2,21
-4.3,-1.8,441.2,21
-4.3,-1.8,441.2,21
-4.3,-1.8,441.2,21
-4.3,-1.8,441.2,21
-4.3,-1.8,441.2,21
-4.2,-1.7,441.2,21
-4.2,-1.7,441.2,21
-4.2,-1.7,441.2,21
-4.2,-1.7,441.2,21
-4.3,-1.8,441.2,21
-4.3,-1.8,441.2,21
-4.3,-1.8,441.2,21
-4.2,-1.8,441.2,21
-4.2,-1.8,441.2,21
-4.2,-1.8,441.2,21
-4.2,-1.8,441.2,21
-4.4,-1.8,441.2,21
-4.4,-1.8,441.2,21
-4.4,-1.8,441.2,21
-4.4,-1.8,441.2,21
-4.3,-1.8,441.2,21
-4.3,-1.8,441.2,21
-4.3,-1.8,441.2,21
-4.3,-1.8,441.2,21
-4.3,-1.8,441.2,21
-4.2,-1.7,441.2,21
-4.2,-1.7,441.2,21
-4.2,-1.7,441.2,21
-4.2,-1.7,441.2,21
-4.2,-1.8,441.2,21
-4.2,-1.8,441.2,21
-4.2,-1.8,441.2,21
-4.2,-1.8,441.2,21
-4.1,-1.8,441.2,21
-4.1,-1.8,441.2,21
-4.1,-1.8,441.2,21
-4.1,-1.8,441.2,21
-4.1,-1.8,441.2,21
-4.1,-1.8,441.2,21
-4.1,-1.8,441.2,21
-4.1,-1.8,441.2,21
-4.1,-1.8,441.2,21
-4.1,-1.7,441.2,21
-4.1,-1.7,441.2,21
-4.1,-1.7,441.2,21
-4.1,-1.7,441.2,21
-4.4,-1.7,441.2,21
-4.4,-1.8,441.2,21
-4.4,-1.8,441.2,21
-4.4,-1.8,441.2,21
-4.2,-1.8,441.2,21
-4.2,-1.8,441.2,21
-4.2,-1.8,441.2,21
-4.2,-1.8,441.2,21
-4.2,-1.8,441.2,21
-4.2,-1.8,441.2,21
-4.2,-1.8,441.2,21
-4.2,-1.8,441.2,21
-4.1,-1.8,441.2,21
-4.1,-1.8,441.2,21
-4.1,-1.8,441.2,21
-4.1,-1.8,441.2,21
-4,-1.8,441.2,21
-4,-1.8,441.2,21
-4,-1.8,441.2,21
-4,-1.8,441.2,21
-4.1,-1.8,441.2,21
-4.1,-1.8,441.2,21
-4.1,-1.8,441.2,21
-4.1,-1.7,441.2,21
-4.1,-1.7,441.2,21
-4.1,-1.7,441.2,21
-4.1,-1.7,441.2,21
-4.1,-1.7,441.2,21
-4,-1.8,441.2,21
-4,-1.8,441.2,21
-4,-1.8,441.2,21
-4.1,-1.8,441.2,21
-4.1,-1.8,441.2,21
-4.1,-1.8,441.2,21
-4.1,-1.8,441.2,21
-4.1,-1.8,441.2,21
-4.3,-1.8,441.2,21
-4.3,-1.8,441.2,21
-4.3,-1.8,441.2,21
-4.3,-1.8,441.2,21
-4.2,-1.8,441.2,21
-4.2,-1.8,441.2,21
-4.2,-1.8,441.2,21
-4.2,-1.8,441.2,21
-4.2,-1.8,441.2,21
-4.2,-1.8,441.2,21
-4.2,-1.8,441.2,21
-4.2,-1.8,441.2,21
-4,-1.8,441.2,21
-4,-1.8,441.2,21
-4,-1.8,441.2,21
-4,-1.8,441.2,21
-4.3,-1.8,441.2,21
-4.3,-1.8,441.2,21
-4.3,-1.8,441.2,21
-4.3,-1.8,441.2,21
-4.3,-1.8,441.2,21
-4.3,-1.8,441.2,21
-4.3,-1.8,441.2,21
-4.3,-1.8,441.2,21
-4.2,-1.8,441.2,21
-4.2,-1.8,441.2,21
-4.2,-1.8,441.2,21
-4.2,-1.8,441.2,21
-4.2,-1.8,441.2,21
-4.2,-1.8,441.2,21
-4.2,-1.8,441.2,21
-4.2,-1.8,441.2,21
-4.2,-1.8,441.2,21
-4.2,-1.8,441.2,21
-4.2,-1.8,441.2,21
-4,-1.8,441.2,21
-4,-1.8,441.2,21
-4,-1.8,441.2,21
-4,-1.8,441.2,21
-4,-1.8,441.2,21
-4.1,-1.8,441.2,21
-4.1,-1.8,441.2,21
-4.1,-1.8,441.2,21
-4.1,-1.8,441.2,21
-4.1,-1.8,441.2,21
-4.1,-1.8,441.2,21
-4.1,-1.8,441.2,21
-4.1,-1.8,441.2,21
-4.3,-1.8,441.3,21
-4.3,-1.8,441.3,21
-4.3,-1.8,441.3,21
-4.3,-1.8,441.3,21
-4.3,-1.8,441.2,21
-4.3,-1.8,441.2,21
-4.3,-1.8,441.2,21
-4.3,-1.8,441.2,21
-4.2,-1.8,441.2,21
-4.2,-1.8,441.2,21
-4.2,-1.8,441.2,21
-4.2,-1.8,441.2,21
-4.3,-1.8,441.3,21
-4.3,-1.8,441.3,21
-4.3,-1.8,441.3,21
-4.3,-1.8,441.3,21
-4.2,-1.8,441.3,21
-4.2,-1.8,441.3,21
-4.2,-1.8,441.3,21
-4.2,-1.8,441.3,21
-4.3,-1.8,441.3,21
-4.3,-1.8,441.3,21
-4.3,-1.8,441.3,21
-4.3,-1.8,441.3,21
-4.3,-1.8,441.3,21
-4.3,-1.8,441.2,21
-4.3,-1.8,441.2,21
-4,-1.8,441.2,21
-4,-1.8,441.2,21
-4,-1.8,441.2,21
-4,-1.8,441.2,21
-4.2,-1.8,441.2,21
-4.2,-1.8,441.2,21
-4.2,-1.8,441.2,21
-4.2,-1.8,441.2,21
-4.1,-1.8,441.2,21
-4.1,-1.8,441.2,21
-4.1,-1.8,441.2,21
-4.2,-1.8,441.2,21
-4.2,-1.7,441.2,21
-4.2,-1.7,441.2,21
-4.2,-1.7,441.2,21
-4.1,-1.7,441.2,21
-4.1,-1.8,441.2,21
-4.1,-1.8,441.2,21
-4.1,-1.8,441.2,21
-4.3,-1.8,441.2,21
-4.3,-1.8,441.3,21
-4.3,-1.8,441.3,21
-4.3,-1.8,441.3,21
-4.2,-1.8,441.3,21
-4.2,-1.8,441.3,21
-4.2,-1.8,441.3,21
-4.2,-1.8,441.3,21
-4.3,-1.8,441.3,21
-4.3,-1.8,441.3,21
-4.3,-1.8,441.3,21
-4.3,-1.8,441.3,21
-4.2,-1.8,441.3,21
-4.2,-1.7,441.2,21
-4.2,-1.7,441.2,21
-4.2,-1.7,441.2,21
-4.2,-1.7,441.2,21
-4,-1.8,441.2,21
-4,-1.8,441.2,21
-4,-1.8,441.2,21
-4.1,-1.8,441.2,21
-4.1,-1.8,441.2,21
-4.1,-1.8,441.2,21
-4.1,-1.8,441.2,21
-4.1,-1.8,441.2,21
-4.1,-1.8,441.2,21
-4.1,-1.8,441.3,21
-4.1,-1.8,441.3,21
-4.1,-1.8,441.3,21
-4.1,-1.7,441.3,21
-4.1,-1.7,441.3,21
-4.1,-1.7,441.3,21
-4.3,-1.8,441.3,21
-4.3,-1.8,441.3,21
-4.3,-1.8,441.3,21
-4.3,-1.8,441.3,21
-4.2,-1.7,441.3,21
-4.2,-1.7,441.3,21
-4.2,-1.7,441.3,21
-4.2,-1.7,441.3,21
-4.4,-1.8,441.3,21
-4.4,-1.8,441.3,21
-4.4,-1.8,441.3,21
-4.2,-1.8,441.3,21
-4.2,-1.8,441.3,21
-4.2,-1.8,441.3,21
-4.2,-1.8,441.3,21
-4.2,-1.8,441.3,21
-4.2,-1.8,441.3,21
-4.2,-1.8,441.3,21
-4.2,-1.8,441.3,21
-4.2,-1.8,441.3,21
-4.2,-1.8,441.3,21
-4.2,-1.8,441.3,21
-4.2,-1.8,441.3,21
-4.2,-1.8,441.3,21
-4.2,-1.8,441.3,21
-4,-1.8,441.3,21
-4,-1.8,441.3,21
-4,-1.8,441.3,21
-4,-1.8,441.3,21
-4.1,-1.8,441.3,21
-4.1,-1.8,441.3,21
-4.1,-1.8,441.3,21
-4.1,-1.8,441.3,21
-4.1,-1.8,441.3,21
-4.1,-1.8,441.3,21
-4.1,-1.8,441.3,21
-4.1,-1.8,441.3,21
-4.1,-1.7,441.3,21
-4.1,-1.7,441.3,21
-4.1,-1.7,441.3,21
-4.1,-1.7,441.3,21
-4.2,-1.8,441.3,21
-4.2,-1.8,441.3,21
-4.2,-1.8,441.3,21
-4.2,-1.8,441.3,21
-4.3,-1.8,441.3,21
-4.3,-1.8,441.3,21
-4.3,-1.8,441.3,21
-4.3,-1.8,441.3,21
-4.1,-1.8,441.3,21
-4.1,-1.8,441.3,21
-4.1,-1.8,441.3,21
-4.1,-1.8,441.3,21
-4.2,-1.8,441.3,21
-4.2,-1.8,441.3,21
-4.2,-1.8,441.3,21
-4.1,-1.8,441.3,21
-4.1,-1.8,441.3,21
-4.1,-1.8,441.3,21
-4.3,-1.8,441.3,21
-4.3,-1.8,441.3,21
-4.3,-1.8,441.3,21
-4.3,-1.8,441.3,21
-4.2,-1.8,441.3,21
-4.2,-1.8,441.3,21
-4.2,-1.8,441.3,21
-4.2,-1.8,441.3,21
-4.1,-1.8,441.3,21
-4.1,-1.8,441.3,21
-4.1,-1.8,441.3,21
-4.1,-1.8,441.3,21
-4.2,-1.8,441.3,21
-4.2,-1.8,441.3,21
-4.2,-1.8,441.3,21
-4.1,-1.8,441.3,21
-4.1,-1.8,441.3,21
-4.1,-1.8,441.3,21
-4.1,-1.8,441.3,21
-4.1,-1.8,441.3,21
-4.3,-1.8,441.3,21
-4.3,-1.8,441.3,21
-4.3,-1.8,441.3,21
-4.3,-1.8,441.3,21
-4.3,-1.8,441.3,21
-4.3,-1.8,441.3,21
-4.3,-1.8,441.3,21
-4.3,-1.8,441.3,21
-4.3,-1.8,441.3,21
-4.3,-1.8,441.4,21
-4.3,-1.8,441.4,21
-4.3,-1.8,441.4,21
-4.2,-1.8,441.4,21
-4.2,-1.8,441.3,21
-4.2,-1.8,441.3,21
-4.2,-1.8,441.3,21
-4.2,-1.8,441.3,21
-4.2,-1.8,441.3,21
-4.2,-1.8,441.3,21
-4.2,-1.8,441.3,21
-4.2,-1.8,441.3,21
-4.2,-1.7,441.3,21
-4.2,-1.7,441.3,21
-4.2,-1.7,441.3,21
-4.2,-1.7,441.3,21
-4.1,-1.7,441.3,21
-4.1,-1.7,441.3,21
-4.1,-1.7,441.3,21
-4.2,-1.7,441.3,21
-4.2,-1.8,441.3,21
-4.2,-1.8,441.3,21
-4.2,-1.8,441.3,21
-4.2,-1.8,441.3,21
-4.2,-1.7,441.3,21
-4.2,-1.7,441.3,21
-4.2,-1.7,441.3,21
-4.2,-1.7,441.3,21
-4.2,-1.8,441.3,21
-4.2,-1.8,441.3,21
-4.2,-1.8,441.3,21
-4.2,-1.8,441.3,21
-4.2,-1.8,441.3,21
-4.2,-1.8,441.3,21
-4.2,-1.8,441.3,21
-4.2,-1.8,441.4,21
-4.2,-1.8,441.4,21
-4.2,-1.8,441.4,21
-4.2,-1.8,441.4,21
-4.2,-1.8,441.4,21
-4.2,-1.8,441.3,21
-4.2,-1.8,441.3,21
-4.2,-1.8,441.3,21
-4.3,-1.8,441.4,21
-4.3,-1.8,441.4,21
-4.3,-1.8,441.4,21
-4.2,-1.8,441.4,21
-4.2,-1.8,441.4,21
-4.2,-1.8,441.4,21
-4.2,-1.8,441.4,21
-4.2,-1.8,441.4,21
-4.2,-1.8,441.4,21
-4.2,-1.8,441.4,21
-4.2,-1.8,441.4,21
-4.2,-1.8,441.4,21
-4.2,-1.8,441.3,21
-4.2,-1.8,441.3,21
-4.2,-1.8,441.3,21
-4.1,-1.8,441.3,21
-4.1,-1.8,441.3,21
-4.1,-1.8,441.3,21
-4.1,-1.8,441.3,21
-4.2,-1.8,441.3,21
-4.2,-1.8,441.4,21
-4.2,-1.8,441.4,21
-4.2,-1.8,441.4,21
-4.2,-1.8,441.4,21
-4.3,-1.8,441.4,21
-4.3,-1.8,441.4,21
-4.3,-1.8,441.4,21
-4.3,-1.8,441.4,21
-4.2,-1.8,441.4,21
-4.2,-1.8,441.4,21
-4.2,-1.8,441.4,21
-4.3,-1.8,441.4,21
-4.3,-1.8,441.4,21
-4.3,-1.8,441.4,21
-4.3,-1.8,441.4,21
-4,-1.8,441.4,21
-4,-1.8,441.4,21
-4,-1.8,441.4,21
-4,-1.8,441.4,21
-4,-1.8,441.4,21
-4,-1.8,441.4,21
-4,-1.8,441.4,21
-4,-1.8,441.4,21
-4,-1.8,441.4,21
-4,-1.8,441.4,21
-4,-1.8,441.4,21
-4.2,-1.8,441.4,21
-4.2,-1.7,441.4,21
-4.2,-1.7,441.4,21
-4.2,-1.7,441.4,21
-4.2,-1.7,441.4,21
-4.1,-1.8,441.4,21
-4.1,-1.8,441.4,21
-4.1,-1.8,441.4,21
-4.3,-1.8,441.4,21
-4.3,-1.8,441.4,21
-4.3,-1.8,441.4,21
-4.3,-1.8,441.4,21
-4.3,-1.8,441.4,21
-4.3,-1.8,441.4,21
-4.3,-1.8,441.4,21
-4.3,-1.8,441.4,21
-4.2,-1.7,441.4,21
-4.2,-1.7,441.4,21
-4.2,-1.7,441.4,21
-4.2,-1.7,441.4,21
-4.2,-1.7,441.4,21
-4.2,-1.8,441.4,21
-4.2,-1.8,441.4,21
-4.2,-1.8,441.4,21
-4.3,-1.8,441.4,21
-4.3,-1.8,441.4,21
-4.3,-1.8,441.4,21
-4.3,-1.8,441.4,21
-4.3,-1.8,441.4,21
-4.3,-1.8,441.4,21
-4.3,-1.8,441.4,21
-4.3,-1.8,441.4,21
-4.3,-1.8,441.4,21
-4.3,-1.8,441.4,21
-4.3,-1.8,441.4,21
-4.2,-1.8,441.4,21
-4.2,-1.8,441.4,21
-4.2,-1.8,441.4,21
-4.2,-1.8,441.4,21
-4.1,-1.8,441.4,21
-4.1,-1.8,441.4,21
-4.1,-1.8,441.4,21
-4.1,-1.8,441.4,21
-4.3,-1.8,441.4,21
-4.3,-1.8,441.4,21
-4.3,-1.8,441.4,21
-4.3,-1.8,441.4,21
-4.3,-1.8,441.4,21
-4.3,-1.8,441.4,21
-4.3,-1.8,441.4,21
-4.3,-1.8,441.4,21
-4.1,-1.8,441.4,21
-4.1,-1.8,441.4,21
-4.1,-1.8,441.4,21
-4.1,-1.8,441.4,21
-4.1,-1.8,441.4,21
-4.1,-1.8,441.4,21
-4.1,-1.8,441.4,21
-4.1,-1.8,441.4,21
-4.1,-1.8,441.4,21
-4.1,-1.8,441.4,21
-4.1,-1.8,441.4,21
-4.2,-1.8,441.4,21
-4.2,-1.8,441.4,21
-4.2,-1.8,441.4,21
-4.2,-1.8,441.4,21
-4.1,-1.8,441.4,21
-4.1,-1.8,441.4,21
-4.1,-1.8,441.4,21
-4.1,-1.8,441.4,21
-4.1,-1.8,441.4,21
-4.1,-1.8,441.4,21
-4.1,-1.8,441.4,21
-4.1,-1.8,441.4,21
-4.1,-1.8,441.4,21
-4.1,-1.8,441.4,21
-4.1,-1.8,441.4,21
-4.1,-1.8,441.4,21
-4.1,-1.8,441.4,21
-4.2,-1.8,441.4,21
-4.2,-1.8,441.4,21
-4.2,-1.8,441.4,21
-4.1,-1.8,441.4,21
-4.1,-1.8,441.4,21
-4.1,-1.8,441.4,21
-4.1,-1.8,441.4,21
-4.1,-1.8,441.4,21
-4.3,-1.8,441.4,21
-4.3,-1.8,441.4,21
-4.3,-1.8,441.4,21
-4.3,-1.8,441.4,21
-4.2,-1.8,441.4,21
-4.2,-1.8,441.4,21
-4.2,-1.8,441.4,21
-4.2,-1.8,441.4,21
-4.2,-1.8,441.4,21
-4.2,-1.8,441.4,21
-4.2,-1.8,441.4,21
-4.2,-1.8,441.4,21
-4.2,-1.8,441.4,21
-4.2,-1.8,441.4,21
-4.2,-1.8,441.4,21
-4.2,-1.8,441.4,21
-4.2,-1.8,441.4,21
-4,-1.7,441.4,21
-4,-1.7,441.4,21
-4,-1.7,441.4,21
-4,-1.7,441.4,21
-4,-1.7,441.4,21
-4,-1.7,441.4,21
-4,-1.7,441.4,21
-4,-1.7,441.4,21
-4.1,-1.8,441.4,21
-4.1,-1.8,441.4,21
-4.1,-1.8,441.4,21
-4.1,-1.8,441.4,21
-4.1,-1.8,441.4,21
-4.1,-1.8,441.4,21
-4.1,-1.8,441.4,21
-4.1,-1.8,441.4,21
-4.1,-1.8,441.4,21
-4.1,-1.8,441.4,21
-4.1,-1.8,441.4,21
-4.1,-1.8,441.4,21
-4.2,-1.8,441.4,21
-4.2,-1.8,441.5,21
-4.2,-1.8,441.5,21
-4.2,-1.8,441.5,21
-4.2,-1.8,441.5,21
-4.3,-1.8,441.5,21
-4.3,-1.8,441.5,21
-4.3,-1.8,441.5,21
-4.2,-1.8,441.5,21
-4.2,-1.8,441.5,21
-4.2,-1.8,441.5,21
-4.2,-1.8,441.5,21
-4.3,-1.8,441.5,21
-4.3,-1.8,441.5,21
-4.3,-1.8,441.5,21
-4.3,-1.8,441.5,21
-4.3,-1.8,441.5,21
-4.3,-1.8,441.5,21
-4.3,-1.8,441.5,21
-4.3,-1.8,441.5,21
-4.3,-1.8,441.5,21
-4.1,-1.8,441.5,21
-4.1,-1.7,441.4,21
-4.1,-1.7,441.4,21
-4.1,-1.7,441.4,21
-4.1,-1.7,441.4,21
-4.1,-1.8,441.5,21
-4.1,-1.8,441.5,21
-4.1,-1.8,441.5,21
-4.1,-1.8,441.5,21
-4.1,-1.8,441.4,21
-4.1,-1.8,441.4,21
-4.3,-1.8,441.4,21
-4.3,-1.8,441.5,21
-4.3,-1.8,441.5,21
-4.3,-1.8,441.5,21
-4.3,-1.8,441.5,21
-4.2,-1.8,441.5,21
-4.2,-1.8,441.5,21
-4.2,-1.8,441.5,21
-4.2,-1.8,441.5,21
-4.2,-1.8,441.4,21
-4.2,-1.8,441.4,21
-4.2,-1.8,441.4,21
-4.2,-1.8,441.4,21
-4,-1.8,441.4,21
-4,-1.8,441.4,21
-4,-1.8,441.4,21
-4,-1.8,441.4,21
-4.1,-1.8,441.4,21
-4.1,-1.8,441.5,21
-4.1,-1.8,441.5,21
-4.1,-1.8,441.5,21
-4.1,-1.8,441.5,21
-4.2,-1.8,441.5,21
-4.2,-1.8,441.5,21
-4.2,-1.8,441.5,21
-4.2,-1.8,441.5,21
-4.2,-1.8,441.5,21
-4.1,-1.8,441.4,21
-4.1,-1.8,441.4,21
-4.1,-1.8,441.4,21
-4.1,-1.8,441.4,21
-4.1,-1.7,441.5,21
-4.1,-1.7,441.5,21
-4.1,-1.7,441.5,21
-4.1,-1.7,441.5,21
-4.1,-1.8,441.5,21
-4.1,-1.8,441.5,21
-4.1,-1.8,441.5,21
-4.1,-1.8,441.5,21
-4,-1.8,441.5,21
-4,-1.8,441.5,21
-4,-1.8,441.5,21
-4,-1.8,441.5,21
-4.1,-1.8,441.5,21
-4.1,-1.8,441.5,21
-4.1,-1.8,441.5,21
-4.1,-1.8,441.5,21
-4.1,-1.8,441.5,21
-4.1,-1.8,441.5,21
-4.1,-1.8,441.5,21
-4.3,-1.9,441.5,21
-4.3,-1.9,441.5,21
-4.3,-1.9,441.5,21
-4.3,-1.9,441.5,21
-4.3,-1.8,441.5,21
-4.3,-1.8,441.5,21
-4.3,-1.8,441.5,21
-4.3,-1.8,441.5,21
-4.1,-1.8,441.5,21
-4.1,-1.8,441.5,21
-4.1,-1.8,441.5,21
-4.1,-1.8,441.5,21
-4.1,-1.8,441.5,21
-4.1,-1.8,441.5,21
-4.1,-1.8,441.5,21
-4.1,-1.8,441.5,21
-4.1,-1.8,441.5,21
-4.2,-1.8,441.5,21
-4.2,-1.8,441.5,21
-4.2,-1.8,441.5,21
-4.2,-1.8,441.5,21
-4.2,-1.8,441.5,21
-4.2,-1.8,441.5,21
-4.2,-1.8,441.5,21
-4.2,-1.8,441.5,21
-4.3,-1.9,441.5,21
-4.3,-1.9,441.5,21
-4.3,-1.9,441.5,21
-4.3,-1.9,441.5,21
-4.1,-1.8,441.5,21
-4.1,-1.8,441.5,21
-4.1,-1.8,441.5,21
-4.1,-1.8,441.5,21
-4.3,-1.8,441.5,21
-4.3,-1.8,441.5,21
-4.3,-1.8,441.5,21
-4.3,-1.8,441.5,21
-4.3,-1.8,441.5,21
-4.2,-1.7,441.5,21
-4.2,-1.7,441.5,21
-4.2,-1.7,441.5,21
-4.3,-1.7,441.5,21
-4.3,-1.8,441.5,21
-4.3,-1.8,441.5,21
-4.3,-1.8,441.5,21
-4.3,-1.8,441.5,21
-4.1,-1.8,441.5,21
-4.1,-1.8,441.5,21
-4.1,-1.8,441.5,21
-4.1,-1.8,441.5,21
-4.1,-1.8,441.5,21
-4.1,-1.8,441.5,21
-4.1,-1.8,441.5,21
-4.3,-1.8,441.5,21
-4.3,-1.8,441.5,21
-4.3,-1.8,441.5,21
-4.3,-1.8,441.5,21
-4.2,-1.8,441.5,21
-4.2,-1.8,441.5,21
-4.2,-1.8,441.5,21
-4.2,-1.8,441.5,21
-4.3,-1.8,441.5,21
-4.3,-1.8,441.5,21
-4.3,-1.8,441.5,21
-4.2,-1.8,441.5,21
-4.2,-1.8,441.5,21
-4.2,-1.8,441.5,21
-4.2,-1.8,441.5,21
-4.3,-1.8,441.5,21
-4.3,-1.8,441.5,21
-4.3,-1.8,441.5,21
-4.3,-1.8,441.5,21
-4.3,-1.8,441.5,21
-4.3,-1.8,441.6,21
-4.3,-1.8,441.6,21
-4.3,-1.8,441.6,21
-4.3,-1.8,441.6,21
-4.3,-1.8,441.6,21
-4.3,-1.8,441.6,21
-4.3,-1.8,441.6,21
-4.3,-1.8,441.6,21
-4.3,-1.8,441.5,21
-4.3,-1.8,441.5,21
-4.3,-1.8,441.5,21
-4.3,-1.8,441.5,21
-4.4,-1.8,441.5,21
-4.4,-1.8,441.5,21
-4.4,-1.8,441.5,21
-4.4,-1.8,441.5,21
-4.2,-1.8,441.5,21
-4.2,-1.8,441.5,21
-4.2,-1.8,441.5,21
-4.2,-1.8,441.5,21
-4.3,-1.8,441.6,21
-4.3,-1.8,441.6,21
-4.3,-1.8,441.6,21
-4.3,-1.8,441.6,21
-4.3,-1.8,441.6,21
-4.3,-1.8,441.6,21
-4.3,-1.8,441.6,21
-4.3,-1.8,441.6,21
-4.3,-1.8,441.6,21
-4.3,-1.8,441.6,21
-4.3,-1.8,441.6,21
-3.9,-1.8,441.5,21
-3.9,-1.8,441.5,21
-3.9,-1.8,441.5,21
-4.2,-1.7,441.5,21
-4.2,-1.7,441.5,21
-4.2,-1.7,441.5,21
-4.2,-1.7,441.5,21
-4.2,-1.8,441.6,21
-4.2,-1.8,441.6,21
-4.2,-1.8,441.6,21
-4.3,-1.8,441.6,21
-4.3,-1.8,441.6,21
-4.3,-1.8,441.6,21
-4.3,-1.8,441.6,21
-4.2,-1.8,441.6,21
-4.2,-1.8,441.6,21
-4.2,-1.8,441.6,21
-4.2,-1.8,441.6,21
-4.2,-1.8,441.6,21
-4.2,-1.8,441.5,21
-4.2,-1.8,441.5,21
-4.2,-1.8,441.5,21
-4.2,-1.8,441.5,21
-4.1,-1.7,441.5,21
-4.1,-1.7,441.5,21
-4.1,-1.7,441.5,21
-4.1,-1.7,441.5,21
-4.1,-1.7,441.5,21
-4.1,-1.7,441.5,21
-4.1,-1.7,441.5,21
-4.1,-1.7,441.5,21
-4.1,-1.8,441.5,21
-4.1,-1.8,441.5,21
-4.1,-1.8,441.5,21
-4.1,-1.8,441.5,21
-4.2,-1.8,441.5,21
-4.2,-1.8,441.6,21
-4.2,-1.8,441.6,21
-4.2,-1.8,441.6,21
-4.2,-1.8,441.6,21
-4.2,-1.8,441.6,21
-4.2,-1.8,441.6,21
-4.2,-1.8,441.6,21
-4.2,-1.8,441.6,21
-4.3,-1.8,441.6,21
-4.3,-1.8,441.6,21
-4.3,-1.8,441.6,21
-4.3,-1.8,441.6,21
-4.3,-1.8,441.6,21
-4.3,-1.8,441.6,21
-4.3,-1.8,441.6,21
-4.3,-1.8,441.6,21
-4.4,-1.8,441.6,21
-4.4,-1.8,441.6,21
-4.4,-1.8,441.6,21
-4.2,-1.8,441.6,21
-4.2,-1.8,441.6,21
-4.2,-1.8,441.6,21
-4.2,-1.8,441.6,21
-4.2,-1.8,441.6,21
-4.3,-1.8,441.6,21
-4.3,-1.8,441.6,21
-4.3,-1.8,441.6,21
-4.3,-1.8,441.6,21
-4.1,-1.8,441.6,21
-4.1,-1.8,441.6,21
-4.1,-1.8,441.6,21
-4.1,-1.8,441.6,21
-4.2,-1.8,441.6,21
-4.2,-1.8,441.6,21
-4.2,-1.8,441.6,21
-4.2,-1.8,441.6,21
-4.1,-1.8,441.6,21
-4.1,-1.8,441.6,21
-4.1,-1.8,441.6,21
-4.1,-1.8,441.6,21
-4.1,-1.8,441.6,21
-4.1,-1.8,441.6,21
-4.1,-1.8,441.6,21
-4.1,-1.8,441.6,21
-4.1,-1.8,441.6,21
-4.2,-1.8,441.6,21
-4.2,-1.8,441.6,21
-4.2,-1.8,441.6,21
-4.1,-1.8,441.6,21
-4.1,-1.8,441.6,21
-4.1,-1.8,441.6,21
-4.1,-1.8,441.6,21
-4.2,-1.7,441.6,21
-4.2,-1.7,441.6,21
-4.2,-1.7,441.6,21
-4.2,-1.7,441.6,21
-4.1,-1.7,441.6,21
-4.1,-1.8,441.6,21
-4.1,-1.8,441.6,21
-4.1,-1.8,441.6,21
-4.1,-1.8,441.6,21
-4.2,-1.8,441.6,21
-4.2,-1.8,441.6,21
-4.2,-1.8,441.6,21
-4.2,-1.8,441.6,21
-4.3,-1.8,441.6,21
-4.3,-1.8,441.6,21
-4.3,-1.8,441.6,21
-4.3,-1.8,441.6,21
-4.2,-1.8,441.6,21
-4.2,-1.8,441.6,21
-4.2,-1.8,441.6,21
-4,-1.8,441.6,21
-4,-1.8,441.6,21
-4,-1.8,441.6,21
-4,-1.8,441.6,21
-4,-1.8,441.6,21
-4.2,-1.8,441.5,21
-4.2,-1.8,441.5,21
-4.2,-1.8,441.5,21
-4.1,-1.8,441.5,21
-4.1,-1.8,441.5,21
-4.1,-1.8,441.5,21
-4.1,-1.8,441.5,21
-4.1,-1.8,441.5,21
-4.1,-1.8,441.5,21
-4.1,-1.8,441.5,21
-4.1,-1.8,441.5,21
-4,-1.8,441.5,21
-4,-1.8,441.6,21
-4,-1.8,441.6,21
-4,-1.8,441.6,21
-4,-1.8,441.6,21
-4.2,-1.8,441.6,21
-4.2,-1.8,441.6,21
-4.2,-1.8,441.6,21
-4.2,-1.8,441.6,21
-4.3,-1.8,441.6,21
-4.3,-1.8,441.6,21
-4.3,-1.8,441.6,21
-4.3,-1.8,441.6,21
-4.3,-1.8,441.6,21
-4.2,-1.8,441.6,21
-4.2,-1.8,441.6,21
-4.2,-1.8,441.6,21
-4.2,-1.8,441.6,21
-4.1,-1.8,441.6,21
-4.1,-1.8,441.6,21
-4.1,-1.8,441.6,21
-4.1,-1.8,441.6,21
-4.1,-1.8,441.6,21
-4.1,-1.8,441.6,21
-4.1,-1.8,441.6,21
-4.1,-1.8,441.6,21
-4.1,-1.8,441.6,21
-4.2,-1.8,441.6,21
-4.2,-1.8,441.6,21
-4.2,-1.8,441.6,21
-4.2,-1.8,441.6,21
-4.3,-1.8,441.6,21
-4.3,-1.8,441.6,21
-4.3,-1.8,441.6,21
-4.3,-1.8,441.6,21
-4.2,-1.8,441.6,21
-4.2,-1.8,441.6,21
-4.2,-1.8,441.6,21
-4.1,-1.8,441.6,21
-4.1,-1.8,441.6,21
-4.1,-1.8,441.6,21
-4.1,-1.8,441.6,21
-4.1,-1.8,441.6,21
-4.1,-1.8,441.6,21
-4.1,-1.8,441.6,21
-4.1,-1.8,441.6,21
-4,-1.8,441.6,21
-4,-1.8,441.6,21
-4,-1.8,441.6,21
-4,-1.8,441.6,21
-4.1,-1.8,441.6,21
-4.1,-1.8,441.6,21
-4.1,-1.8,441.6,21
-4.1,-1.8,441.6,21
-4.1,-1.8,441.6,21
-4.1,-1.8,441.6,21
-4.1,-1.8,441.6,21
-4.1,-1.8,441.6,21
-4.1,-1.8,441.6,21
-4.2,-1.8,441.6,21
-4.2,-1.8,441.6,21
-4.2,-1.8,441.6,21
-4.1,-1.8,441.6,21
-4.1,-1.8,441.6,21
-4.1,-1.8,441.6,21
-4.1,-1.8,441.6,21
-4.1,-1.8,441.6,21
-4.3,-1.8,441.6,21
-4.3,-1.8,441.6,21
-4.3,-1.8,441.6,21
-4.3,-1.8,441.6,21
-4.2,-1.8,441.6,21
-4.2,-1.8,441.6,21
-4.2,-1.8,441.6,21
-4.2,-1.8,441.6,21
-4.3,-1.8,441.6,21
-4.3,-1.8,441.6,21
-4.3,-1.8,441.6,21
-4.3,-1.8,441.6,21
-4.2,-1.8,441.6,21
-4.2,-1.8,441.6,21
-4.2,-1.8,441.6,21
-4.1,-1.8,441.6,21
-4.1,-1.8,441.6,21
-4.1,-1.8,441.6,21
-4.1,-1.8,441.6,21
-4.1,-1.8,441.6,21
-4.1,-1.8,441.6,21
-4.1,-1.8,441.6,21
-4.2,-1.8,441.7,21
-4.2,-1.8,441.7,21
-4.2,-1.8,441.7,21
-4.1,-1.8,441.7,21
-4.1,-1.8,441.6,21
-4.1,-1.8,441.6,21
-4.1,-1.8,441.6,21
-3.9,-1.8,441.6,21
-3.9,-1.8,441.6,21
-3.9,-1.8,441.6,21
-3.9,-1.8,441.6,21
-4.1,-1.8,441.6,21
-4.1,-1.8,441.6,21
-4.1,-1.8,441.6,21
-4.1,-1.8,441.6,21
-4,-1.8,441.6,21
-4,-1.8,441.6,21
-4,-1.8,441.6,21
-4,-1.8,441.6,21
-4.1,-1.8,441.6,21
-4.1,-1.8,441.6,21
-4.1,-1.8,441.6,21
-4.1,-1.8,441.6,21
-4.1,-1.8,441.6,21
-4.1,-1.8,441.6,21
-4.1,-1.8,441.6,21
-4.1,-1.8,441.6,21
-4.1,-1.8,441.6,21
-4.1,-1.8,441.6,21
-4.1,-1.8,441.6,21
-4.3,-1.8,441.6,21
-4.3,-1.8,441.7,21
-4.3,-1.8,441.7,21
-4.3,-1.8,441.7,21
-4.2,-1.8,441.7,21
-4.2,-1.8,441.7,21
-4.2,-1.8,441.7,21
-4.2,-1.8,441.7,21
-4.2,-1.8,441.7,21
-4.2,-1.8,441.7,21
-4.2,-1.8,441.7,21
-4.2,-1.8,441.7,21
-4.1,-1.8,441.7,21
-4.1,-1.8,441.7,21
-4.1,-1.8,441.7,21
-4.1,-1.8,441.7,21
-4.2,-1.8,441.7,21
-4.2,-1.8,441.7,21
-4.2,-1.8,441.7,21
-4.1,-1.8,441.6,21
-4.1,-1.8,441.6,21
-4.1,-1.8,441.6,21
-4.2,-1.8,441.6,21
-4.2,-1.8,441.7,21
-4.2,-1.8,441.7,21
-4.2,-1.8,441.7,21
-4.2,-1.8,441.7,21
-4.2,-1.8,441.6,21
-4.2,-1.8,441.6,21
-4.2,-1.8,441.6,21
-4.2,-1.8,441.6,21
-4.1,-1.8,441.7,21
-4.1,-1.8,441.7,21
-4.1,-1.8,441.7,21
-4.1,-1.8,441.7,21
-4.2,-1.8,441.7,21
-4.2,-1.8,441.7,21
-4.2,-1.8,441.7,21
-4.2,-1.8,441.7,21
-4.1,-1.8,441.7,21
-4.1,-1.8,441.7,21
-4.1,-1.8,441.7,21
-4.1,-1.8,441.7,21
-4.1,-1.8,441.6,21
-4.1,-1.8,441.6,21
-4.1,-1.8,441.6,21
-4.1,-1.8,441.6,21
-4.1,-1.8,441.6,21
-4.1,-1.8,441.6,21
-4.1,-1.8,441.6,21
-4.1,-1.8,441.6,21
-4.1,-1.8,441.7,21
-4.1,-1.8,441.7,21
-4.1,-1.8,441.7,21
-4.1,-1.8,441.7,21
-4.1,-1.8,441.7,21
-4.1,-1.8,441.7,21
-4.1,-1.8,441.7,21
-3.9,-1.8,441.7,21
-3.9,-1.8,441.7,21
-3.9,-1.8,441.7,21
-3.9,-1.8,441.7,21
-3.9,-1.8,441.7,21
-4,-1.8,441.7,21
-4,-1.8,441.7,21
-4,-1.8,441.7,21
-4,-1.8,441.7,21
-4.1,-1.7,441.7,21
-4.1,-1.7,441.7,21
-4.1,-1.7,441.7,21
-4.1,-1.7,441.7,21
-4.2,-1.8,441.7,21
-4.2,-1.8,441.7,21
-4.2,-1.8,441.7,21
-4.2,-1.8,441.7,21
-4.1,-1.8,441.7,21
-4.1,-1.8,441.7,21
-4.1,-1.8,441.7,21
-4.1,-1.8,441.7,21
-4.1,-1.8,441.7,21
-4.1,-1.8,441.7,21
-4.1,-1.8,441.7,21
-4.1,-1.8,441.7,21
-4.2,-1.8,441.7,21
-4.2,-1.8,441.7,21
-4.2,-1.8,441.7,21
-4.1,-1.8,441.7,21
-4.1,-1.8,441.7,21
-4.1,-1.8,441.7,21
-4.1,-1.8,441.7,21
-4.1,-1.8,441.7,21
-4.1,-1.8,441.7,21
-4.1,-1.8,441.7,21
-4.1,-1.8,441.7,21
-4.2,-1.7,441.7,21
-4.2,-1.7,441.7,21
-4.2,-1.7,441.7,21
-4.2,-1.7,441.7,21
-4.2,-1.7,441.7,21
-4.2,-1.7,441.7,21
-4.2,-1.7,441.7,21
-4.2,-1.7,441.7,21
-4.2,-1.8,441.7,21
-4.2,-1.8,441.7,21
-4.2,-1.8,441.7,21
-4.2,-1.8,441.7,21
-4.2,-1.7,441.7,21
-4.2,-1.7,441.7,21
-4.2,-1.7,441.7,21
-4.2,-1.7,441.7,21
-4.1,-1.8,441.7,21
-4.1,-1.8,441.7,21
-4.1,-1.8,441.7,21
-4.1,-1.8,441.7,21
-4.1,-1.8,441.7,21
-4.1,-1.8,441.7,21
-4.1,-1.8,441.7,21
-4.1,-1.8,441.7,21
-4.2,-1.8,441.7,21
-4.2,-1.8,441.7,21
-4.2,-1.8,441.7,21
-4.2,-1.8,441.7,21
-4.2,-1.8,441.7,21
-4.2,-1.8,441.7,21
-4.2,-1.8,441.7,21
-4.3,-1.8,441.7,21
-4.3,-1.8,441.8,21
-4.3,-1.8,441.8,21
-4.1,-1.8,441.8,21
-4.1,-1.7,441.7,21
-4.1,-1.7,441.7,21
-4.1,-1.7,441.7,21
-4.1,-1.7,441.7,21
-4.1,-1.7,441.7,21
-4.1,-1.7,441.7,21
-4.1,-1.7,441.7,21
-4.1,-1.8,441.7,21
-4.1,-1.8,441.7,21
-4.1,-1.8,441.7,21
-4.1,-1.8,441.7,21
-4,-1.7,441.7,21
-4,-1.7,441.7,21
-4,-1.7,441.7,21
-4,-1.7,441.7,21
-4.1,-1.7,441.7,21
-4.1,-1.8,441.7,21
-4.1,-1.8,441.7,21
-4.1,-1.8,441.7,21
-4.2,-1.8,441.7,21
-4.2,-1.8,441.7,21
-4.2,-1.8,441.7,21
-4.2,-1.8,441.7,21
-4.2,-1.8,441.7,21
-4.2,-1.8,441.7,21
-4.2,-1.8,441.7,21
-4.2,-1.8,441.7,21
-4.1,-1.8,441.7,21
-4.1,-1.8,441.7,21
-4.1,-1.8,441.7,21
-4.1,-1.8,441.7,21
-4.1,-1.7,441.7,21
-4.1,-1.7,441.7,21
-4.1,-1.7,441.7,21
-4.1,-1.7,441.7,21
-4.1,-1.8,441.7,21
-4.1,-1.8,441.7,21
-4.1,-1.8,441.7,21
-4.1,-1.8,441.7,21
-4.1,-1.8,441.7,21
-4.1,-1.8,441.8,21
-4.1,-1.8,441.8,21
-4.1,-1.8,441.8,21
-4.1,-1.8,441.8,21
-4.2,-1.8,441.8,21
-4.2,-1.8,441.8,21
-4.2,-1.8,441.8,21
-4.2,-1.8,441.8,21
-4.2,-1.8,441.8,21
-4.2,-1.8,441.8,21
-4.2,-1.8,441.8,21
-4.1,-1.8,441.8,21
-4.1,-1.8,441.7,21
-4.1,-1.8,441.7,21
-4.1,-1.8,441.7,21
-4.2,-1.8,441.7,21
-4.2,-1.8,441.7,21
-4.2,-1.8,441.7,21
-4.2,-1.8,441.7,21
-4.1,-1.7,441.8,21
-4.1,-1.7,441.8,21
-4.1,-1.7,441.8,21
-4.3,-1.9,441.8,21
-4.3,-1.9,441.8,21
-4.3,-1.9,441.8,21
-4.3,-1.9,441.8,21
-4.3,-1.8,441.8,21
-4.3,-1.8,441.8,21
-4.3,-1.8,441.8,21
-4.3,-1.8,441.8,21
-4.2,-1.8,441.8,21
-4.2,-1.8,441.8,21
-4.2,-1.8,441.8,21
-4.2,-1.8,441.8,21
-4.2,-1.8,441.8,21
-4.2,-1.8,441.8,21
-4.2,-1.8,441.8,21
-4.2,-1.8,441.8,21
-4.3,-1.8,441.8,21
-4.3,-1.8,441.8,21
-4.3,-1.8,441.8,21
-4.2,-1.8,441.8,21
-4.2,-1.8,441.8,21
-4.2,-1.8,441.8,21
-4.2,-1.8,441.8,21
-4.2,-1.8,441.8,21
-4.2,-1.8,441.8,21
-4.2,-1.8,441.8,21
-4.2,-1.8,441.8,21
-4.2,-1.8,441.8,21
-4.2,-1.8,441.8,21
-4.2,-1.8,441.8,21
-4.2,-1.8,441.8,21
-4.1,-1.8,441.8,21
-4.1,-1.8,441.8,21
-4.1,-1.8,441.8,21
-4.1,-1.8,441.8,21
-4.1,-1.8,441.8,21
-4.1,-1.8,441.8,21
-4.1,-1.8,441.8,21
-4.1,-1.8,441.8,21
-4.1,-1.8,441.8,21
-4.1,-1.8,441.8,21
-4.1,-1.8,441.8,21
-4.1,-1.8,441.8,21
-4.1,-1.8,441.8,21
-4.1,-1.8,441.8,21
-4.2,-1.8,441.8,21
-4.2,-1.8,441.8,21
-4.2,-1.8,441.8,21
-4.2,-1.8,441.8,21
-4.1,-1.8,441.8,21
-4.1,-1.8,441.8,21
-4.1,-1.8,441.8,21
-4.1,-1.8,441.8,21
-4.1,-1.8,441.8,21
-4.1,-1.8,441.8,21
-4.1,-1.8,441.8,21
-4.1,-1.7,441.8,21
-4.1,-1.7,441.8,21
-4.1,-1.7,441.8,21
-4.1,-1.7,441.8,21
-4.1,-1.7,441.8,21
-4.1,-1.7,441.8,21
-4.1,-1.7,441.8,21
-4.1,-1.7,441.8,21
-4.1,-1.7,441.8,21
-4.1,-1.8,441.8,21
-4.1,-1.8,441.8,21
-4.1,-1.8,441.8,21
-4.1,-1.8,441.8,21
-4.1,-1.8,441.8,21
-4.1,-1.8,441.8,21
-4.1,-1.8,441.8,21
-4.1,-1.8,441.8,21
-4.1,-1.8,441.8,21
-4.1,-1.8,441.8,21
-4.1,-1.8,441.8,21
-4.1,-1.8,441.8,21
-4.1,-1.8,441.8,21
-4.1,-1.8,441.8,21
-4.1,-1.8,441.8,21
-4.2,-1.8,441.8,21
-4.2,-1.8,441.8,21
-4.2,-1.8,441.8,21
-4.2,-1.8,441.8,21
-4.2,-1.8,441.8,21
-4.2,-1.8,441.8,21
-4.2,-1.8,441.8,21
-4.2,-1.8,441.8,21
-4,-1.7,441.8,21
-4,-1.7,441.8,21
-4,-1.7,441.8,21
-4,-1.7,441.8,21
-4.1,-1.8,441.8,21
-4.1,-1.8,441.8,21
-4.1,-1.8,441.8,21
-4.3,-1.8,441.8,21
-4.3,-1.8,441.9,21
-4.3,-1.8,441.9,21
-4.1,-1.8,441.9,21
-4.1,-1.8,441.8,21
-4.1,-1.8,441.8,21
-4.1,-1.8,441.8,21
-4.1,-1.7,441.8,21
-4.1,-1.7,441.8,21
-4.1,-1.7,441.8,21
-4.3,-1.7,441.8,21
-4.3,-1.8,441.8,21
-4.3,-1.8,441.8,21
-4.3,-1.8,441.8,21
-4.3,-1.8,441.8,21
-4,-1.8,441.8,21
-4,-1.8,441.8,21
-4,-1.8,441.8,21
-4.2,-1.8,441.8,21
-4.2,-1.8,441.8,21
-4.2,-1.8,441.8,21
-4.2,-1.8,441.8,21
-4.2,-1.8,441.8,21
-4.2,-1.8,441.9,21
-4.2,-1.8,441.9,21
-4.2,-1.8,441.9,21
-4.2,-1.8,441.9,21
-4.1,-1.7,441.8,21
-4.1,-1.7,441.8,21
-4.1,-1.7,441.8,21
-4.3,-1.9,441.9,21
-4.3,-1.9,441.9,21
-4.3,-1.9,441.9,21
-4.3,-1.9,441.9,21
-4.3,-1.8,441.9,21
-4.3,-1.8,441.9,21
-4.3,-1.8,441.9,21
-4.3,-1.8,441.9,21
-4.2,-1.8,441.9,21
-4.2,-1.8,441.9,21
-4.2,-1.8,441.9,21
-4.1,-1.8,441.9,21
-4.1,-1.8,441.8,21
-4.1,-1.8,441.8,21
-4.1,-1.8,441.8,21
-4.1,-1.8,441.8,21
-4.3,-1.8,441.8,21
-4.3,-1.8,441.9,21
-4.3,-1.8,441.9,21
-4.3,-1.8,441.9,21
-4.3,-1.8,441.9,21
-4.3,-1.8,441.9,21
-4.3,-1.8,441.9,21
-4.2,-1.8,441.9,21
-4.2,-1.9,441.9,21
-4.2,-1.9,441.9,21
-4.2,-1.9,441.9,21
-4.2,-1.9,441.9,21
-4.3,-1.8,441.9,21
-4.3,-1.8,441.9,21
-4.3,-1.8,441.9,21
-4.1,-1.9,441.9,21
-4.1,-1.9,441.9,21
-4.1,-1.9,441.9,21
-4.1,-1.9,441.9,21
-4.1,-1.8,441.9,21
-4.1,-1.8,441.9,21
-4.1,-1.8,441.9,21
-4.1,-1.8,441.9,21
-4.1,-1.8,441.9,21
-4.1,-1.8,441.9,21
-4.1,-1.8,441.9,21
-4.1,-1.7,441.9,21
-4.1,-1.7,441.9,21
-4.1,-1.7,441.9,21
-4.1,-1.7,441.9,21
-4.1,-1.7,441.9,21
-4.1,-1.8,441.9,21
-4.1,-1.8,441.9,21
-4.1,-1.8,441.9,21
-4.1,-1.8,441.9,21
-4.1,-1.8,441.9,21
-4.1,-1.8,441.9,21
-4.1,-1.8,441.9,21
-4.1,-1.8,441.9,21
-4.1,-1.8,441.9,21
-4.1,-1.8,441.9,21
-4.1,-1.8,441.9,21
-4,-1.8,441.9,21
-4,-1.8,441.9,21
-4,-1.8,441.9,21
-4,-1.8,441.9,21
-4.1,-1.8,441.9,21
-4.1,-1.8,441.9,21
-4.1,-1.8,441.9,21
-4.1,-1.8,441.9,21
-4.1,-1.8,441.9,21
-4.2,-1.9,441.9,21
-4.2,-1.9,441.9,21
-4.2,-1.9,441.9,21
-4.2,-1.9,441.9,21
-4.2,-1.9,441.9,21
-4.2,-1.9,441.9,21
-4.2,-1.9,441.9,21
-4.1,-1.7,441.9,21
-4.1,-1.7,441.9,21
-4.1,-1.7,441.9,21
-4.2,-1.7,441.9,21
-4.2,-1.8,441.9,21
-4.2,-1.8,441.9,21
-4.2,-1.8,441.9,21
-4.3,-1.9,441.9,21
-4.3,-1.9,441.9,21
-4.3,-1.9,441.9,21
-4.1,-1.9,441.9,21
-4.1,-1.8,441.9,21
-4.1,-1.8,441.9,21
-4.1,-1.8,441.9,21
-4.1,-1.8,441.9,21
-4.3,-1.9,441.9,21
-4.3,-1.9,441.9,21
-4.3,-1.9,441.9,21
-4.1,-1.9,441.9,21
-4.1,-1.8,441.9,21
-4.1,-1.8,441.9,21
-4.1,-1.8,441.9,21
-4.1,-1.8,441.9,21
-4.3,-1.9,441.9,21
-4.3,-1.9,441.9,21
-4.3,-1.9,441.9,21
-4.3,-1.9,441.9,21
-4.2,-1.8,441.9,21
-4.2,-1.8,441.9,21
-4.2,-1.8,441.9,21
-4.1,-1.8,441.9,21
-4.1,-1.8,441.9,21
-4.1,-1.8,441.9,21
-4.1,-1.8,441.9,21
-4.1,-1.8,441.9,21
-4.3,-1.9,441.9,21
-4.3,-1.9,441.9,21
-4.3,-1.9,441.9,21
-4.3,-1.9,441.9,21
-4.3,-1.9,441.9,21
-4.3,-1.9,441.9,21
-4.3,-1.9,441.9,21
-4.1,-1.8,441.9,21
-4.1,-1.8,441.9,21
-4.1,-1.8,441.9,21
-4.1,-1.8,441.9,21
-4.1,-1.8,441.9,21
-4.1,-1.8,441.9,21
-4.1,-1.8,441.9,21
-4.1,-1.8,441.9,21
-4.1,-1.9,441.9,21
-4.1,-1.9,442,21
-4.1,-1.9,442,21
-4.1,-1.9,442,21
-4.1,-1.8,441.9,21
-4.1,-1.8,441.9,21
-4.1,-1.8,441.9,21
-4.2,-1.8,442,21
-4.2,-1.8,442,21
-4.2,-1.8,442,21
-4,-1.9,442,21
-4,-1.9,442,21
-4,-1.9,442,21
-4,-1.9,442,21
-4,-1.9,442,21
-4.3,-1.8,441.9,21
-4.3,-1.8,441.9,21
-4.3,-1.8,441.9,21
-4.3,-1.8,441.9,21
-4.3,-1.8,441.9,21
-4.3,-1.8,441.9,21
-4.3,-1.8,441.9,21
-4.3,-1.8,441.9,21
-4.3,-1.8,441.9,21
-4.1,-1.8,441.9,21
-4.1,-1.8,441.9,21
-4.1,-1.8,441.9,21
-4.1,-1.8,441.9,21
-4.1,-1.9,442,21
-4.1,-1.9,442,21
-4.1,-1.9,442,21
-4.1,-1.7,442,21
-4.1,-1.7,441.9,21
-4.1,-1.7,441.9,21
-4.1,-1.7,441.9,21
-4,-1.7,441.9,21
-4,-1.7,441.9,21
-4,-1.7,441.9,21
-4,-1.7,441.9,21
-4,-1.7,441.9,21
-4.1,-1.8,441.9,21
-4.1,-1.8,442,21
-4.1,-1.8,442,21
-4.1,-1.8,442,21
-4.3,-1.8,442,21
-4.3,-1.8,442,21
-4.3,-1.8,442,21
-4.3,-1.8,442,21
-4.2,-1.9,442,21
-4.2,-1.9,442,21
-4.2,-1.9,442,21
-4.1,-1.9,442,21
-4.1,-1.8,442,21
-4.1,-1.8,442,21
-4.1,-1.8,442,21
-4,-1.8,442,21
-4,-1.8,441.9,21
-4,-1.8,441.9,21
-4,-1.8,441.9,21
-4.2,-1.8,442,21
-4.2,-1.8,442,21
-4.2,-1.8,442,21
-4.2,-1.9,442,21
-4.2,-1.9,442,21
-4.2,-1.9,442,21
-4.2,-1.9,442,21
-4.2,-1.8,442,21
-4.2,-1.8,442,21
-4.2,-1.8,442,21
-4.2,-1.8,442,21
-4.2,-1.9,442,21
-4.2,-1.9,442,21
-4.2,-1.9,442,21
-4.2,-1.9,442,21
-4.2,-1.8,442,21
-4.2,-1.8,442,21
-4.2,-1.8,442,21
-4.2,-1.8,442,21
-4.3,-1.9,442,21
-4.3,-1.9,442,21
-4.3,-1.9,442,21
-4.3,-1.9,442,21
-4.3,-1.8,442,21
-4.3,-1.8,442,21
-4.3,-1.8,442,21
-4.3,-1.8,442,21
-4.4,-1.9,442,21
-4.4,-1.9,442,21
-4.4,-1.9,442,21
-4.1,-1.8,442,21
-4.1,-1.8,442,21
-4.1,-1.8,442,21
-4.1,-1.8,442,21
-4.1,-1.8,442,21
-4.1,-1.8,442,21
-4.1,-1.8,442,21
-4.1,-1.8,442,21
-4,-1.8,442,21
-4,-1.8,442,21
-4,-1.8,442,21
-4,-1.8,442,21
-4.1,-1.8,442,21
-4.1,-1.8,442,21
-4.1,-1.8,442,21
-4.1,-1.8,442,21
-4.1,-1.8,442,21
-4.2,-1.9,442,21
-4.2,-1.9,442,21
-4.2,-1.9,442,21
-4.2,-1.9,442,21
-4.2,-1.8,442,21
-4.2,-1.8,442,21
-4.2,-1.8,442,21
-4.2,-1.8,442,21
-4.2,-1.9,442,21
-4.2,-1.9,442,21
-4.2,-1.9,442,21
-4.1,-1.8,442,21
-4.1,-1.8,442,21
-4.1,-1.8,442,21
-4.1,-1.8,442,21
-4.2,-1.8,442,21
-4.2,-1.9,442,21
-4.2,-1.9,442,21
-4.2,-1.9,442,21
-4.1,-1.8,442,21
-4.1,-1.8,442,21
-4.1,-1.8,442,21
-4.1,-1.8,442,21
-4.1,-1.8,442,21
-4.1,-1.8,442,21
-4.1,-1.8,442,21
-4.1,-1.8,442,21
-4.2,-1.8,442,21
-4.2,-1.8,442,21
-4.2,-1.8,442,21
-4.2,-1.8,442,21
-4.2,-1.8,442,21
-4.2,-1.9,442,21
-4.2,-1.9,442,21
-4.2,-1.9,442,21
-4.2,-1.9,442,21
-4.2,-1.9,442,21
-4.2,-1.9,442,21
-4.2,-1.9,442,21
-4.1,-1.8,442,21
-4.1,-1.8,442,21
-4.1,-1.8,442,21
-4.1,-1.8,442,21
-4.1,-1.8,442,21
-4.1,-1.8,442,21
-4.1,-1.8,442,21
-4.1,-1.8,442,21
-4.1,-1.8,442,21
-4.1,-1.8,442,21
-4.1,-1.8,442,21
-4.1,-1.8,442,21
-4,-1.8,442,21
-4,-1.8,442,21
-4,-1.8,442,21
-4,-1.8,442,21
-4.1,-1.8,442,21
-4.1,-1.8,442,21
-4.1,-1.8,442,21
-4,-1.8,442,21
-4,-1.8,442,21
-4,-1.8,442,21
-4,-1.8,442,21
-4.3,-1.8,442,21
-4.3,-1.8,442.1,21
-4.3,-1.8,442.1,21
-4.3,-1.8,442.1,21
-4.3,-1.9,442.1,21
-4.3,-1.9,442.1,21
-4.3,-1.9,442.1,21
-4,-1.8,442.1,21
-4,-1.8,442,21
-4,-1.8,442,21
-4,-1.8,442,21
-4,-1.8,442,21
-4.2,-1.8,442.1,21
-4.2,-1.8,442.1,21
-4.2,-1.8,442.1,21
-4.2,-1.8,442.1,21
-4.2,-1.8,442,21
-4.2,-1.8,442,21
-4.2,-1.8,442,21
-4.1,-1.8,442,21
-4.1,-1.8,442.1,21
-4.1,-1.8,442.1,21
-4.1,-1.8,442.1,21
-4.1,-1.8,442.1,21
-4.1,-1.8,442.1,21
-4.1,-1.8,442.1,21
-4.1,-1.8,442.1,21
-4.2,-1.8,442.1,21
-4.2,-1.8,442,21
-4.2,-1.8,442,21
-4.2,-1.8,442,21
-4.1,-1.8,442,21
-4.1,-1.8,442,21
-4.1,-1.8,442,21
-4.1,-1.8,442,21
-4.1,-1.8,442,21
-4.1,-1.8,442,21
-4.1,-1.8,442,21
-4.2,-1.9,442.1,21
-4.2,-1.9,442.1,21
-4.2,-1.9,442.1,21
-4.2,-1.9,442.1,21
-4.3,-1.8,442.1,21
-4.3,-1.8,442.1,21
-4.3,-1.8,442.1,21
-4.3,-1.8,442.1,21
-4.3,-1.8,442.1,21
-4.3,-1.8,442,21
-4.3,-1.8,442,21
-4.3,-1.8,442,21
-4.3,-1.9,442.1,21
-4.3,-1.9,442.1,21
-4.3,-1.9,442.1,21
-4.1,-1.9,442.1,21
-4.1,-1.9,442.1,21
-4.1,-1.9,442.1,21
-4.1,-1.9,442.1,21
-4.1,-1.7,442,21
-4.1,-1.7,442,21
-4.1,-1.7,442,21
-4.1,-1.7,442,21
-4.1,-1.8,442.1,21
-4.1,-1.8,442.1,21
-4.1,-1.8,442.1,21
-4.1,-1.8,442.1,21
-4.1,-1.8,442,21
-4.1,-1.8,442,21
-4.1,-1.8,442,21
-4.1,-1.8,442,21
-4.1,-1.8,442.1,21
-4.1,-1.8,442.1,21
-4.1,-1.8,442.1,21
-4.1,-1.8,442.1,21
-4.2,-1.8,442.1,21
-4.2,-1.8,442.1,21
-4.2,-1.8,442.1,21
-4.2,-1.8,442.1,21
-4.1,-1.8,442.1,21
-4.1,-1.8,442.1,21
-4.1,-1.8,442.1,21
-4.1,-1.8,442.1,21
-4.2,-1.9,442.1,21
-4.2,-1.9,442.1,21
-4.2,-1.9,442.1,21
-4.2,-1.9,442.1,21
-4.2,-1.9,442.1,21
-4.3,-1.8,442.1,21
-4.3,-1.8,442.1,21
-4.3,-1.8,442.1,21
-4.3,-1.8,442.1,21
-4.1,-1.8,442.1,21
-4.1,-1.7,442.1,21
-4.1,-1.7,442.1,21
-4.1,-1.7,442.1,21
-4.1,-1.7,442.1,21
-4.1,-1.8,442.1,21
-4.1,-1.8,442.1,21
-4.1,-1.8,442.1,21
-4.1,-1.8,442.1,21
-4.1,-1.9,442.1,21
-4.1,-1.9,442.1,21
-4.1,-1.9,442.1,21
-4,-1.8,442.1,21
-4,-1.8,442.1,21
-4,-1.8,442.1,21
-4,-1.8,442.1,21
-4.3,-1.8,442.1,21
-4.3,-1.8,442.1,21
-4.3,-1.8,442.1,21
-4.2,-1.8,442.1,21
-4.2,-1.8,442.1,21
-4.2,-1.8,442.1,21
-4.2,-1.8,442.1,21
-4.3,-1.9,442.1,21
-4.3,-1.9,442.1,21
-4.3,-1.9,442.1,21
-4.3,-1.9,442.1,21
-4.3,-1.9,442.1,21
-4.2,-1.8,442.1,21
-4.2,-1.8,442.1,21
-4.2,-1.8,442.1,21
-4.2,-1.8,442.1,21
-4.1,-1.8,442.1,21
-4.1,-1.8,442.1,21
-4.1,-1.8,442.1,21
-4.1,-1.8,442.1,21
-4,-1.7,442.1,21
-4,-1.7,442.1,21
-4,-1.7,442.1,21
-4,-1.7,442.1,21
-4,-1.7,442.1,21
-4,-1.7,442.1,21
-4,-1.7,442.1,21
-4,-1.7,442.1,21
-4,-1.7,442.1,21
-4,-1.8,442.1,21
-4,-1.8,442.1,21
-4,-1.8,442.1,21
-4,-1.8,442.1,21
-4.1,-1.8,442.1,21
-4.1,-1.8,442.1,21
-4.1,-1.8,442.1,21
-4.1,-1.8,442.1,21
-4.2,-1.8,442.1,21
-4.2,-1.8,442.1,21
-4.2,-1.8,442.1,21
-4.2,-1.8,442.1,21
-4.2,-1.8,442.1,21
-4.2,-1.8,442.1,21
-4.2,-1.8,442.1,21
-4.2,-1.8,442.1,21
-4.1,-1.9,442.1,21
-4.1,-1.9,442.1,21
-4.1,-1.9,442.1,21
-4.1,-1.9,442.1,21
-4.3,-1.9,442.1,21
-4.3,-1.9,442.1,21
-4.3,-1.9,442.1,21
-4.1,-1.9,442.1,21
-4.1,-1.8,442.1,21
-4.1,-1.8,442.1,21
-4.1,-1.8,442.1,21
-4.1,-1.8,442.1,21
-4.1,-1.8,442.1,21
-4.1,-1.8,442.1,21
-4.1,-1.8,442.1,21
-4.2,-1.8,442.1,21
-4.2,-1.8,442.1,21
-4.2,-1.8,442.1,21
-4.2,-1.8,442.1,21
-4.1,-1.7,442.1,21
-4.1,-1.7,442.1,21
-4.1,-1.7,442.1,21
-4.1,-1.7,442.1,21
-4.1,-1.7,442.1,21
-4.1,-1.8,442.1,21
-4.1,-1.8,442.1,21
-4.1,-1.8,442.1,21
-4,-1.8,442.1,21
-4,-1.8,442.1,21
-4,-1.8,442.1,21
-4,-1.8,442.1,21
-4.1,-1.8,442.1,21
-4.1,-1.8,442.1,21
-4.1,-1.8,442.1,21
-4.1,-1.8,442.1,21
-4.2,-1.9,442.2,21
-4.2,-1.9,442.2,21
-4.2,-1.9,442.2,21
-4.3,-1.9,442.2,21
-4.3,-1.8,442.2,21
-4.3,-1.8,442.2,21
-4.3,-1.8,442.2,21
-4.3,-1.8,442.2,21
-4.3,-1.8,442.2,21
-4.3,-1.8,442.2,21
-4.3,-1.8,442.2,21
-4.1,-1.8,442.2,21
-4.1,-1.8,442.2,21
-4.1,-1.8,442.2,21
-4.1,-1.8,442.2,21
-4.1,-1.9,442.1,21
-4.1,-1.9,442.1,21
-4.1,-1.9,442.1,21
-4.1,-1.9,442.1,21
-4.2,-1.8,442.2,21
-4.2,-1.8,442.2,21
-4.2,-1.8,442.2,21
-4,-1.8,442.2,21
-4,-1.8,442.1,21
-4,-1.8,442.1,21
-4.2,-1.8,442.1,21
-4.2,-1.8,442.2,21
-4.2,-1.8,442.2,21
-4.2,-1.8,442.2,21
-4.3,-1.8,442.2,21
-4.3,-1.8,442.2,21
-4.3,-1.8,442.2,21
-4.3,-1.8,442.2,21
-4.3,-1.8,442.2,21
-4.3,-1.8,442.2,21
-4.3,-1.8,442.2,21
-4.3,-1.8,442.2,21
-4.2,-1.9,442.2,21
-4.2,-1.9,442.2,21
-4.2,-1.9,442.2,21
-4.1,-1.8,442.2,21
-4.1,-1.8,442.2,21
-4.1,-1.8,442.2,21
-4.1,-1.8,442.2,21
-4,-1.8,442.2,21
-4,-1.8,442.2,21
-4,-1.8,442.2,21
-4.2,-1.8,442.2,21
-4.2,-1.8,442.2,21
-4.2,-1.8,442.2,21
-4.2,-1.8,442.2,21
-4.2,-1.8,442.2,21
-4.2,-1.7,442.2,21
-4.2,-1.7,442.2,21
-4.2,-1.7,442.2,21
-4.2,-1.7,442.2,21
-4.2,-1.8,442.2,21
-4.2,-1.8,442.2,21
-4.2,-1.8,442.2,21
-4.3,-1.9,442.2,21
-4.3,-1.9,442.2,21
-4.3,-1.9,442.2,21
-4.3,-1.9,442.2,21
-4.3,-1.9,442.2,21
-4.2,-1.8,442.2,21
-4.2,-1.8,442.2,21
-4.2,-1.8,442.2,21
-4.3,-1.9,442.2,21
-4.3,-1.9,442.2,21
-4.3,-1.9,442.2,21
-4.3,-1.9,442.2,21
-4.1,-1.9,442.2,21
-4.1,-1.9,442.2,21
-4.1,-1.9,442.2,21
-4.1,-1.9,442.2,21
-4.3,-1.8,442.2,21
-4.3,-1.8,442.2,21
-4.3,-1.8,442.2,21
-4.3,-1.8,442.2,21
-4.2,-1.9,442.2,21
-4.2,-1.9,442.2,21
-4.2,-1.9,442.2,21
-4.2,-1.8,442.2,21
-4.2,-1.8,442.2,21
-4.2,-1.8,442.2,21
-4.2,-1.8,442.2,21
-4.1,-1.7,442.2,21
-4.1,-1.7,442.2,21
-4.1,-1.7,442.2,21
-4.1,-1.7,442.2,21
-4.1,-1.8,442.2,21
-4.1,-1.8,442.2,21
-4.1,-1.8,442.2,21
-4.1,-1.8,442.2,21
-4,-1.8,442.2,21
-4,-1.8,442.2,21
-4,-1.8,442.2,21
-4,-1.8,442.2,21
-4.1,-1.8,442.2,21
-4.1,-1.8,442.2,21
-4.1,-1.8,442.2,21
-4.1,-1.8,442.2,21
-4,-1.8,442.2,21
-4,-1.8,442.2,21
-4,-1.8,442.2,21
-4.3,-1.8,442.2,21
-4.3,-1.8,442.2,21
-4.3,-1.8,442.2,21
-4.3,-1.8,442.2,21
-4.3,-1.8,442.2,21
-4.1,-1.8,442.2,21
-4.1,-1.8,442.2,21
-4.1,-1.8,442.2,21
-4.1,-1.8,442.2,21
-4.2,-1.8,442.2,21
-4.2,-1.8,442.2,21
-4.2,-1.8,442.2,21
-4.2,-1.8,442.2,21
-4,-1.8,442.2,21
-4,-1.8,442.2,21
-4,-1.8,442.2,21
-4.3,-1.9,442.3,21
-4.3,-1.9,442.3,21
-4.3,-1.9,442.3,21
-4.2,-1.9,442.3,21
-4.2,-1.8,442.2,21
-4.2,-1.8,442.2,21
-4.2,-1.8,442.2,21
-4.1,-1.8,442.2,21
-4.1,-1.8,442.2,21
-4.1,-1.8,442.2,21
-4.1,-1.8,442.2,21
-4,-1.8,442.2,21
-4,-1.8,442.2,21
-4,-1.8,442.2,21
-4,-1.8,442.2,21
-4.1,-1.7,442.2,21
-4.1,-1.7,442.2,21
-4.1,-1.7,442.2,21
-4.1,-1.7,442.2,21
-4.1,-1.8,442.2,21
-4.1,-1.8,442.2,21
-4.1,-1.8,442.2,21
-4.1,-1.8,442.2,21
-4.1,-1.8,442.2,21
-4.1,-1.8,442.2,21
-4.1,-1.8,442.2,21
-4.1,-1.8,442.2,21
-4.1,-1.8,442.2,21
-4.1,-1.8,442.2,21
-4.1,-1.8,442.2,21
-4.1,-1.8,442.2,21
-4.1,-1.7,442.2,21
-4.1,-1.7,442.2,21
-4.1,-1.7,442.2,21
-4.1,-1.7,442.2,21
-4.1,-1.8,442.2,21
-4.1,-1.8,442.2,21
-4.1,-1.8,442.2,21
-4.1,-1.8,442.2,21
-4,-1.7,442.2,21
-4,-1.7,442.2,21
-4,-1.7,442.2,21
-4.1,-1.7,442.2,21
-4.1,-1.7,442.3,21
-4.1,-1.7,442.3,21
-4.1,-1.7,442.3,21
-4.3,-1.8,442.3,21
-4.3,-1.8,442.3,21
-4.3,-1.8,442.3,21
-4.3,-1.8,442.3,21
-4.3,-1.8,442.3,21
-4.3,-1.8,442.3,21
-4.3,-1.8,442.3,21
-4.3,-1.8,442.3,21
-4.3,-1.8,442.3,21
-4.3,-1.8,442.3,21
-4.3,-1.8,442.3,21
-4.3,-1.8,442.3,21
-4.3,-1.8,442.3,21
-4.1,-1.7,442.3,21
-4.1,-1.7,442.3,21
-4.1,-1.7,442.3,21
-4.3,-1.8,442.3,21
-4.3,-1.8,442.3,21
-4.3,-1.8,442.3,21
-4.3,-1.8,442.3,21
-4.3,-1.9,442.3,21
-4.3,-1.9,442.3,21
-4.3,-1.9,442.3,21
-4.3,-1.9,442.3,21
-4.2,-1.9,442.3,21
-4.2,-1.9,442.3,21
-4.2,-1.9,442.3,21
-4.2,-1.9,442.3,21
-4.3,-1.8,442.3,21
-4.3,-1.8,442.3,21
-4.3,-1.8,442.3,21
-4.3,-1.8,442.3,21
-4.2,-1.9,442.3,21
-4.2,-1.9,442.3,21
-4.2,-1.9,442.3,21
-4.2,-1.9,442.3,21
-4.3,-1.8,442.3,21
-4.3,-1.8,442.3,21
-4.3,-1.8,442.3,21
-4.3,-1.8,442.3,21
-4.2,-1.9,442.3,21
-4.2,-1.9,442.3,21
-4.2,-1.9,442.3,21
-4.2,-1.9,442.3,21
-4.3,-1.9,442.3,21
-4.3,-1.9,442.3,21
-4.3,-1.9,442.3,21
-4.2,-1.9,442.3,21
-4.2,-1.8,442.3,21
-4.2,-1.8,442.3,21
-4.2,-1.8,442.3,21
-4.1,-1.8,442.3,21
-4.1,-1.8,442.3,21
-4.1,-1.8,442.3,21
-4.1,-1.8,442.3,21
-4.2,-1.8,442.3,21
-4.2,-1.8,442.3,21
-4.2,-1.8,442.3,21
-4.2,-1.8,442.3,21
-4.2,-1.8,442.3,21
-4.3,-1.8,442.3,21
-4.3,-1.8,442.3,21
-4.3,-1.8,442.3,21
-4.3,-1.8,442.3,21
-4.3,-1.8,442.3,21
-3.9,-1.8,442.3,21
-3.9,-1.8,442.3,21
-3.9,-1.8,442.3,21
-3.9,-1.8,442.3,21
-4.2,-1.8,442.3,21
-4.2,-1.8,442.3,21
-4.2,-1.8,442.3,21
-4.2,-1.8,442.3,21
-4.2,-1.8,442.3,21
-4.2,-1.8,442.3,21
-4.2,-1.8,442.3,21
-4.2,-1.8,442.3,21
-4.2,-1.8,442.3,21
-4.2,-1.8,442.3,21
-4.2,-1.8,442.3,21
-4.2,-1.8,442.3,21
-4.2,-1.8,442.3,21
-4.3,-1.9,442.3,21
-4.3,-1.9,442.3,21
-4.3,-1.9,442.3,21
-4.3,-1.9,442.3,21
-4.3,-1.7,442.3,21
-4.3,-1.7,442.3,21
-4.3,-1.7,442.3,21
-4.3,-1.7,442.3,21
-4.2,-1.8,442.3,21
-4.2,-1.8,442.3,21
-4.2,-1.8,442.3,21
-4.2,-1.8,442.3,21
-4.2,-1.8,442.3,21
-4.1,-1.8,442.4,21
-4.1,-1.8,442.4,21
-4.1,-1.8,442.4,21
-4.1,-1.8,442.4,21
-4.1,-1.9,442.4,21
-4.1,-1.9,442.4,21
-4.1,-1.9,442.4,21
-4.1,-1.9,442.4,21
-4.1,-1.8,442.4,21
-4.1,-1.8,442.4,21
-4.1,-1.8,442.4,21
-4.1,-1.8,442.4,21
-4.1,-1.8,442.4,21
-4.1,-1.8,442.4,21
-4.1,-1.8,442.4,21
-4.1,-1.8,442.4,21
-4.2,-1.9,442.4,21
-4.2,-1.9,442.4,21
-4.2,-1.9,442.4,21
-4.2,-1.9,442.4,21
-4.3,-1.9,442.4,21
-4.3,-1.8,442.4,21
-4.3,-1.8,442.4,21
-4.3,-1.8,442.4,21
-4.3,-1.8,442.4,21
-4.3,-1.8,442.4,21
-4.3,-1.8,442.4,21
-4.3,-1.8,442.4,21
-4.4,-1.8,442.4,21
-4.4,-1.8,442.4,21
-4.4,-1.8,442.4,21
-4.4,-1.8,442.4,21
-4.3,-1.8,442.4,21
-4.3,-1.9,442.4,21
-4.3,-1.9,442.4,21
-4.3,-1.9,442.4,21
-4.3,-1.9,442.4,21
-4.3,-1.8,442.4,21
-4.3,-1.8,442.4,21
-4.3,-1.8,442.4,21
-4.3,-1.8,442.4,21
-4.4,-1.8,442.4,21
-4.4,-1.8,442.4,21
-4.4,-1.8,442.4,21
-4.3,-1.8,442.4,21
-4.3,-1.8,442.4,21
-4.3,-1.8,442.4,21
-4.3,-1.8,442.4,21
-4.3,-1.8,442.4,21
-4.1,-1.7,442.4,21
-4.1,-1.7,442.4,21
-4.1,-1.7,442.4,21
-4.3,-1.7,442.4,21
-4.3,-1.8,442.4,21
-4.3,-1.8,442.4,21
-4.3,-1.8,442.4,21
-4.3,-1.9,442.4,21
-4.3,-1.9,442.4,21
-4.3,-1.9,442.4,21
-4.3,-1.9,442.4,21
-4.3,-1.9,442.4,21
-4.3,-1.7,442.4,21
-4.3,-1.7,442.4,21
-4.3,-1.7,442.4,21
-4.3,-1.7,442.4,21
-4,-1.7,442.4,21
-4,-1.7,442.4,21
-4,-1.7,442.4,21
-4,-1.7,442.4,21
-4.1,-1.7,442.4,21
-4.1,-1.8,442.4,21
-4.1,-1.8,442.4,21
-4.1,-1.8,442.4,21
-4.1,-1.8,442.4,21
-4.1,-1.8,442.4,21
-4.1,-1.8,442.4,21
-4.1,-1.8,442.4,21
-4.1,-1.8,442.4,21
-4.1,-1.8,442.4,21
-4.1,-1.8,442.4,21
-4.2,-1.8,442.4,21
-4.2,-1.8,442.4,21
-4.2,-1.8,442.4,21
-4.1,-1.8,442.4,21
-4.1,-1.8,442.4,21
-4.1,-1.8,442.4,21
-4.1,-1.8,442.4,21
-4.1,-1.8,442.4,21
-4.1,-1.8,442.4,21
-4.1,-1.8,442.4,21
-4.1,-1.8,442.4,21
-4.2,-1.8,442.4,21
-4.2,-1.8,442.4,21
-4.2,-1.8,442.4,21
-4.2,-1.8,442.4,21
-4.2,-1.8,442.4,21
-4.2,-1.9,442.4,21
-4.2,-1.9,442.4,21
-4.2,-1.9,442.4,21
-4.2,-1.9,442.4,21
-4.2,-1.8,442.4,21
-4.2,-1.8,442.4,21
-4.2,-1.8,442.4,21
-4.2,-1.8,442.4,21
-4.2,-1.9,442.4,21
-4.2,-1.9,442.4,21
-4.2,-1.9,442.4,21
-4.2,-1.9,442.4,21
-4.2,-1.9,442.4,21
-4.1,-1.7,442.4,21
-4.1,-1.7,442.4,21
-4.1,-1.7,442.4,21
-4.1,-1.7,442.4,21
-4.1,-1.8,442.4,21
-4.1,-1.8,442.4,21
-4.1,-1.8,442.4,21
-4.1,-1.8,442.4,21
-4.1,-1.8,442.4,21
-4.1,-1.8,442.4,21
-4.1,-1.8,442.4,21
-4.1,-1.8,442.4,21
-4.2,-1.8,442.4,21
-4.2,-1.9,442.4,21
-4.2,-1.9,442.4,21
-4.2,-1.9,442.4,21
-4.1,-1.8,442.4,21
-4.1,-1.8,442.4,21
-4.1,-1.8,442.4,21
-4.1,-1.8,442.4,21
-4.1,-1.8,442.4,21
-4.1,-1.8,442.4,21
-4.1,-1.8,442.4,21
-4.2,-1.8,442.4,21
-4.2,-1.8,442.4,21
-4.2,-1.8,442.4,21
-4.2,-1.8,442.4,21
-4.2,-1.9,442.4,21
-4.2,-1.9,442.4,21
-4.2,-1.9,442.4,21
-4.2,-1.9,442.4,21
-4.3,-1.8,442.4,21
-4.3,-1.8,442.5,21
-4.3,-1.8,442.5,21
-4.3,-1.8,442.5,21
-4.1,-1.8,442.5,21
-4.1,-1.8,442.4,21
-4.1,-1.8,442.4,21
-4.1,-1.8,442.4,21
-4.2,-1.8,442.4,21
-4.2,-1.8,442.4,21
-4.2,-1.8,442.4,21
-4.2,-1.8,442.4,21
-4.2,-1.8,442.4,21
-4.1,-1.7,442.4,21
-4.1,-1.7,442.4,21
-4.1,-1.7,442.4,21
-4.3,-1.8,442.5,21
-4.3,-1.8,442.5,21
-4.3,-1.8,442.5,21
-4.3,-1.8,442.5,21
-4.3,-1.9,442.5,21
-4.3,-1.9,442.5,21
-4.3,-1.9,442.5,21
-4.3,-1.9,442.5,21
-4,-1.9,442.5,21
-4,-1.7,442.4,21
-4,-1.7,442.4,21
-4,-1.7,442.4,21
-4.3,-1.8,442.5,21
-4.3,-1.8,442.5,21
-4.3,-1.8,442.5,21
-4.3,-1.8,442.5,21
-4.3,-1.8,442.5,21
-4.3,-1.8,442.5,21
-4.3,-1.8,442.5,21
-4.3,-1.8,442.5,21
-4.2,-1.8,442.5,21
-4.2,-1.8,442.5,21
-4.2,-1.8,442.5,21
-4.2,-1.8,442.5,21
-4.3,-1.8,442.5,21
-4.3,-1.8,442.5,21
-4.3,-1.8,442.5,21
-4.3,-1.8,442.5,21
-4.2,-1.8,442.5,21
-4.2,-1.8,442.5,21
-4.2,-1.8,442.5,21
-4.2,-1.8,442.5,21
-4.3,-1.8,442.5,21
-4.3,-1.8,442.5,21
-4.3,-1.8,442.5,21
-4.3,-1.8,442.5,21
-4.3,-1.9,442.5,21
-4.3,-1.9,442.5,21
-4.3,-1.9,442.5,21
-4.2,-1.8,442.5,21
-4.2,-1.8,442.5,21
-4.2,-1.8,442.5,21
-4.2,-1.8,442.5,21
-4.2,-1.8,442.5,21
-4.2,-1.9,442.5,21
-4.2,-1.9,442.5,21
-4.2,-1.9,442.5,21
-4.2,-1.9,442.5,21
-4.2,-1.8,442.5,21
-4.2,-1.8,442.5,21
-4.2,-1.8,442.5,21
-4.2,-1.8,442.5,21
-4.3,-1.7,442.5,21
-4.3,-1.7,442.5,21
-4.3,-1.7,442.5,21
-4.3,-1.7,442.5,21
-4.1,-1.7,442.5,21
-4.1,-1.7,442.5,21
-4.1,-1.7,442.5,21
-4.1,-1.7,442.5,21
-4.1,-1.7,442.5,21
-4.1,-1.8,442.5,21
-4.1,-1.8,442.5,21
-4.1,-1.8,442.5,21
-4,-1.8,442.5,21
-4,-1.8,442.5,21
-4,-1.8,442.5,21
-4,-1.8,442.5,21
-4,-1.8,442.5,21
-4.1,-1.8,442.5,21
-4.1,-1.8,442.5,21
-4.1,-1.8,442.5,21
-4.1,-1.8,442.5,21
-4.2,-1.9,442.5,21
-4.2,-1.9,442.5,21
-4.2,-1.9,442.5,21
-4.2,-1.9,442.5,21
-4.3,-1.9,442.5,21
-4.3,-1.9,442.5,21
-4.3,-1.9,442.5,21
-4.3,-1.9,442.5,21
-4.2,-1.8,442.5,21
-4.2,-1.8,442.5,21
-4.2,-1.8,442.5,21
-4.2,-1.8,442.5,21
-4.2,-1.8,442.5,21
-4.2,-1.8,442.5,21
-4.2,-1.8,442.5,21
-4.2,-1.8,442.5,21
-4.2,-1.8,442.5,21
-4.2,-1.8,442.5,21
-4.2,-1.8,442.5,21
-4,-1.8,442.5,21
-4,-1.8,442.5,21
-4,-1.8,442.5,21
-4,-1.8,442.5,21
-4.1,-1.7,442.5,21
-4.1,-1.7,442.5,21
-4.1,-1.7,442.5,21
-4.1,-1.7,442.5,21
-4,-1.7,442.5,21
-4,-1.7,442.5,21
-4,-1.7,442.5,21
-4,-1.7,442.5,21
-4,-1.7,442.5,21
-4,-1.8,442.5,21
-4,-1.8,442.5,21
-4,-1.8,442.5,21
-4,-1.8,442.5,21
-4,-1.8,442.5,21
-4,-1.8,442.5,21
-4,-1.8,442.5,21
-4,-1.8,442.5,21
-4,-1.8,442.5,21
-4,-1.8,442.5,21
-4,-1.8,442.5,21
-4,-1.8,442.5,21
-4.1,-1.8,442.5,21
-4.1,-1.8,442.5,21
-4.1,-1.8,442.5,21
-4.1,-1.8,442.5,21
-4.1,-1.8,442.5,21
-4.1,-1.8,442.5,21
-4.1,-1.8,442.5,21
-4.1,-1.8,442.5,21
-4.1,-1.7,442.5,21
-4.1,-1.7,442.5,21
-4.1,-1.7,442.5,21
-4.3,-1.8,442.5,21
-4.3,-1.8,442.5,21
-4.3,-1.8,442.5,21
-4.3,-1.8,442.5,21
-4.1,-1.7,442.5,21
-4.1,-1.7,442.5,21
-4.1,-1.7,442.5,21
-4.1,-1.7,442.5,21
-4.3,-1.9,442.6,21
-4.3,-1.9,442.6,21
-4.3,-1.9,442.6,21
-4.2,-1.9,442.6,21
-4.2,-1.8,442.6,21
-4.2,-1.8,442.6,21
-4.2,-1.8,442.6,21
-4.3,-1.8,442.6,21
-4.3,-1.8,442.6,21
-4.3,-1.8,442.6,21
-4.3,-1.8,442.6,21
-4.3,-1.9,442.6,21
-4.3,-1.9,442.6,21
-4.3,-1.9,442.6,21
-4.3,-1.9,442.6,21
-4.3,-1.9,442.6,21
-4.3,-1.8,442.6,21
-4.3,-1.8,442.6,21
-4.3,-1.8,442.6,21
-4.3,-1.8,442.6,21
-4.3,-1.7,442.5,21
-4.3,-1.7,442.5,21
-4.3,-1.7,442.5,21
-4.3,-1.7,442.5,21
-4.3,-1.8,442.5,21
-4.3,-1.8,442.5,21
-4.3,-1.8,442.5,21
-4.3,-1.8,442.5,21
-4,-1.8,442.5,21
-4,-1.8,442.5,21
-4,-1.8,442.5,21
-4,-1.8,442.5,21
-4.1,-1.8,442.5,21
-4.1,-1.8,442.5,21
-4.1,-1.8,442.5,21
-4.1,-1.8,442.5,21
-4.3,-1.7,442.5,21
-4.3,-1.7,442.5,21
-4.3,-1.7,442.5,21
-4.3,-1.7,442.5,21
-4.3,-1.7,442.5,21
-4.3,-1.7,442.5,21
-4.3,-1.7,442.5,21
-4.3,-1.7,442.5,21
-4,-1.7,442.5,21
-4,-1.8,442.5,21
-4,-1.8,442.5,21
-4,-1.8,442.5,21
-4.1,-1.7,442.5,21
-4.1,-1.7,442.5,21
-4.1,-1.7,442.5,21
-4.1,-1.7,442.5,21
-4,-1.7,442.5,21
-4,-1.7,442.5,21
-4,-1.7,442.5,21
-4,-1.7,442.5,21
-4.3,-1.8,442.6,21
-4.3,-1.8,442.6,21
-4.3,-1.8,442.6,21
-4.3,-1.8,442.6,21
-4.3,-1.9,442.6,21
-4.3,-1.9,442.6,21
-4.3,-1.9,442.6,21
-4.2,-1.9,442.6,21
-4.2,-1.9,442.6,21
-4.2,-1.9,442.6,21
-4.2,-1.9,442.6,21
-4.2,-1.9,442.6,21
-4.3,-1.7,442.6,21
-4.3,-1.7,442.6,21
-4.3,-1.7,442.6,21
-4.3,-1.7,442.6,21
-4.2,-1.8,442.6,21
-4.2,-1.8,442.6,21
-4.2,-1.8,442.6,21
-4.2,-1.8,442.6,21
-4,-1.8,442.6,21
-4,-1.8,442.6,21
-4,-1.8,442.6,21
-4,-1.8,442.6,21
-4,-1.8,442.6,21
-4,-1.8,442.6,21
-4,-1.8,442.6,21
-4,-1.8,442.6,21
-4.2,-1.9,442.6,21
-4.2,-1.9,442.6,21
-4.2,-1.9,442.6,21
-4.2,-1.9,442.6,21
-4.2,-1.9,442.6,21
-4.2,-1.9,442.6,21
-4.2,-1.9,442.6,21
-4.2,-1.9,442.6,21
-4.3,-1.7,442.6,21
-4.3,-1.7,442.6,21
-4.3,-1.7,442.6,21
-4.3,-1.7,442.6,21
-4.1,-1.7,442.6,21
-4.1,-1.7,442.6,21
-4.1,-1.7,442.6,21
-4.1,-1.7,442.6,21
-4.3,-1.8,442.6,21
-4.3,-1.8,442.6,21
-4.3,-1.8,442.6,21
-4.3,-1.8,442.6,21
-4.3,-1.9,442.6,21
-4.3,-1.9,442.6,21
-4.3,-1.9,442.6,21
-4.2,-1.9,442.6,21
-4.2,-1.9,442.6,21
-4.2,-1.9,442.6,21
-4.2,-1.9,442.6,21
-4.1,-1.8,442.6,21
-4.1,-1.8,442.6,21
-4.1,-1.8,442.6,21
-4.1,-1.8,442.6,21
-4.1,-1.7,442.6,21
-4.1,-1.7,442.6,21
-4.1,-1.7,442.6,21
-4,-1.8,442.6,21
-4,-1.8,442.6,21
-4,-1.8,442.6,21
-4,-1.8,442.6,21
-4.3,-1.9,442.6,21
-4.3,-1.9,442.6,21
-4.3,-1.9,442.6,21
-4.3,-1.9,442.6,21
-4.2,-1.8,442.6,21
-4.2,-1.8,442.6,21
-4.2,-1.8,442.6,21
-4.2,-1.8,442.6,21
-4.3,-1.8,442.6,21
-4.3,-1.8,442.6,21
-4.3,-1.8,442.6,21
-4.3,-1.8,442.6,21
-4.3,-1.9,442.7,21
-4.3,-1.9,442.7,21
-4.3,-1.9,442.7,21
-4.3,-1.9,442.7,21
-4.2,-1.8,442.6,21
-4.2,-1.8,442.6,21
-4.2,-1.8,442.6,21
-4.4,-1.8,442.6,21
-4.4,-1.9,442.7,21
-4.4,-1.9,442.7,21
-4.4,-1.9,442.7,21
-4.1,-1.8,442.6,21
-4.1,-1.8,442.6,21
-4.1,-1.8,442.6,21
-4.1,-1.8,442.6,21
-4,-1.8,442.6,21
-4,-1.8,442.6,21
-4,-1.8,442.6,21
-4.1,-1.8,442.6,21
-4.1,-1.8,442.6,21
-4.1,-1.8,442.6,21
-4.1,-1.8,442.6,21
-4,-1.7,442.6,21
-4,-1.7,442.6,21
-4,-1.7,442.6,21
-4.3,-1.7,442.6,21
-4.3,-1.9,442.7,21
-4.3,-1.9,442.7,21
-4.3,-1.9,442.7,21
-4.1,-1.9,442.7,21
-4.1,-1.9,442.7,21
-4.1,-1.9,442.7,21
-4.1,-1.9,442.7,21
-4.3,-1.9,442.7,21
-4.3,-1.8,442.6,21
-4.3,-1.8,442.6,21
-4.3,-1.8,442.6,21
-4.2,-1.8,442.6,21
-4.2,-1.8,442.6,21
-4.2,-1.8,442.6,21
-4.2,-1.8,442.6,21
-4.2,-1.8,442.6,21
-4.1,-1.8,442.6,21
-4.1,-1.8,442.6,21
-4.1,-1.8,442.6,21
-4.1,-1.8,442.6,21
-4,-1.7,442.6,21
-4,-1.7,442.6,21
-4,-1.7,442.6,21
-4,-1.7,442.6,21
-4.1,-1.7,442.6,21
-4.1,-1.7,442.6,21
-4.1,-1.7,442.6,21
-4.1,-1.7,442.6,21
-3.9,-1.8,442.6,21
-3.9,-1.8,442.6,21
-3.9,-1.8,442.6,21
-3.9,-1.8,442.6,21
-4,-1.8,442.6,21
-4,-1.8,442.6,21
-4,-1.8,442.6,21
-4,-1.8,442.6,21
-4,-1.8,442.6,21
-4,-1.8,442.6,21
-4,-1.8,442.6,21
-4,-1.8,442.6,21
-4,-1.7,442.6,21
-4,-1.7,442.6,21
-4,-1.7,442.6,21
-4,-1.7,442.6,21
-4.1,-1.7,442.6,21
-4.1,-1.8,442.7,21
-4.1,-1.8,442.7,21
-4.1,-1.8,442.7,21
-4,-1.7,442.7,21
-4,-1.7,442.6,21
-4,-1.7,442.6,21
-4,-1.7,442.6,21
-4,-1.7,442.6,21
-4,-1.7,442.6,21
-4,-1.7,442.6,21
-4.3,-1.7,442.6,21
-4.3,-1.8,442.7,21
-4.3,-1.8,442.7,21
-4.3,-1.8,442.7,21
-4.3,-1.8,442.7,21
-4.3,-1.7,442.7,21
-4.3,-1.7,442.7,21
-4.3,-1.7,442.7,21
-4.3,-1.7,442.7,21
-4.1,-1.8,442.6,21
-4.1,-1.8,442.6,21
-4.1,-1.8,442.6,21
-4.1,-1.8,442.6,21
-4,-1.8,442.6,21
-4,-1.8,442.6,21
-4,-1.8,442.6,21
-4,-1.8,442.6,21
-4.1,-1.7,442.6,21
-4.1,-1.7,442.7,21
-4.1,-1.7,442.7,21
-4.1,-1.7,442.7,21
-4.1,-1.8,442.7,21
-4.1,-1.8,442.7,21
-4.1,-1.8,442.7,21
-4.3,-1.8,442.7,21
-4.3,-1.8,442.7,21
-4.3,-1.8,442.7,21
-4.3,-1.8,442.7,21
-4.3,-1.8,442.7,21
-4.1,-1.8,442.7,21
-4.1,-1.8,442.7,21
-4.1,-1.8,442.7,21
-4.1,-1.8,442.7,21
-4.1,-1.8,442.7,21
-4.1,-1.8,442.7,21
-4.1,-1.8,442.7,21
-4.1,-1.8,442.7,21
-4.1,-1.8,442.7,21
-4.2,-1.9,442.7,21
-4.2,-1.9,442.7,21
-4.2,-1.9,442.7,21
-4.2,-1.9,442.7,21
-4.2,-1.9,442.7,21
-4.2,-1.9,442.7,21
-4.2,-1.9,442.7,21
-4.2,-1.9,442.7,21
-4.3,-1.8,442.7,21
-4.3,-1.8,442.7,21
-4.3,-1.8,442.7,21
-4,-1.8,442.7,21
-4,-1.9,442.7,21
-4,-1.9,442.7,21
-4,-1.9,442.7,21
-4,-1.9,442.7,21
-4,-1.8,442.7,21
-4,-1.8,442.7,21
-4,-1.8,442.7,21
-4,-1.8,442.7,21
-4.2,-1.9,442.7,21
-4.2,-1.9,442.7,21
-4.2,-1.9,442.7,21
-4.2,-1.9,442.7,21
-4.2,-1.9,442.7,21
-4.2,-1.9,442.7,21
-4.2,-1.9,442.7,21
-4.2,-1.9,442.7,21
-4.1,-1.9,442.7,21
-4.1,-1.9,442.7,21
-4.1,-1.9,442.7,21
-4.1,-1.9,442.7,21
-4.2,-1.9,442.7,21
-4.2,-1.9,442.7,21
-4.2,-1.9,442.7,21
-4.2,-1.9,442.7,21
-4.2,-1.8,442.7,21
-4.2,-1.8,442.7,21
-4.2,-1.8,442.7,21
-4.1,-1.8,442.7,21
-4.1,-1.8,442.7,21
-4.1,-1.8,442.7,21
-4.1,-1.8,442.7,21
-4.1,-1.8,442.7,21
-4.1,-1.8,442.7,21
-4.1,-1.8,442.7,21
-4.1,-1.8,442.7,21
-4.1,-1.8,442.7,21
-4.1,-1.8,442.7,21
-4.1,-1.8,442.7,21
-4.1,-1.8,442.7,21
-4.1,-1.8,442.7,21
-4.3,-1.9,442.7,21
-4.3,-1.9,442.7,21
-4.3,-1.9,442.7,21
-4.3,-1.9,442.7,21
-4.2,-1.9,442.7,21
-4.2,-1.9,442.7,21
-4.2,-1.9,442.7,21
-4.1,-1.7,442.7,21
-4.1,-1.7,442.7,21
-4.1,-1.7,442.7,21
-4.1,-1.7,442.7,21
-4,-1.7,442.7,21
-4,-1.8,442.7,21
-4,-1.8,442.7,21
-4,-1.8,442.7,21
-4.1,-1.8,442.7,21
-4.1,-1.8,442.7,21
-4.1,-1.8,442.7,21
-4.1,-1.8,442.7,21
-4.1,-1.8,442.8,21
-4.1,-1.8,442.8,21
-4.1,-1.8,442.8,21
-4.3,-1.9,442.8,21
-4.3,-1.9,442.8,21
-4.3,-1.9,442.8,21
-4.3,-1.9,442.8,21
-4.3,-1.9,442.8,21
-4.2,-1.8,442.7,21
-4.2,-1.8,442.7,21
-4.2,-1.8,442.7,21
-4.2,-1.8,442.7,21
-4.2,-1.8,442.7,21
-4.2,-1.8,442.7,21
-4.2,-1.8,442.7,21
-4.3,-1.8,442.7,21
-4.3,-1.7,442.7,21
-4.3,-1.7,442.7,21
-4.3,-1.7,442.7,21
-4.3,-1.7,442.7,21
-4.2,-1.7,442.7,21
-4.2,-1.7,442.7,21
-4.2,-1.7,442.7,21
-4.2,-1.7,442.7,21
-4.1,-1.8,442.7,21
-4.1,-1.8,442.7,21
-4.1,-1.8,442.7,21
-4.1,-1.8,442.7,21
-3.9,-1.8,442.7,21
-3.9,-1.8,442.7,21
-3.9,-1.8,442.7,21
-3.9,-1.8,442.7,21
-4.1,-1.8,442.7,21
-4.1,-1.8,442.7,21
-4.1,-1.8,442.7,21
-4.1,-1.8,442.7,21
-4,-1.8,442.7,21
-4,-1.8,442.8,21
-4,-1.8,442.8,21
-4,-1.8,442.8,21
-4,-1.8,442.8,21
-4.2,-1.9,442.8,21
-4.2,-1.9,442.8,21
-4.2,-1.9,442.8,21
-4,-1.9,442.8,21
-4,-1.8,442.8,21
-4,-1.8,442.8,21
-4,-1.8,442.8,21
-4.1,-1.8,442.7,21
-4.1,-1.8,442.7,21
-4.1,-1.8,442.7,21
-4.2,-1.9,442.8,21
-4.2,-1.9,442.8,21
-4.2,-1.9,442.8,21
-4.2,-1.9,442.8,21
-4.2,-1.8,442.8,21
-4.2,-1.8,442.8,21
-4.2,-1.8,442.8,21
-4.2,-1.8,442.8,21
-4.3,-1.9,442.8,21
-4.3,-1.9,442.8,21
-4.3,-1.9,442.8,21
-4.3,-1.9,442.8,21
-4.3,-1.9,442.8,21
-4.3,-1.9,442.8,21
-4.3,-1.9,442.8,21
-4.3,-1.9,442.8,21
-4.2,-1.9,442.8,21
-4.2,-1.9,442.8,21
-4.2,-1.9,442.8,21
-4.2,-1.9,442.8,21
-4.2,-1.9,442.8,21
-4.2,-1.9,442.8,21
-4.2,-1.9,442.8,21
-4,-1.7,442.8,21
-4,-1.7,442.8,21
-4,-1.7,442.8,21
-4,-1.7,442.8,21
-4,-1.7,442.8,21
-4.2,-1.9,442.8,21
-4.2,-1.9,442.8,21
-4.2,-1.9,442.8,21
-4.1,-1.9,442.8,21
-4.1,-1.9,442.8,21
-4.1,-1.9,442.8,21
-4.1,-1.9,442.8,21
-4.1,-1.9,442.8,21
-4.2,-1.8,442.8,21
-4.2,-1.8,442.8,21
-4.2,-1.8,442.8,21
-4.2,-1.8,442.8,21
-4.3,-1.8,442.8,21
-4.3,-1.8,442.8,21
-4.3,-1.8,442.8,21
-4.3,-1.8,442.8,21
-4.2,-1.8,442.8,21
-4.2,-1.8,442.8,21
-4.2,-1.8,442.8,21
-4.2,-1.8,442.8,21
-4.2,-1.9,442.8,21
-4.2,-1.9,442.8,21
-4.2,-1.9,442.8,21
-4.2,-1.9,442.8,21
-4.2,-1.9,442.8,21
-4.2,-1.9,442.8,21
-4.2,-1.9,442.8,21
-4.2,-1.9,442.8,21
-4.2,-1.9,442.8,21
-4.2,-1.8,442.8,21
-4.2,-1.8,442.8,21
-4.2,-1.8,442.8,21
-4.2,-1.8,442.8,21
-4.1,-1.8,442.8,21
-4.1,-1.8,442.8,21
-4.1,-1.8,442.8,21
-4.1,-1.8,442.8,21
-4,-1.7,442.8,21
-4,-1.7,442.8,21
-4,-1.7,442.8,21
-4,-1.7,442.8,21
-4.1,-1.7,442.8,21
-4.1,-1.7,442.8,21
-4.1,-1.7,442.8,21
-4.2,-1.7,442.8,21
-4.2,-1.9,442.9,21
-4.2,-1.9,442.9,21
-4.2,-1.9,442.9,21
-4.2,-1.9,442.9,21
-4,-1.8,442.8,21
-4,-1.8,442.8,21
-4,-1.8,442.8,21
-4.2,-1.9,442.8,21
-4.2,-1.9,442.9,21
-4.2,-1.9,442.9,21
-4.2,-1.9,442.9,21
-4.3,-1.9,442.9,21
-4.3,-1.9,442.9,21
-4.3,-1.9,442.9,21
-4.3,-1.9,442.9,21
-4.3,-1.9,442.9,21
-4.3,-1.8,442.8,21
-4.3,-1.8,442.8,21
-4.3,-1.8,442.8,21
-4.3,-1.8,442.8,21
-4.3,-1.8,442.8,21
-4.3,-1.8,442.8,21
-4.3,-1.8,442.8,21
-4.3,-1.8,442.8,21
-4.3,-1.8,442.9,21
-4.3,-1.8,442.9,21
-4.3,-1.8,442.9,21
-4.3,-1.9,442.8,21
-4.3,-1.9,442.8,21
-4.3,-1.9,442.8,21
-4.1,-1.9,442.8,21
-4.1,-1.9,442.8,21
-4.1,-1.9,442.8,21
-4.1,-1.9,442.8,21
-4.1,-1.9,442.8,21
-4.1,-1.7,442.8,21
-4.1,-1.7,442.8,21
-4.1,-1.7,442.8,21
-4.1,-1.7,442.8,21
-4.1,-1.7,442.8,21
-4.1,-1.7,442.8,21
-4.1,-1.7,442.8,21
-4,-1.8,442.8,21
-4,-1.8,442.8,21
-4,-1.8,442.8,21
-4,-1.8,442.8,21
-4.1,-1.8,442.8,21
-4.1,-1.8,442.8,21
-4.1,-1.8,442.8,21
-4.1,-1.8,442.8,21
-4.1,-1.8,442.9,21
-4.1,-1.8,442.9,21
-4.1,-1.8,442.9,21
-4.1,-1.8,442.9,21
-4.2,-1.7,442.9,21
-4.2,-1.7,442.9,21
-4.2,-1.7,442.9,21
-4.2,-1.7,442.9,21
-4.2,-1.7,442.9,21
-4.2,-1.7,442.8,21
-4.2,-1.7,442.8,21
-4.2,-1.7,442.8,21
-4.2,-1.7,442.8,21
-4.2,-1.8,442.8,21
-4.2,-1.8,442.8,21
-4.2,-1.8,442.8,21
-4.2,-1.8,442.8,21
-4.3,-1.8,442.8,21
-4.3,-1.9,442.9,21
-4.3,-1.9,442.9,21
-4.3,-1.9,442.9,21
-4.3,-1.9,442.9,21
-4.3,-1.8,442.9,21
-4.3,-1.8,442.9,21
-4.3,-1.8,442.9,21
-4.3,-1.8,442.9,21
-4.3,-1.9,442.9,21
-4.3,-1.9,442.9,21
-4.3,-1.9,442.9,21
-4.2,-1.8,442.9,21
-4.2,-1.8,442.9,21
-4.2,-1.8,442.9,21
-4.2,-1.8,442.9,21
-4.1,-1.8,442.9,21
-4.1,-1.8,442.9,21
-4.1,-1.8,442.9,21
-4.1,-1.8,442.9,21
-4.2,-1.8,442.9,21
-4.2,-1.8,442.9,21
-4.2,-1.8,442.9,21
-4.2,-1.8,442.9,21
-4,-1.8,442.9,21
-4,-1.8,442.9,21
-4,-1.8,442.9,21
-4,-1.8,442.9,21
-4.1,-1.8,442.9,21
-4.1,-1.8,442.9,21
-4.1,-1.8,442.9,21
-4.2,-1.8,442.9,21
-4.2,-1.8,442.9,21
-4.2,-1.8,442.9,21
-4.2,-1.8,442.9,21
-4,-1.8,442.9,21
-4,-1.7,442.9,21
-4,-1.7,442.9,21
-4,-1.7,442.9,21
-4.1,-1.7,442.9,21
-4.1,-1.8,442.9,21
-4.1,-1.8,442.9,21
-4.1,-1.8,442.9,21
-4.1,-1.8,442.9,21
-4,-1.8,442.9,21
-4,-1.8,442.9,21
-4,-1.8,442.9,21
-4,-1.8,442.9,21
-4.1,-1.8,442.9,21
-4.1,-1.8,442.9,21
-4.1,-1.8,442.9,21
-4.1,-1.8,442.9,21
-4.1,-1.8,442.9,21
-4.1,-1.8,442.9,21
-4.1,-1.8,442.9,21
-4.1,-1.8,442.9,21
-4.1,-1.8,442.9,21
-4.3,-1.9,442.9,21
-4.3,-1.9,442.9,21
-4.3,-1.9,442.9,21
-4.3,-1.9,442.9,21
-4.3,-1.9,442.9,21
-4.3,-1.9,442.9,21
-4.3,-1.9,442.9,21
-4.3,-1.9,442.9,21
-4.3,-1.9,442.9,21
-4.3,-1.9,442.9,21
-4.3,-1.9,442.9,21
-4.1,-1.8,442.9,21
-4.1,-1.8,442.9,21
-4.1,-1.8,442.9,21
-4.1,-1.8,442.9,21
-3.9,-1.8,442.9,21
-3.9,-1.8,442.9,21
-3.9,-1.8,442.9,21
-3.9,-1.8,442.9,21
-4.2,-1.8,442.9,21
-4.2,-1.8,442.9,21
-4.2,-1.8,442.9,21
-4.2,-1.8,442.9,21
-4.1,-1.8,442.9,21
-4.1,-1.8,442.9,21
-4.1,-1.8,442.9,21
-4.1,-1.8,442.9,21
-4.2,-1.8,442.9,21
-4.2,-1.9,443,21
-4.2,-1.9,443,21
-4.2,-1.9,443,21
-4.2,-1.9,443,21
-4.2,-1.9,442.9,21
-4.2,-1.9,442.9,21
-4.2,-1.9,442.9,21
-4.1,-1.9,442.9,21
-4.1,-1.8,443,21
-4.1,-1.8,443,21
-4.1,-1.8,443,21
-4.1,-1.8,443,21
-4.3,-1.9,442.9,21
-4.3,-1.9,442.9,21
-4.3,-1.9,442.9,21
-4.3,-1.9,442.9,21
-4.2,-1.8,442.9,21
-4.2,-1.8,442.9,21
-4.2,-1.8,442.9,21
-4.2,-1.8,442.9,21
-4.3,-1.8,442.9,21
-4.3,-1.8,443,21
-4.3,-1.8,443,21
-4.3,-1.8,443,21
-4.2,-1.8,443,21
-4.2,-1.8,443,21
-4.2,-1.8,443,21
-4.2,-1.8,443,21
-4.2,-1.8,443,21
-4.2,-1.7,442.9,21
-4.2,-1.7,442.9,21
-4.2,-1.7,442.9,21
-4.2,-1.7,442.9,21
-4.1,-1.8,442.9,21
-4.1,-1.8,442.9,21
-4.1,-1.8,442.9,21
-4.2,-1.8,442.9,21
-4.2,-1.8,442.9,21
-4.2,-1.8,442.9,21
-4.2,-1.8,442.9,21
-4.4,-1.8,442.9,21
-4.4,-1.8,443,21
-4.4,-1.8,443,21
-4.4,-1.8,443,21
-4.2,-1.8,443,21
-4.2,-1.7,443,21
-4.2,-1.7,443,21
-4.2,-1.7,443,21
-4.1,-1.7,443,21
-4.1,-1.7,442.9,21
-4.1,-1.7,442.9,21
-4.1,-1.7,442.9,21
-4.1,-1.7,442.9,21
-4,-1.8,442.9,21
-4,-1.8,442.9,21
-4,-1.8,442.9,21
-4,-1.8,442.9,21
-4.1,-1.9,442.9,21
-4.1,-1.9,443,21
-4.1,-1.9,443,21
-4.1,-1.9,443,21
-4.3,-1.9,443,21
-4.3,-1.8,443,21
-4.3,-1.8,443,21
-4.3,-1.8,443,21
-4.3,-1.8,443,21
-4.3,-1.9,443,21
-4.3,-1.9,443,21
-4.3,-1.9,443,21
-4.3,-1.9,443,21
-4.3,-1.8,443,21
-4.3,-1.8,443,21
-4.3,-1.8,443,21
-4.3,-1.8,443,21
-4.3,-1.8,443,21
-4.3,-1.8,443,21
-4.3,-1.8,443,21
-4.3,-1.8,443,21
-4.3,-1.9,443,21
-4.3,-1.9,443,21
-4.3,-1.9,443,21
-4.3,-1.9,443,21
-4.3,-1.9,443,21
-4.3,-1.9,443,21
-4.3,-1.9,443,21
-4.2,-1.9,443,21
-4.2,-1.9,443,21
-4.2,-1.9,443,21
-4.2,-1.9,443,21
-4.2,-1.9,443,21
-4.2,-1.9,443,21
-4.2,-1.9,443,21
-4.2,-1.9,443,21
-4.1,-1.8,443,21
-4.1,-1.8,443,21
-4.1,-1.8,443,21
-4.1,-1.8,443,21
-4.3,-1.8,443,21
-4.3,-1.8,443,21
-4.3,-1.8,443,21
-4.3,-1.8,443,21
-4.2,-1.9,443,21
-4.2,-1.9,443,21
-4.2,-1.9,443,21
-4.2,-1.9,443,21
-4.2,-1.8,443,21
-4.2,-1.8,443,21
-4.2,-1.8,443,21
-4.1,-1.7,443,21
-4.1,-1.7,443,21
-4.1,-1.7,443,21
-4.1,-1.7,443,21
-4.1,-1.7,443,21
-4.1,-1.8,443,21
-4.1,-1.8,443,21
-4.1,-1.8,443,21
-3.9,-1.8,443,21
-3.9,-1.8,443,21
-3.9,-1.8,443,21
-3.9,-1.8,443,21
-4.1,-1.8,443,21
-4.1,-1.8,443,21
-4.1,-1.8,443,21
-4.1,-1.8,443,21
-4.1,-1.8,443,21
-4.1,-1.8,443,21
-4.1,-1.8,443,21
-4.1,-1.8,443,21
-4.1,-1.8,443,21
-4.1,-1.8,443,21
-4.1,-1.8,443,21
-4.1,-1.8,443,21
-4.1,-1.8,443,21
-4.3,-1.9,443,21
-4.3,-1.9,443,21
-4.3,-1.9,443,21
-4.3,-1.9,443,21
-4.3,-1.8,443,21
-4.3,-1.8,443,21
-4,-1.8,443,21
-4,-1.8,443,21
-4,-1.8,443,21
-4,-1.8,443,21
-4.2,-1.8,443,21
-4.2,-1.8,443,21
-4.2,-1.8,443,21
-4.2,-1.8,443,21
-4.1,-1.8,443,21
-4.1,-1.8,443,21
-4.1,-1.8,443,21
-4.1,-1.8,443,21
-4.1,-1.8,443,21
-4,-1.8,443,21
-4,-1.8,443,21
-4,-1.8,443,21
-4,-1.8,443,21
-4,-1.8,443,21
-4,-1.8,443,21
-4,-1.8,443,21
-4,-1.8,443,21
-4,-1.8,443,21
-4,-1.8,443,21
-4,-1.8,443,21
-4,-1.8,443,21
-4.2,-1.9,443,21
-4.2,-1.9,443,21
-4.2,-1.9,443,21
-4.2,-1.9,443,21
-4.2,-1.9,443,21
-4.2,-1.8,443.1,21
-4.2,-1.8,443.1,21
-4.2,-1.8,443.1,21
-4.2,-1.8,443.1,21
-4.2,-1.9,443.1,21
-4.2,-1.9,443.1,21
-4.2,-1.9,443.1,21
-4.3,-1.9,443.1,21
-4.3,-1.9,443.1,21
-4.3,-1.9,443.1,21
-4.3,-1.9,443.1,21
-4.2,-1.9,443.1,21
-4.2,-1.9,443.1,21
-4.2,-1.9,443.1,21
-4.2,-1.9,443.1,21
-4.2,-1.8,443.1,21
-4.2,-1.8,443.1,21
-4.2,-1.8,443.1,21
-4.2,-1.8,443.1,21
-4.2,-1.8,443.1,21
-4.2,-1.8,443.1,21
-4.2,-1.8,443.1,21
-4.2,-1.8,443.1,21
-4.2,-1.9,443.1,21
-4.2,-1.9,443.1,21
-4.2,-1.9,443.1,21
-4.2,-1.9,443.1,21
-4.2,-1.8,443.1,21
-4.2,-1.8,443.1,21
-4.2,-1.8,443.1,21
-4.2,-1.8,443.1,21
-4.2,-1.8,443.1,21
-4.2,-1.8,443,21
-4.2,-1.8,443,21
-4.2,-1.8,443,21
-4.1,-1.8,443,21
-4.1,-1.8,443.1,21
-4.1,-1.8,443.1,21
-4.1,-1.8,443.1,21
-4.1,-1.8,443.1,21
-4.1,-1.8,443,21
-4.1,-1.8,443,21
-4.1,-1.8,443,21
-4.1,-1.8,443,21
-4,-1.8,443,21
-4,-1.8,443,21
-4,-1.8,443,21
-4.1,-1.8,443,21
-4.1,-1.7,443,21
-4.1,-1.7,443,21
-4.1,-1.7,443,21
-4.1,-1.7,443,21
-4.1,-1.7,443,21
-4.1,-1.7,443,21
-4.1,-1.7,443,21
-4.1,-1.8,443,21
-4.1,-1.8,443,21
-4.1,-1.8,443,21
-4.1,-1.8,443,21
-4.2,-1.8,443,21
-4.2,-1.8,443,21
-4.2,-1.8,443,21
-4.2,-1.8,443,21
-4.1,-1.8,443.1,21
-4.1,-1.8,443.1,21
-4.1,-1.8,443.1,21
-4.1,-1.8,443.1,21
-4.2,-1.8,443.1,21
-4.2,-1.8,443.1,21
-4.2,-1.8,443.1,21
-4.2,-1.8,443.1,21
-4.1,-1.7,443.1,21
-4.1,-1.7,443.1,21
-4.1,-1.7,443.1,21
-4.1,-1.7,443.1,21
-4.3,-1.8,443.1,21
-4.3,-1.8,443.1,21
-4.3,-1.8,443.1,21
-4.3,-1.8,443.1,21
-4.3,-1.9,443.1,21
-4.3,-1.9,443.1,21
-4.3,-1.9,443.1,21
-4.1,-1.8,443.1,21
-4.1,-1.8,443.1,21
-4.1,-1.8,443.1,21
-4.1,-1.8,443.1,21
-4.2,-1.9,443.1,21
-4.2,-1.9,443.1,21
-4.2,-1.9,443.1,21
-4.2,-1.9,443.1,21
-4.2,-1.9,443.1,21
-4.2,-1.8,443.1,21
-4.2,-1.8,443.1,21
-4.2,-1.8,443.1,21
-4.2,-1.8,443.1,21
-4.1,-1.7,443.1,21
-4.1,-1.7,443.1,21
-4.1,-1.7,443.1,21
-4.1,-1.7,443.1,21
-4.1,-1.7,443.1,21
-4.1,-1.7,443.1,21
-4.1,-1.7,443.1,21
-4.1,-1.7,443.1,21
-3.9,-1.8,443.1,21
-3.9,-1.8,443.1,21
-3.9,-1.8,443.1,21
-3.9,-1.8,443.1,21
-4,-1.7,443.1,21
-4,-1.7,443.1,21
-4,-1.7,443.1,21
-4,-1.7,443.1,21
-4,-1.7,443.1,21
-4.2,-1.9,443.1,21
-4.2,-1.9,443.1,21
-4.2,-1.9,443.1,21
-4.2,-1.9,443.1,21
-4.3,-1.8,443.1,21
-4.3,-1.8,443.1,21
-4.3,-1.8,443.1,21
-4.3,-1.8,443.1,21
-4.3,-1.9,443.1,21
-4.3,-1.9,443.1,21
-4.3,-1.9,443.1,21
-4.3,-1.9,443.1,21
-4.2,-1.8,443.2,21
-4.2,-1.8,443.2,21
-4.2,-1.8,443.2,21
-4.2,-1.8,443.2,21
-4.2,-1.8,443,21
-4.2,-1.8,443,21
-4.2,-1.8,443,21
-4.1,-1.8,443,21
-4.1,-1.8,443,21
-4.1,-1.8,443,21
-4.1,-1.8,443,21
-4.1,-1.8,443.1,21
-4.1,-1.8,443.1,21
-4.1,-1.8,443.1,21
-4.1,-1.8,443.1,21
-4,-1.8,443,21
-4,-1.8,443,21
-4,-1.8,443,21
-4,-1.8,443,21
-4.1,-1.8,443.1,21
-4.1,-1.8,443.1,21
-4.1,-1.8,443.1,21
-4.1,-1.8,443.1,21
-4.1,-1.8,443,21
-4.1,-1.8,443,21
-4.1,-1.8,443,21
-4.1,-1.8,443,21
-4.1,-1.7,443.1,21
-4.1,-1.7,443.1,21
-4.1,-1.7,443.1,21
-4.1,-1.7,443.1,21
-4.1,-1.7,443.1,21
-4.1,-1.7,443.1,21
-4.1,-1.7,443.1,21
-4.1,-1.7,443.1,21
-4.1,-1.9,443.1,21
-4.1,-1.9,443.1,21
-4.1,-1.9,443.1,21
-4.1,-1.9,443.1,21
-4,-1.7,443.1,21
-4,-1.7,443.1,21
-4,-1.7,443.1,21
-4,-1.7,443.1,21
-4.2,-1.7,443.1,21
-4.2,-1.8,443.1,21
-4.2,-1.8,443.1,21
-4.2,-1.8,443.1,21
-4.2,-1.8,443.1,21
-4.3,-1.8,443.1,21
-4.3,-1.8,443.1,21
-4.3,-1.8,443.1,21
-4.3,-1.8,443.1,21
-4.1,-1.7,443.1,21
-4.1,-1.7,443.1,21
-4.1,-1.7,443.1,21
-4.1,-1.7,443.1,21
-4.2,-1.8,443.1,21
-4.2,-1.8,443.1,21
-4.2,-1.8,443.1,21
-4.2,-1.9,443.1,21
-4.2,-1.9,443.1,21
-4.2,-1.9,443.1,21
-4.2,-1.9,443.1,21
-4.1,-1.8,443.1,21
-4.1,-1.8,443.1,21
-4.1,-1.8,443.1,21
-4.1,-1.8,443.1,21
-4.3,-1.8,443.1,21
-4.3,-1.9,443.1,21
-4.3,-1.9,443.1,21
-4.3,-1.9,443.1,21
-4.3,-1.9,443.1,21
-4.2,-1.7,443.1,21
-4.2,-1.7,443.1,21
-4.2,-1.7,443.1,21
-4.2,-1.7,443.1,21
-4.3,-1.8,443.1,21
-4.3,-1.8,443.1,21
-4.3,-1.8,443.1,21
-4.3,-1.8,443.1,21
-4.2,-1.7,443.1,21
-4.2,-1.7,443.1,21
-4.2,-1.7,443.1,21
-4.2,-1.7,443.1,21
-4.2,-1.8,443.1,21
-4.2,-1.8,443.1,21
-4.2,-1.8,443.1,21
-4.2,-1.8,443.1,21
-4.1,-1.8,443.1,21
-4.1,-1.8,443.1,21
-4.1,-1.8,443.1,21
-4.1,-1.8,443.1,21
-4.1,-1.8,443.1,21
-4.3,-1.9,443.1,21
-4.3,-1.9,443.2,21
-4.3,-1.9,443.2,21
-4.3,-1.9,443.2,21
-4.2,-1.9,443.2,21
-4.2,-1.7,443.1,21
-4.2,-1.7,443.1,21
-4.2,-1.7,443.1,21
-4.3,-1.7,443.1,21
-4.3,-1.8,443.2,21
-4.3,-1.8,443.2,21
-4.3,-1.8,443.2,21
-4.3,-1.8,443.2,21
-4.2,-1.8,443.1,21
-4.2,-1.8,443.1,21
-4.2,-1.8,443.1,21
-4.3,-1.8,443.1,21
-4.3,-1.8,443.2,21
-4.3,-1.8,443.2,21
-4.3,-1.8,443.2,21
-4.2,-1.8,443.2,21
-4.2,-1.8,443.2,21
-4.2,-1.8,443.2,21
-4.2,-1.8,443.2,21
-4.2,-1.8,443.1,21
-4.2,-1.8,443.1,21
-4.2,-1.8,443.1,21
-4.1,-1.8,443.1,21
-4.1,-1.8,443.2,21
-4.1,-1.8,443.2,21
-4.1,-1.8,443.2,21
-4,-1.7,443.2,21
-4,-1.7,443.1,21
-4,-1.7,443.1,21
-4,-1.7,443.1,21
-4,-1.7,443.1,21
-4.3,-1.9,443.2,21
-4.3,-1.9,443.2,21
-4.3,-1.9,443.2,21
-4.3,-1.9,443.2,21
-4.3,-1.9,443.2,21
-4.3,-1.9,443.2,21
-4.3,-1.9,443.2,21
-4.3,-1.9,443.2,21
-4.4,-1.8,443.2,21
-4.4,-1.8,443.2,21
-4.4,-1.8,443.2,21
-4.4,-1.8,443.2,21
-4.3,-1.9,443.2,21
-4.3,-1.9,443.2,21
-4.3,-1.9,443.2,21
-4.3,-1.9,443.2,21
-4.3,-1.9,443.2,21
-4.3,-1.9,443.2,21
-4.3,-1.9,443.2,21
-4.2,-1.9,443.2,21
-4.2,-1.8,443.2,21
-4.2,-1.8,443.2,21
-4.2,-1.8,443.2,21
-4.2,-1.8,443.2,21
-4.3,-1.8,443.2,21
-4.3,-1.8,443.2,21
-4.3,-1.8,443.2,21
-4.3,-1.8,443.2,21
-4.3,-1.8,443.2,21
-4.3,-1.8,443.2,21
-4.3,-1.8,443.2,21
-4.3,-1.8,443.2,21
-4.3,-1.8,443.2,21
-4,-1.7,443.2,21
-4,-1.7,443.2,21
-4,-1.7,443.2,21
-4,-1.7,443.2,21
-4.1,-1.9,443.2,21
-4.1,-1.9,443.2,21
-4.1,-1.9,443.2,21
-3.9,-1.9,443.2,21
-3.9,-1.8,443.2,21
-3.9,-1.8,443.2,21
-3.9,-1.8,443.2,21
-3.9,-1.8,443.2,21
-4.1,-1.8,443.2,21
-4.1,-1.8,443.2,21
-4.1,-1.8,443.2,21
-4.1,-1.8,443.2,21
-4.1,-1.8,443.2,21
-4.1,-1.8,443.2,21
-4.1,-1.8,443.2,21
-4,-1.8,443.2,21
-4,-1.8,443.2,21
-4,-1.8,443.2,21
-4,-1.8,443.2,21
-4,-1.8,443.2,21
-4.1,-1.8,443.2,21
-4.1,-1.8,443.2,21
-4.1,-1.8,443.2,21
-4.1,-1.8,443.2,21
-4.1,-1.8,443.2,21
-4.1,-1.8,443.2,21
-4.1,-1.8,443.2,21
-4.1,-1.8,443.2,21
-4.1,-1.8,443.2,21
-4.1,-1.8,443.2,21
-4.1,-1.8,443.2,21
-4.1,-1.8,443.2,21
-4.3,-1.9,443.2,21
-4.3,-1.9,443.2,21
-4.3,-1.9,443.2,21
-4.3,-1.9,443.2,21
-4.3,-1.9,443.2,21
-4.3,-1.8,443.2,21
-4.3,-1.8,443.2,21
-4.3,-1.8,443.2,21
-4.2,-1.9,443.2,21
-4.2,-1.9,443.2,21
-4.2,-1.9,443.2,21
-4.2,-1.9,443.2,21
-4.3,-1.9,443.2,21
-4.3,-1.8,443.2,21
-4.3,-1.8,443.2,21
-4.3,-1.8,443.2,21
-4.3,-1.8,443.2,21
-4,-1.8,443.2,21
-4,-1.8,443.2,21
-4,-1.8,443.2,21
-4.3,-1.8,443.2,21
-4.3,-1.8,443.2,21
-4.3,-1.8,443.2,21
-4.3,-1.8,443.2,21
-4.3,-1.8,443.2,21
-4,-1.9,443.2,21
-4,-1.9,443.2,21
-4,-1.9,443.2,21
-4,-1.9,443.2,21
-4,-1.8,443.2,21
-4,-1.8,443.2,21
-4,-1.8,443.2,21
-4.3,-1.9,443.3,21
-4.3,-1.9,443.3,21
-4.3,-1.9,443.3,21
-4.3,-1.9,443.3,21
-4.3,-1.9,443.3,21
-4.3,-1.9,443.3,21
-4.3,-1.9,443.3,21
-4.3,-1.9,443.3,21
-4.3,-1.8,443.3,21
-4.3,-1.8,443.3,21
-4.3,-1.8,443.3,21
-4.3,-1.8,443.3,21
-4.4,-1.9,443.3,21
-4.4,-1.9,443.3,21
-4.4,-1.9,443.3,21
-4.4,-1.9,443.3,21
-4.2,-1.8,443.3,21
-4.2,-1.8,443.3,21
-4.2,-1.8,443.3,21
-4.2,-1.8,443.3,21
-4.2,-1.8,443.3,21
-4.2,-1.8,443.3,21
-4.2,-1.8,443.3,21
-4.3,-1.8,443.3,21
-4.3,-1.9,443.3,21
-4.3,-1.9,443.3,21
-4.3,-1.9,443.3,21
-4.3,-1.9,443.3,21
-4.3,-1.9,443.3,21
-4.3,-1.9,443.3,21
-4.3,-1.9,443.3,21
-4,-1.9,443.3,21
-4,-1.9,443.3,21
-4,-1.9,443.3,21
-4,-1.9,443.3,21
-4,-1.9,443.3,21
-4,-1.9,443.3,21
-4,-1.9,443.3,21
-4.2,-1.7,443.3,21
-4.2,-1.7,443.3,21
-4.2,-1.7,443.3,21
-4.2,-1.7,443.3,21
-4.3,-1.8,443.3,21
-4.3,-1.8,443.3,21
-4.3,-1.8,443.3,21
-4.3,-1.8,443.3,21
-4.2,-1.8,443.3,21
-4.2,-1.8,443.3,21
-4.2,-1.8,443.3,21
-4.2,-1.8,443.3,21
-4.2,-1.8,443.3,21
-4.2,-1.8,443.3,21
-4.2,-1.8,443.3,21
-4.2,-1.8,443.3,21
-4.3,-1.8,443.3,21
-4.3,-1.8,443.3,21
-4.3,-1.8,443.3,21
-4.3,-1.8,443.3,21
-4.2,-1.7,443.3,21
-4.2,-1.7,443.3,21
-4.2,-1.7,443.3,21
-4.2,-1.7,443.3,21
-4,-1.7,443.3,21
-4,-1.8,443.3,21
-4,-1.8,443.3,21
-4,-1.8,443.3,21
-4.1,-1.8,443.3,21
-4.1,-1.8,443.3,21
-4.1,-1.8,443.3,21
-4.1,-1.8,443.3,21
-4.1,-1.8,443.3,21
-4.1,-1.9,443.3,21
-4.1,-1.9,443.3,21
-4.1,-1.9,443.3,21
-4.1,-1.9,443.3,21
-4.2,-1.9,443.3,21
-4.2,-1.9,443.3,21
-4.2,-1.9,443.3,21
-4.2,-1.9,443.3,21
-4.2,-1.8,443.3,21
-4.2,-1.8,443.3,21
-4.2,-1.8,443.3,21
-4.2,-1.8,443.3,21
-4.3,-1.9,443.3,21
-4.3,-1.9,443.3,21
-4.3,-1.9,443.3,21
-4.3,-1.9,443.3,21
-4.2,-1.8,443.3,21
-4.2,-1.8,443.3,21
-4.2,-1.8,443.3,21
-4.1,-1.8,443.3,21
-4.1,-1.9,443.3,21
-4.1,-1.9,443.3,21
-4.1,-1.9,443.3,21
-4.1,-1.8,443.3,21
-4.1,-1.8,443.3,21
-4.1,-1.8,443.3,21
-4.3,-1.9,443.3,21
-4.3,-1.9,443.3,21
-4.3,-1.9,443.3,21
-4.3,-1.9,443.3,21
-4.3,-1.9,443.3,21
-4.3,-1.8,443.3,21
-4.3,-1.8,443.3,21
-4.3,-1.8,443.3,21
-4.3,-1.8,443.3,21
-4.1,-1.7,443.3,21
-4.1,-1.7,443.3,21
-4.1,-1.7,443.3,21
-4.1,-1.7,443.3,21
-4.1,-1.8,443.3,21
-4.1,-1.8,443.3,21
-4.1,-1.8,443.3,21
-4.1,-1.8,443.3,21
-4,-1.8,443.3,21
-4,-1.8,443.3,21
-4,-1.8,443.3,21
-4,-1.8,443.3,21
-4.2,-1.8,443.3,21
-4.2,-1.8,443.3,21
-4.2,-1.8,443.3,21
-4.2,-1.8,443.3,21
-4.1,-1.8,443.3,21
-4.1,-1.8,443.3,21
-4.1,-1.8,443.3,21
-4.2,-1.8,443.3,21
-4.2,-1.8,443.3,21
-4.2,-1.8,443.3,21
-4.2,-1.8,443.3,21
-4.4,-1.8,443.3,21
-4.4,-1.8,443.3,21
-4.4,-1.8,443.3,21
-4.4,-1.8,443.3,21
-4.4,-1.8,443.3,21
-4.1,-1.8,443.3,21
-4.1,-1.8,443.3,21
-4.1,-1.8,443.3,21
-4.1,-1.8,443.3,21
-4.1,-1.7,443.3,21
-4.1,-1.7,443.3,21
-4.1,-1.7,443.3,21
-4.1,-1.7,443.3,21
-4.1,-1.7,443.3,21
-4.1,-1.7,443.3,21
-4.1,-1.7,443.3,21
-4.3,-1.9,443.4,21
-4.3,-1.9,443.4,21
-4.3,-1.9,443.4,21
-4.3,-1.9,443.4,21
-4.3,-1.8,443.4,21
-4.3,-1.8,443.4,21
-4.3,-1.8,443.4,21
-4.3,-1.8,443.4,21
-4.1,-1.8,443.4,21
-4.1,-1.8,443.3,21
-4.1,-1.8,443.3,21
-4.1,-1.8,443.3,21
-4.1,-1.8,443.3,21
-4.1,-1.9,443.3,21
-4.1,-1.9,443.4,21
-4.1,-1.9,443.4,21
-4.1,-1.9,443.4,21
-4.1,-1.8,443.4,21
-4.1,-1.8,443.3,21
-4.1,-1.8,443.3,21
-4.1,-1.8,443.3,21
-4.1,-1.8,443.3,21
-4.3,-1.9,443.4,21
-4.3,-1.9,443.4,21
-4.3,-1.9,443.4,21
-4.3,-1.9,443.4,21
-4.3,-1.8,443.4,21
-4.3,-1.8,443.4,21
-4.3,-1.8,443.4,21
-4.3,-1.8,443.4,21
-4.3,-1.8,443.4,21
-4.3,-1.8,443.4,21
-4.3,-1.8,443.4,21
-4.2,-1.8,443.4,21
-4.2,-1.8,443.4,21
-4.2,-1.8,443.4,21
-4.2,-1.8,443.4,21
-4.3,-1.9,443.4,21
-4.3,-1.9,443.4,21
-4.3,-1.9,443.4,21
-4.3,-1.9,443.4,21
-3.9,-1.8,443.4,21
-3.9,-1.8,443.4,21
-3.9,-1.8,443.4,21
-3.9,-1.8,443.4,21
-4.1,-1.8,443.3,21
-4.1,-1.8,443.3,21
-4.1,-1.8,443.3,21
-4.1,-1.8,443.3,21
-4.1,-1.8,443.3,21
-4.1,-1.8,443.3,21
-4.1,-1.8,443.3,21
-4.3,-1.8,443.3,21
-4.3,-1.8,443.4,21
-4.3,-1.8,443.4,21
-4.3,-1.8,443.4,21
-4.3,-1.9,443.4,21
-4.3,-1.9,443.4,21
-4.3,-1.9,443.4,21
-4.1,-1.8,443.4,21
-4.1,-1.8,443.4,21
-4.1,-1.8,443.4,21
-4.1,-1.8,443.4,21
-4.2,-1.8,443.4,21
-4.2,-1.9,443.4,21
-4.2,-1.9,443.4,21
-4.2,-1.9,443.4,21
-4.1,-1.9,443.4,21
-4.1,-1.9,443.4,21
-4.1,-1.9,443.4,21
-4.1,-1.9,443.4,21
-4.1,-1.9,443.4,21
-4.1,-1.9,443.4,21
-4.1,-1.9,443.4,21
-4.1,-1.9,443.4,21
-4.3,-1.9,443.4,21
-4.3,-1.9,443.4,21
-4.3,-1.9,443.4,21
-4.3,-1.9,443.4,21
-4.2,-1.9,443.4,21
-4.2,-1.8,443.4,21
-4.2,-1.8,443.4,21
-4.2,-1.8,443.4,21
-4.3,-1.8,443.4,21
-4.3,-1.8,443.4,21
-4.3,-1.8,443.4,21
-4.3,-1.8,443.4,21
-4.3,-1.8,443.4,21
-4.3,-1.8,443.4,21
-4.3,-1.8,443.4,21
-4.3,-1.8,443.4,21
-4.3,-1.8,443.4,21
-4.2,-1.8,443.4,21
-4.2,-1.8,443.4,21
-4.2,-1.8,443.4,21
-4.2,-1.8,443.4,21
-4.1,-1.8,443.4,21
-4.1,-1.7,443.4,21
-4.1,-1.7,443.4,21
-4.1,-1.7,443.4,21
-4.2,-1.8,443.4,21
-4.2,-1.8,443.4,21
-4.2,-1.8,443.4,21
-4.2,-1.8,443.4,21
-4.3,-1.9,443.5,21
-4.3,-1.9,443.5,21
-4.3,-1.9,443.5,21
-4.3,-1.9,443.5,21
-4.3,-1.9,443.4,21
-4.3,-1.9,443.4,21
-4.3,-1.9,443.4,21
-4.1,-1.7,443.4,21
-4.1,-1.7,443.4,21
-4.1,-1.7,443.4,21
-4.1,-1.7,443.4,21
-4,-1.8,443.4,21
-4,-1.8,443.4,21
-4,-1.8,443.4,21
-4.1,-1.8,443.4,21
-4.1,-1.8,443.4,21
-4.1,-1.8,443.4,21
-4.1,-1.8,443.4,21
-4.1,-1.8,443.4,21
-4.1,-1.8,443.4,21
-4.1,-1.8,443.4,21
-4.1,-1.8,443.4,21
-4.1,-1.8,443.4,21
-4.1,-1.8,443.4,21
-4.1,-1.8,443.4,21
-4.1,-1.8,443.4,21
-4.3,-1.9,443.5,21
-4.3,-1.9,443.5,21
-4.3,-1.9,443.5,21
-4.3,-1.9,443.5,21
-4.3,-1.9,443.5,21
-4.3,-1.9,443.5,21
-4.3,-1.9,443.5,21
-4.3,-1.9,443.5,21
-4.3,-1.8,443.5,21
-4.3,-1.8,443.5,21
-4.3,-1.8,443.5,21
-4.1,-1.8,443.5,21
-4.1,-1.9,443.5,21
-4.1,-1.9,443.5,21
-4.1,-1.9,443.5,21
-4.3,-1.9,443.5,21
-4.3,-1.9,443.5,21
-4.3,-1.9,443.5,21
-4.3,-1.9,443.5,21
-4.1,-1.9,443.5,21
-4.1,-1.8,443.5,21
-4.1,-1.8,443.5,21
-4.1,-1.8,443.5,21
-4,-1.8,443.4,21
-4,-1.8,443.4,21
-4,-1.8,443.4,21
-4.1,-1.8,443.4,21
-4.1,-1.7,443.5,21
-4.1,-1.7,443.5,21
-4.2,-1.7,443.5,21
-4.2,-1.9,443.5,21
-4.2,-1.9,443.5,21
-4.2,-1.9,443.5,21
-4.2,-1.9,443.5,21
-4.2,-1.9,443.5,21
-4.2,-1.9,443.5,21
-4.2,-1.9,443.5,21
-4.1,-1.9,443.5,21
-4.1,-1.9,443.5,21
-4.1,-1.9,443.5,21
-4.1,-1.9,443.5,21
-4.1,-1.9,443.5,21
-4.2,-1.9,443.5,21
-4.2,-1.9,443.5,21
-4.2,-1.9,443.5,21
-4.2,-1.9,443.5,21
-4.3,-1.8,443.5,21
-4.3,-1.8,443.5,21
-4.3,-1.8,443.5,21
-4.3,-1.8,443.5,21
-4.3,-1.9,443.5,21
-4.3,-1.9,443.5,21
-4.3,-1.9,443.5,21
-4.2,-1.9,443.5,21
-4.2,-1.9,443.5,21
-4.2,-1.9,443.5,21
-4.2,-1.9,443.5,21
-4.3,-1.9,443.5,21
-4.3,-1.9,443.5,21
-4.3,-1.9,443.5,21
-4.3,-1.9,443.5,21
-4.3,-1.8,443.5,21
-4.3,-1.8,443.5,21
-4.3,-1.8,443.5,21
-4.3,-1.8,443.5,21
-4.2,-1.9,443.5,21
-4.2,-1.9,443.5,21
-4.2,-1.9,443.5,21
-4.2,-1.9,443.5,21
-4,-1.9,443.5,21
-4,-1.9,443.5,21
-4,-1.9,443.5,21
-4,-1.9,443.5,21
-4.1,-1.8,443.5,21
-4.1,-1.8,443.5,21
-4.1,-1.8,443.5,21
-4.1,-1.8,443.5,21
-4.1,-1.8,443.5,21
-4.1,-1.8,443.5,21
-4.1,-1.8,443.5,21
-4.2,-1.8,443.5,21
-4.2,-1.8,443.5,21
-4.2,-1.8,443.5,21
-4.3,-1.8,443.5,21
-4.3,-1.8,443.5,21
-4.3,-1.8,443.5,21
-4.3,-1.8,443.5,21
-4.1,-1.8,443.5,21
-4.1,-1.8,443.5,21
-4.1,-1.8,443.5,21
-4.1,-1.7,443.5,21
-4.1,-1.7,443.5,21
-4.1,-1.7,443.5,21
-4.1,-1.7,443.5,21
-4.2,-1.8,443.5,21
-4.2,-1.8,443.5,21
-4.2,-1.8,443.5,21
-4.2,-1.8,443.5,21
-4.1,-1.7,443.5,21
-4.1,-1.7,443.5,21
-4.1,-1.7,443.5,21
-4.1,-1.7,443.5,21
-4.2,-1.8,443.5,21
-4.2,-1.8,443.5,21
-4.2,-1.8,443.5,21
-4.2,-1.8,443.5,21
-4,-1.8,443.5,21
-4,-1.8,443.5,21
-4,-1.8,443.5,21
-4,-1.8,443.5,21
-4,-1.8,443.5,21
-4,-1.8,443.5,21
-4,-1.8,443.5,21
-4,-1.8,443.5,21
-4.1,-1.7,443.5,21
-4.1,-1.7,443.5,21
-4.1,-1.7,443.5,21
-4.1,-1.7,443.5,21
-4.2,-1.8,443.5,21
-4.2,-1.8,443.5,21
-4.2,-1.8,443.5,21
-4.3,-1.8,443.5,21
-4.3,-1.8,443.6,21
-4.3,-1.8,443.6,21
-4.3,-1.8,443.6,21
-4.2,-1.8,443.5,21
-4.2,-1.8,443.5,21
-4.2,-1.8,443.5,21
-4.2,-1.8,443.5,21
-4.3,-1.9,443.6,21
-4.3,-1.9,443.6,21
-4.3,-1.9,443.6,21
-4.1,-1.8,443.5,21
-4.1,-1.8,443.5,21
-4.1,-1.8,443.5,21
-4.2,-1.8,443.5,21
-4.2,-1.8,443.6,21
-4.2,-1.8,443.6,21
-4.1,-1.8,443.5,21
-4.1,-1.8,443.5,21
-4.1,-1.8,443.5,21
-4.1,-1.8,443.5,21
-4.1,-1.8,443.5,21
-4.1,-1.8,443.5,21
-4.1,-1.8,443.5,21
-4.1,-1.8,443.5,21
-4.1,-1.8,443.5,21
-4.1,-1.8,443.6,21
-4.1,-1.8,443.6,21
-4.1,-1.8,443.6,21
-4.2,-1.8,443.6,21
-4.2,-1.9,443.6,21
-4.2,-1.9,443.6,21
-4.2,-1.9,443.6,21
-4.2,-1.9,443.6,21
-4.3,-1.9,443.6,21
-4.3,-1.9,443.6,21
-4.3,-1.9,443.6,21
-4.3,-1.9,443.6,21
-4.3,-1.9,443.6,21
-4.3,-1.9,443.6,21
-4.3,-1.9,443.6,21
-4.3,-1.9,443.6,21
-4.2,-1.9,443.6,21
-4.2,-1.9,443.6,21
-4.2,-1.9,443.6,21
-4.3,-1.9,443.6,21
-4.3,-1.9,443.6,21
-4.3,-1.9,443.6,21
-4.3,-1.9,443.6,21
-4.3,-1.9,443.6,21
-4.3,-1.8,443.6,21
-4.3,-1.8,443.6,21
-4.3,-1.8,443.6,21
-4.3,-1.8,443.6,21
-4.3,-1.8,443.6,21
-4.3,-1.8,443.6,21
-4.3,-1.8,443.6,21
-4.2,-1.8,443.6,21
-4.2,-1.9,443.6,21
-4.2,-1.9,443.6,21
-4.2,-1.9,443.6,21
-4.2,-1.9,443.6,21
-4.2,-1.9,443.6,21
-4.2,-1.9,443.6,21
-4.1,-1.9,443.6,21
-4.1,-1.7,443.5,21
-4.1,-1.7,443.5,21
-4.3,-1.8,443.5,21
-4.3,-1.8,443.6,21
-4.3,-1.8,443.6,21
-4.3,-1.8,443.6,21
-4.1,-1.8,443.6,21
-4.1,-1.8,443.6,21
-4.1,-1.8,443.6,21
-4.1,-1.8,443.6,21
-4.1,-1.8,443.6,21
-4.1,-1.8,443.6,21
-4.1,-1.8,443.6,21
-4.1,-1.8,443.6,21
-4.1,-1.8,443.6,21
-4.1,-1.8,443.6,21
-4.1,-1.8,443.6,21
-4.1,-1.8,443.6,21
-4.2,-1.9,443.6,21
-4.2,-1.9,443.6,21
-4.2,-1.9,443.6,21
-4.2,-1.9,443.6,21
-4.3,-1.9,443.6,21
-4.3,-1.9,443.6,21
-4.3,-1.9,443.6,21
-4.3,-1.9,443.6,21
-4.2,-1.9,443.6,21
-4.2,-1.9,443.6,21
-4.2,-1.9,443.6,21
-4.2,-1.9,443.6,21
-4.2,-1.9,443.6,21
-4.2,-1.9,443.6,21
-4.2,-1.9,443.6,21
-4.2,-1.9,443.6,21
-4.3,-1.9,443.6,21
-4.3,-1.9,443.6,21
-4.3,-1.9,443.6,21
-4,-1.7,443.6,21
-4,-1.7,443.6,21
-4,-1.7,443.6,21
-4.3,-1.7,443.6,21
-4.3,-1.8,443.6,21
-4.3,-1.8,443.6,21
-4.3,-1.8,443.6,21
-4.3,-1.8,443.6,21
-4.2,-1.8,443.6,21
-4.2,-1.8,443.6,21
-4.2,-1.8,443.6,21
-4.2,-1.8,443.6,21
-4.1,-1.8,443.6,21
-4.1,-1.8,443.6,21
-4.1,-1.8,443.6,21
-4.2,-1.8,443.6,21
-4.2,-1.8,443.6,21
-4.2,-1.8,443.6,21
-4,-1.8,443.6,21
-4,-1.8,443.6,21
-4,-1.8,443.6,21
-4,-1.8,443.6,21
-4.3,-1.8,443.6,21
-4.3,-1.8,443.6,21
-4.3,-1.8,443.6,21
-4.3,-1.8,443.6,21
-4.3,-1.7,443.6,21
-4.3,-1.7,443.6,21
-4.3,-1.7,443.6,21
-4.3,-1.7,443.6,21
-4.2,-1.8,443.6,21
-4.2,-1.8,443.6,21
-4.2,-1.8,443.6,21
-4.3,-1.9,443.6,21
-4.3,-1.9,443.6,21
-4.3,-1.9,443.6,21
-4.3,-1.9,443.6,21
-4.3,-1.9,443.6,21
-4.3,-1.8,443.7,21
-4.3,-1.8,443.7,21
-4.3,-1.8,443.7,21
-4.2,-1.9,443.7,21
-4.2,-1.9,443.7,21
-4.2,-1.9,443.7,21
-4.2,-1.9,443.7,21
-4.2,-1.9,443.7,21
-4.2,-1.9,443.7,21
-4.2,-1.9,443.7,21
-4.2,-1.9,443.7,21
-4.1,-1.8,443.6,21
-4.1,-1.8,443.6,21
-4.1,-1.8,443.6,21
-4.1,-1.8,443.6,21
-4.1,-1.8,443.6,21
-4.1,-1.8,443.6,21
-4.1,-1.8,443.6,21
-4.2,-1.8,443.6,21
-4.2,-1.8,443.6,21
-4.2,-1.8,443.6,21
-4.3,-1.8,443.6,21
-4.3,-1.8,443.7,21
-4.3,-1.8,443.7,21
-4.3,-1.8,443.7,21
-4.3,-1.8,443.7,21
-4.3,-1.8,443.7,21
-4.3,-1.8,443.7,21
-4.3,-1.8,443.7,21
-4.3,-1.8,443.7,21
-4.4,-1.8,443.7,21
-4.4,-1.8,443.7,21
-4.4,-1.8,443.7,21
-4.3,-1.9,443.6,21
-4.3,-1.9,443.6,21
-4.3,-1.9,443.6,21
-4.1,-1.8,443.6,21
-4.1,-1.8,443.6,21
-4.1,-1.8,443.6,21
-4.1,-1.8,443.6,21
-4,-1.8,443.6,21
-4,-1.8,443.7,21
-4,-1.8,443.7,21
-4,-1.8,443.7,21
-4,-1.8,443.7,21
-4,-1.9,443.6,21
-4,-1.9,443.6,21
-4,-1.9,443.6,21
-4,-1.9,443.6,21
-4.2,-1.9,443.7,21
-4.2,-1.9,443.7,21
-4.2,-1.9,443.7,21
-4.1,-1.7,443.7,21
-4.1,-1.7,443.6,21
-4.1,-1.7,443.6,21
-4.1,-1.7,443.6,21
-4,-1.7,443.6,21
-4,-1.8,443.7,21
-4,-1.8,443.7,21
-4,-1.8,443.7,21
-4,-1.8,443.7,21
-4,-1.7,443.6,21
-4,-1.7,443.6,21
-4,-1.7,443.6,21
-4.1,-1.7,443.6,21
-4.1,-1.7,443.6,21
-4.1,-1.7,443.6,21
-4.1,-1.7,443.6,21
-4.1,-1.7,443.6,21
-4.1,-1.7,443.7,21
-4.1,-1.7,443.7,21
-4.1,-1.7,443.7,21
-4.2,-1.8,443.7,21
-4.2,-1.8,443.7,21
-4.2,-1.8,443.7,21
-4.2,-1.8,443.7,21
-4.2,-1.8,443.7,21
-4.2,-1.8,443.7,21
-4.2,-1.8,443.7,21
-4.2,-1.8,443.7,21
-4.2,-1.8,443.7,21
-4.2,-1.8,443.7,21
-4.2,-1.8,443.7,21
-4.3,-1.9,443.7,21
-4.3,-1.9,443.7,21
-4.3,-1.9,443.7,21
-4.3,-1.9,443.7,21
-4.1,-1.9,443.7,21
-4.1,-1.9,443.7,21
-4.1,-1.9,443.7,21
-4.1,-1.9,443.7,21
-4.1,-1.8,443.7,21
-4.1,-1.8,443.7,21
-4.1,-1.8,443.7,21
-4.1,-1.8,443.7,21
-4,-1.8,443.7,21
-4,-1.8,443.7,21
-4,-1.8,443.7,21
-4,-1.8,443.7,21
-4,-1.7,443.7,21
-4,-1.7,443.7,21
-4,-1.7,443.7,21
-4.2,-1.8,443.7,21
-4.2,-1.8,443.7,21
-4.2,-1.8,443.7,21
-4.3,-1.8,443.7,21
-4.3,-1.8,443.7,21
-4.3,-1.8,443.7,21
-4.3,-1.8,443.7,21
-4.3,-1.8,443.7,21
-4.3,-1.8,443.7,21
-4.3,-1.8,443.7,21
-4.3,-1.8,443.7,21
-4.3,-1.8,443.7,21
-4.3,-1.9,443.7,21
-4.3,-1.9,443.7,21
-4.3,-1.9,443.7,21
-4,-1.8,443.7,21
-4,-1.8,443.7,21
-4,-1.8,443.7,21
-4,-1.8,443.7,21
-4,-1.9,443.8,21
-4,-1.9,443.8,21
-4,-1.9,443.8,21
-4.1,-1.8,443.8,21
-4.1,-1.8,443.7,21
-4.1,-1.8,443.7,21
-4.1,-1.8,443.7,21
-4.1,-1.8,443.7,21
-4.1,-1.8,443.7,21
-4.1,-1.8,443.7,21
-4.1,-1.8,443.7,21
-4.1,-1.8,443.7,21
-4.1,-1.8,443.7,21
-4.1,-1.8,443.7,21
-4.3,-1.8,443.7,21
-4.3,-1.8,443.7,21
-4.3,-1.8,443.7,21
-4.1,-1.8,443.7,21
-4.1,-1.8,443.7,21
-4.1,-1.8,443.7,21
-4.1,-1.8,443.7,21
-4.1,-1.9,443.7,21
-4.1,-1.9,443.7,21
-4.1,-1.9,443.7,21
-4.1,-1.9,443.7,21
-4.1,-1.7,443.7,21
-4.1,-1.7,443.7,21
-4.1,-1.7,443.7,21
-4.1,-1.7,443.7,21
-4,-1.7,443.7,21
-4,-1.8,443.8,21
-4,-1.8,443.8,21
-4,-1.8,443.8,21
-4,-1.8,443.8,21
-4.3,-1.9,443.8,21
-4.3,-1.9,443.8,21
-4.3,-1.9,443.8,21
-4.3,-1.9,443.8,21
-4.3,-1.9,443.8,21
-4,-1.8,443.7,21
-4,-1.8,443.7,21
-4,-1.8,443.7,21
-4,-1.8,443.7,21
-3.9,-1.8,443.7,21
-3.9,-1.8,443.7,21
-3.9,-1.8,443.7,21
-3.9,-1.8,443.7,21
-4,-1.8,443.7,21
-4,-1.9,443.8,21
-4,-1.9,443.8,21
-4,-1.9,443.8,21
-4,-1.8,443.8,21
-4,-1.8,443.8,21
-4,-1.8,443.8,21
-4,-1.8,443.8,21
-4.3,-1.8,443.8,21
-4.3,-1.8,443.8,21
-4.3,-1.8,443.8,21
-4.3,-1.8,443.8,21
-4.3,-1.8,443.8,21
-4.4,-1.9,443.8,21
-4.4,-1.9,443.8,21
-4.4,-1.9,443.8,21
-4.4,-1.9,443.8,21
-4.4,-1.9,443.8,21
-4.1,-1.7,443.8,21
-4.1,-1.7,443.8,21
-4.1,-1.7,443.8,21
-4.1,-1.7,443.8,21
-4.1,-1.8,443.7,21
-4.1,-1.8,443.7,21
-4.1,-1.8,443.7,21
-4.1,-1.8,443.7,21
-4.1,-1.8,443.7,21
-4.1,-1.8,443.7,21
-4.1,-1.8,443.7,21
-4.3,-1.8,443.7,21
-4.3,-1.8,443.8,21
-4.3,-1.8,443.8,21
-4.3,-1.8,443.8,21
-4.2,-1.8,443.8,21
-4.2,-1.7,443.8,21
-4.2,-1.7,443.8,21
-4.2,-1.7,443.8,21
-4.1,-1.7,443.8,21
-4.1,-1.7,443.8,21
-4.1,-1.7,443.8,21
-4.1,-1.7,443.8,21
-4.1,-1.7,443.8,21
-4.1,-1.7,443.8,21
-4.1,-1.7,443.8,21
-4.1,-1.7,443.8,21
-4.1,-1.7,443.8,21
-4.1,-1.7,443.8,21
-4.1,-1.7,443.8,21
-4.1,-1.7,443.8,21
-4.1,-1.7,443.8,21
-4.2,-1.8,443.8,21
-4.2,-1.8,443.8,21
-4.2,-1.8,443.8,21
-4.2,-1.8,443.8,21
-4.3,-1.8,443.8,21
-4.3,-1.8,443.8,21
-4.3,-1.8,443.8,21
-4.3,-1.8,443.8,21
-4.3,-1.8,443.8,21
-4.3,-1.8,443.8,21
-4.3,-1.9,443.8,21
-4.3,-1.9,443.8,21
-4.3,-1.9,443.8,21
-4.3,-1.9,443.8,21
-4.3,-1.9,443.8,21
-4.2,-1.9,443.8,21
-4.2,-1.8,443.8,21
-4.2,-1.8,443.8,21
-4.2,-1.8,443.8,21
-4.2,-1.8,443.8,21
-4.2,-1.8,443.8,21
-4.2,-1.9,443.8,21
-4.2,-1.9,443.8,21
-4.2,-1.9,443.8,21
-4.2,-1.9,443.8,21
-4.2,-1.9,443.8,21
-4.2,-1.9,443.8,21
-4.3,-1.8,443.8,21
-4.3,-1.8,443.8,21
-4.3,-1.8,443.8,21
-4.3,-1.8,443.8,21
-4.3,-1.8,443.8,21
-4.2,-1.9,443.8,21
-4.2,-1.9,443.8,21
-4.2,-1.9,443.8,21
-4.2,-1.9,443.8,21
-4.2,-1.9,443.8,21
-4.2,-1.9,443.8,21
-4.3,-1.8,443.8,21
-4.3,-1.8,443.8,21
-4.3,-1.8,443.8,21
-4.3,-1.8,443.8,21
-4.3,-1.8,443.8,21
-4.2,-1.8,443.8,21
-4.2,-1.8,443.8,21
-4.2,-1.8,443.8,21
-4.2,-1.8,443.8,21
-4.2,-1.8,443.8,21
-4.3,-1.8,443.8,21
-4.3,-1.8,443.8,21
-4.3,-1.8,443.8,21
-4.3,-1.8,443.8,21
-4.3,-1.8,443.8,21
-4.3,-1.8,443.8,21
-4.3,-1.8,443.8,21
-4.1,-1.8,443.8,21
-4.1,-1.8,443.8,21
-4.1,-1.8,443.8,21
-4.1,-1.8,443.8,21
-4.1,-1.8,443.8,21
-4.2,-1.7,443.8,21
-4.2,-1.7,443.8,21
-4.2,-1.7,443.8,21
-4.2,-1.7,443.8,21
-4.2,-1.7,443.8,21
-4.1,-1.7,443.8,21
-4.1,-1.8,443.8,21
-4.1,-1.8,443.8,21
-4.1,-1.8,443.8,21
-4.1,-1.8,443.8,21
-4.1,-1.8,443.8,21
-4.1,-1.8,443.8,21
-4.1,-1.7,443.8,21
-4.1,-1.7,443.8,21
-4.1,-1.7,443.8,21
-4.1,-1.7,443.8,21
-4.2,-1.7,443.8,21
-4.2,-1.8,443.8,21
-4.2,-1.8,443.8,21
-4.2,-1.8,443.8,21
-4.2,-1.8,443.8,21
-4.2,-1.8,443.8,21
-4.2,-1.8,443.8,21
-4.2,-1.8,443.8,21
-4.2,-1.8,443.9,21
-4.2,-1.8,443.9,21
-4.2,-1.8,443.9,21
-4.2,-1.8,443.9,21
-4.2,-1.8,443.9,21
-4.2,-1.7,443.9,21
-4.2,-1.7,443.8,21
-4.2,-1.7,443.8,21
-4.2,-1.7,443.8,21
-4.2,-1.7,443.8,21
-4.2,-1.8,443.8,21
-4.2,-1.8,443.9,21
-4.2,-1.8,443.9,21
-4.2,-1.8,443.9,21
-4.2,-1.8,443.9,21
-4.2,-1.8,443.9,21
-4.2,-1.8,443.9,21
-4.2,-1.8,443.9,21
-4.2,-1.8,443.9,21
-4.2,-1.8,443.9,21
-4.2,-1.8,443.9,21
-4.2,-1.8,443.9,21
-4.1,-1.8,443.9,21
-4.1,-1.8,443.8,21
-4.1,-1.8,443.8,21
-4.1,-1.8,443.8,21
-4.1,-1.8,443.8,21
-4.2,-1.7,443.9,21
-4.2,-1.7,443.9,21
-4.2,-1.7,443.9,21
-4.2,-1.7,443.9,21
-4.2,-1.7,443.9,21
-4.2,-1.8,443.9,21
-4.2,-1.8,443.9,21
-4.2,-1.8,443.9,21
-4.2,-1.8,443.9,21
-4.2,-1.8,443.9,21
-4.3,-1.9,443.9,21
-4.3,-1.9,443.9,21
-4.3,-1.9,443.9,21
-4.3,-1.9,443.9,21
-4.3,-1.9,443.9,21
-4.3,-1.9,443.9,21
-4.2,-1.8,443.9,21
-4.2,-1.8,443.9,21
-4.2,-1.8,443.9,21
-4.2,-1.8,443.9,21
-4.2,-1.8,443.9,21
-4.2,-1.8,443.9,21
-4.1,-1.8,443.9,21
-4.1,-1.8,443.9,21
-4.1,-1.8,443.9,21
-4.1,-1.8,443.9,21
-4.1,-1.8,443.9,21
-4.2,-1.7,443.9,21
-4.2,-1.7,443.9,21
-4.2,-1.7,443.9,21
-4.2,-1.7,443.9,21
-4.2,-1.7,443.9,21
-4.2,-1.7,443.9,21
-4.1,-1.7,443.9,21
-4.1,-1.7,443.9,21
-4.1,-1.7,443.9,21
-4.1,-1.7,443.9,21
-4.1,-1.7,443.9,21
-4,-1.7,443.9,21
-4,-1.8,443.9,21
-4,-1.8,443.9,21
-4,-1.8,443.9,21
-4,-1.8,443.9,21
-4,-1.8,443.9,21
-4,-1.8,443.9,21
-4,-1.8,443.9,21
-4,-1.8,443.9,21
-4,-1.8,443.9,21
-4,-1.8,443.9,21
-4,-1.8,443.9,21
-4.2,-1.9,443.9,21
-4.2,-1.9,443.9,21
-4.2,-1.9,443.9,21
-4.2,-1.9,443.9,21
-4.2,-1.9,443.9,21
-4.1,-1.9,443.9,21
-4.1,-1.9,443.9,21
-4.1,-1.9,443.9,21
-4.1,-1.9,443.9,21
-4.1,-1.9,443.9,21
-4.1,-1.9,443.9,21
-4.2,-1.9,443.9,21
-4.2,-1.9,443.9,21
-4.2,-1.9,443.9,21
-4.2,-1.9,443.9,21
-4.2,-1.9,443.9,21
-4.2,-1.8,443.9,21
-4.2,-1.8,444,21
-4.2,-1.8,444,21
-4.2,-1.8,444,21
-4.2,-1.8,444,21
-4.2,-1.8,444,21
-4.2,-1.9,444,21
-4.2,-1.9,444,21
-4.2,-1.9,444,21
-4.2,-1.9,444,21
-4.2,-1.9,444,21
-4.2,-1.9,444,21
-4.2,-1.8,444,21
-4.2,-1.8,444,21
-4.2,-1.8,444,21
-4.2,-1.8,444,21
-4.2,-1.8,444,21
-4.1,-1.8,444,21
-4.1,-1.8,444,21
-4.1,-1.8,444,21
-4.1,-1.8,444,21
-4.1,-1.8,444,21
-4.1,-1.8,444,21
-4.1,-1.8,444,21
-4.1,-1.9,444,21
-4.1,-1.9,444,21
-4.1,-1.9,444,21
-4.1,-1.9,444,21
-4.1,-1.9,444,21
-4.2,-1.8,444,21
-4.2,-1.8,444,21
-4.2,-1.8,444,21
-4.2,-1.8,444,21
-4.2,-1.8,444,21
-4,-1.8,444,21
-4,-1.8,444,21
-4,-1.8,444,21
-4,-1.8,444,21
-4,-1.8,444,21
-4,-1.8,444,21
-4,-1.8,444,21
-4,-1.8,444,21
-4,-1.8,444,21
-4,-1.8,444,21
-4.1,-1.8,444,21
-4.1,-1.8,444,21
-4.1,-1.8,444,21
-4.1,-1.8,444,21
-4.1,-1.8,444,21
-4.1,-1.8,444,21
-4.2,-1.8,444,21
-4.2,-1.9,444,21
-4.2,-1.9,444,21
-4.2,-1.9,444,21
-4.2,-1.9,444,21
-4.2,-1.9,444,21
-4.2,-1.8,444,21
-4.2,-1.8,444,21
-4.2,-1.8,444,21
-4.2,-1.8,444,21
-4.2,-1.8,444,21
-4.1,-1.8,444,21
-4.1,-1.8,444,21
-4.1,-1.8,444,21
-4.1,-1.8,444,21
-4.1,-1.8,444,21
-4.1,-1.8,444,21
-4.3,-1.8,444,21
-4.3,-1.8,444,21
-4.3,-1.8,444,21
-4.3,-1.8,444,21
-4.3,-1.8,444,21
-4.3,-1.8,444,21
-4.3,-1.8,444.1,21
-4.3,-1.8,444.1,21
-4.3,-1.8,444.1,21
-4.3,-1.8,444.1,21
-4.3,-1.8,444.1,21
-4.1,-1.8,444.1,21
-4.1,-1.8,444,21
-4.1,-1.8,444,21
-4.1,-1.8,444,21
-4.1,-1.8,444,21
-4.1,-1.8,444,21
-4,-1.8,444,21
-4,-1.8,444,21
-4,-1.8,444,21
-4,-1.8,444,21
-4,-1.8,444,21
-4.1,-1.8,444,21
-4.1,-1.7,444,21
-4.1,-1.7,444,21
-4.1,-1.7,444,21
-4.1,-1.7,444,21
-4.1,-1.7,444,21
-4.2,-1.7,444,21
-4.2,-1.7,444,21
-4.2,-1.7,444,21
-4.2,-1.7,444,21
-4.2,-1.7,444,21
-4.2,-1.7,444,21
-4,-1.8,444,21
-4,-1.8,444,21
-4,-1.8,444,21
-4,-1.8,444,21
-4.3,-1.8,444,21
-4.3,-1.8,444,21
-4.3,-1.8,444,21
-4.3,-1.8,444,21
-4.3,-1.8,444,21
-4.3,-1.8,444,21
-4.3,-1.8,444,21
-4,-1.8,444.1,21
-4,-1.8,444.1,21
-4,-1.8,444.1,21
-4,-1.8,444.1,21
-4,-1.8,444.1,21
-4.2,-1.8,444.1,21
-4.2,-1.8,444.1,21
-4.2,-1.8,444.1,21
-4.2,-1.8,444.1,21
-4.2,-1.8,444.1,21
-4.2,-1.8,444.1,21
-4.1,-1.8,444.1,21
-4.1,-1.8,444.1,21
-4.1,-1.8,444.1,21
-4.1,-1.8,444.1,21
-4.1,-1.8,444.1,21
-4.2,-1.8,444.1,21
-4.2,-1.8,444.1,21
-4.2,-1.8,444.1,21
-4.2,-1.8,444.1,21
-4.2,-1.8,444.1,21
-4.1,-1.8,444.1,21
-4.1,-1.8,444.1,21
-4.1,-1.8,444.1,21
-4.1,-1.8,444.1,21
-4.1,-1.8,444.1,21
-4.1,-1.8,444.1,21
-4.1,-1.8,444.1,21
-4.1,-1.9,444.1,21
-4.1,-1.9,444.1,21
-4.1,-1.9,444.1,21
-4.1,-1.9,444.1,21
-4,-1.9,444.1,21
-4,-1.9,444.1,21
-4,-1.9,444.1,21
-4,-1.9,444.1,21
-4,-1.9,444.1,21
-4,-1.9,444.1,21
-4.2,-1.9,444.1,21
-4.2,-1.9,444.1,21
-4.2,-1.9,444.1,21
-4.2,-1.9,444.1,21
-4.2,-1.9,444.1,21
-4.1,-1.9,444.1,21
-4.1,-1.9,444.1,21
-4.1,-1.9,444.1,21
-4.1,-1.9,444.1,21
-4.1,-1.9,444.1,21
-4.1,-1.9,444.1,21
-4.2,-1.9,444.1,21
-4.2,-1.9,444.1,21
-4.2,-1.9,444.1,21
-4.2,-1.9,444.1,21
-4.2,-1.9,444.1,21
-4.2,-1.9,444.1,21
-4.3,-1.9,444.1,21
-4.3,-1.9,444.1,21
-4.3,-1.9,444.1,21
-4.3,-1.9,444.1,21
-4.3,-1.9,444.1,21
-4.3,-1.9,444.1,21
-4.3,-1.8,444.1,21
-4.3,-1.8,444.1,21
-4.3,-1.8,444.1,21
-4.3,-1.8,444.1,21
-4.2,-1.8,444.1,21
-4.2,-1.8,444.1,21
-4.2,-1.8,444.1,21
-4.2,-1.8,444.1,21
-4.2,-1.8,444.1,21
-4.2,-1.8,444.1,21
-4.2,-1.8,444.1,21
-4.2,-1.8,444.1,21
-4.2,-1.8,444.1,21
-4.2,-1.8,444.1,21
-3.9,-1.8,444.1,21
-3.9,-1.8,444.1,21
-3.9,-1.8,444.1,21
-3.9,-1.8,444.1,21
-3.9,-1.8,444.1,21
-3.9,-1.8,444.1,21
-4.1,-1.8,444.1,21
-4.1,-1.9,444.1,21
-4.1,-1.9,444.1,21
-4.1,-1.9,444.1,21
-4.1,-1.9,444.1,21
-4.1,-1.9,444.1,21
-4.3,-1.9,444.1,21
-4.3,-1.9,444.2,21
-4.3,-1.9,444.2,21
-4.3,-1.9,444.2,21
-4.3,-1.9,444.2,21
-4.2,-1.9,444.2,21
-4.2,-1.9,444.2,21
-4.2,-1.9,444.2,21
-4.2,-1.9,444.2,21
-4.2,-1.9,444.2,21
-4.2,-1.9,444.2,21
-4.2,-1.9,444.2,21
-4.2,-1.9,444.1,21
-4.2,-1.9,444.1,21
-4.2,-1.9,444.1,21
-4.2,-1.9,444.1,21
-4.2,-1.9,444.1,21
-4.2,-1.9,444.1,21
-4.2,-1.9,444.2,21
-4.2,-1.9,444.2,21
-4.2,-1.9,444.2,21
-4.2,-1.9,444.2,21
-4.2,-1.9,444.2,21
-4.2,-1.8,444.2,21
-4.2,-1.8,444.2,21
-4.2,-1.8,444.2,21
-4.2,-1.8,444.2,21
-4.2,-1.8,444.2,21
-4.3,-1.8,444.2,21
-4.3,-1.8,444.2,21
-4.3,-1.8,444.2,21
-4.3,-1.8,444.2,21
-4.3,-1.8,444.2,21
-4.1,-1.9,444.1,21
-4.1,-1.9,444.1,21
-4.1,-1.9,444.1,21
-4.1,-1.9,444.1,21
-4.1,-1.9,444.1,21
-4.2,-1.8,444.1,21
-4.2,-1.8,444.1,21
-4.2,-1.8,444.1,21
-4.2,-1.8,444.1,21
-4.2,-1.8,444.1,21
-4.2,-1.8,444.2,21
-4.2,-1.8,444.2,21
-4.2,-1.8,444.2,21
-4.2,-1.8,444.2,21
-4.2,-1.8,444.2,21
-4.2,-1.8,444.2,21
-4.2,-1.8,444.2,21
-4.2,-1.8,444.2,21
-4.2,-1.8,444.2,21
-4.2,-1.8,444.2,21
-4.2,-1.9,444.2,21
-4.2,-1.9,444.2,21
-4.2,-1.9,444.2,21
-4.2,-1.9,444.2,21
-4.3,-1.8,444.2,21
-4.3,-1.8,444.2,21
-4.3,-1.8,444.2,21
-4.3,-1.8,444.2,21
-4.3,-1.8,444.2,21
-4.3,-1.8,444.2,21
-4.3,-1.8,444.2,21
-4.3,-1.8,444.2,21
-4.1,-1.8,444.2,21
-4.1,-1.8,444.2,21
-4.1,-1.8,444.2,21
-4.1,-1.8,444.2,21
-4.1,-1.8,444.2,21
-4.3,-1.9,444.2,21
-4.3,-1.9,444.2,21
-4.3,-1.9,444.2,21
-4.3,-1.9,444.2,21
-4.2,-1.9,444.2,21
-4.2,-1.9,444.2,21
-4.2,-1.9,444.2,21
-4.2,-1.9,444.2,21
-4.2,-1.9,444.2,21
-4.2,-1.8,444.2,21
-4.2,-1.8,444.2,21
-4.2,-1.8,444.2,21
-4.2,-1.8,444.2,21
-4.2,-1.8,444.2,21
-4.2,-1.8,444.2,21
-4.2,-1.8,444.2,21
-4.3,-1.8,444.2,21
-4.3,-1.8,444.2,21
-4.3,-1.8,444.2,21
-4.3,-1.8,444.2,21
-4.4,-1.8,444.2,21
-4.4,-1.8,444.2,21
-4.4,-1.8,444.2,21
-4.4,-1.8,444.2,21
-4.3,-1.8,444.2,21
-4.3,-1.8,444.2,21
-4.3,-1.8,444.2,21
-4.3,-1.8,444.2,21
-4.3,-1.8,444.2,21
-4.1,-1.8,444.2,21
-4.1,-1.8,444.2,21
-4.1,-1.8,444.2,21
-4.1,-1.8,444.2,21
-4.2,-1.8,444.2,21
-4.2,-1.9,444.2,21
-4.2,-1.9,444.2,21
-4.2,-1.9,444.2,21
-4.2,-1.9,444.2,21
-4.3,-1.9,444.2,21
-4.3,-1.9,444.2,21
-4.3,-1.9,444.2,21
-4.2,-1.9,444.2,21
-4.2,-1.9,444.2,21
-4.2,-1.9,444.2,21
-4.2,-1.9,444.2,21
-4.2,-1.9,444.2,21
-4.2,-1.8,444.2,21
-4.2,-1.8,444.2,21
-4.2,-1.8,444.2,21
-4.2,-1.8,444.2,21
-4.1,-1.8,444.2,21
-4.1,-1.8,444.2,21
-4.1,-1.8,444.2,21
-4.1,-1.8,444.2,21
-4.1,-1.8,444.2,21
-4.1,-1.8,444.2,21
-4.1,-1.8,444.2,21
-4.1,-1.8,444.2,21
-4.1,-1.8,444.2,21
-4.1,-1.8,444.2,21
-4.1,-1.8,444.2,21
-4.1,-1.8,444.2,21
-4.1,-1.8,444.2,21
-4.1,-1.8,444.2,21
-4.1,-1.8,444.2,21
-4.1,-1.8,444.2,21
-4,-1.8,444.2,21
-4,-1.8,444.2,21
-4,-1.8,444.2,21
-4,-1.8,444.2,21
-4,-1.8,444.2,21
-4,-1.8,444.2,21
-4,-1.8,444.2,21
-4,-1.8,444.2,21
-4,-1.8,444.2,21
-4.3,-1.9,444.2,21
-4.3,-1.9,444.2,21
-4.3,-1.9,444.2,21
-4.3,-1.9,444.2,21
-4.3,-1.9,444.2,21
-4.3,-1.8,444.2,21
-4.3,-1.8,444.2,21
-4.3,-1.8,444.2,21
-4.3,-1.8,444.2,21
-4.1,-1.8,444.2,21
-4.1,-1.8,444.2,21
-4.1,-1.8,444.2,21
-4.1,-1.8,444.2,21
-3.9,-1.8,444.2,21
-3.9,-1.8,444.2,21
-3.9,-1.8,444.2,21
-3.9,-1.8,444.2,21
-3.9,-1.8,444.2,21
-4.2,-1.9,444.3,21
-4.2,-1.9,444.3,21
-4.2,-1.9,444.3,21
-4.2,-1.9,444.3,21
-4.3,-1.9,444.3,21
-4.3,-1.7,444.2,21
-4.3,-1.7,444.2,21
-4.3,-1.7,444.2,21
-4.2,-1.7,444.2,21
-4.2,-1.8,444.2,21
-4.2,-1.8,444.2,21
-4.2,-1.8,444.2,21
-4.2,-1.8,444.2,21
-4,-1.8,444.2,21
-4,-1.8,444.2,21
-4,-1.8,444.2,21
-4.1,-1.8,444.2,21
-4.1,-1.7,444.2,21
-4.1,-1.7,444.2,21
-4.1,-1.7,444.2,21
-4.1,-1.7,444.2,21
-4.2,-1.7,444.2,21
-4.2,-1.9,444.3,21
-4.2,-1.9,444.3,21
-4.2,-1.9,444.3,21
-4.1,-1.8,444.2,21
-4.1,-1.8,444.2,21
-4.1,-1.8,444.2,21
-4.1,-1.8,444.3,21
-4.1,-1.8,444.3,21
-4.1,-1.8,444.3,21
-4.1,-1.8,444.3,21
-4.1,-1.8,444.3,21
-4,-1.8,444.2,21
-4,-1.8,444.2,21
-4,-1.8,444.2,21
-4,-1.8,444.2,21
-4.1,-1.8,444.2,21
-4.1,-1.8,444.2,21
-4.1,-1.8,444.2,21
-4.1,-1.8,444.2,21
-4.2,-1.9,444.3,21
-4.2,-1.9,444.3,21
-4.2,-1.9,444.3,21
-4.2,-1.9,444.3,21
-4.2,-1.8,444.3,21
-4.2,-1.8,444.3,21
-4.2,-1.8,444.3,21
-4.2,-1.8,444.3,21
-4.3,-1.9,444.3,21
-4.3,-1.9,444.3,21
-4.3,-1.9,444.3,21
-4.3,-1.9,444.3,21
-4.2,-1.9,444.3,21
-4.2,-1.7,444.3,21
-4.2,-1.7,444.3,21
-4.2,-1.7,444.3,21
-4,-1.7,444.3,21
-4,-1.7,444.3,21
-4,-1.7,444.3,21
-4,-1.7,444.3,21
-4,-1.7,444.3,21
-4.2,-1.8,444.3,21
-4.2,-1.8,444.3,21
-4.2,-1.8,444.3,21
-4.2,-1.8,444.3,21
-4.2,-1.8,444.3,21
-4.3,-1.9,444.3,21
-4.3,-1.9,444.3,21
-4.3,-1.9,444.3,21
-4.3,-1.9,444.3,21
-4.3,-1.8,444.3,21
-4.3,-1.8,444.3,21
-4.3,-1.8,444.3,21
-4.3,-1.8,444.3,21
-4.3,-1.9,444.3,21
-4.3,-1.9,444.3,21
-4.3,-1.9,444.3,21
-4.2,-1.9,444.3,21
-4.2,-1.9,444.3,21
-4.2,-1.9,444.3,21
-4.2,-1.9,444.3,21
-4.2,-1.9,444.3,21
-4,-1.9,444.3,21
-4,-1.8,444.3,21
-4,-1.8,444.3,21
-4,-1.8,444.3,21
-4,-1.8,444.3,21
-4,-1.8,444.3,21
-4,-1.8,444.3,21
-4,-1.8,444.3,21
-4,-1.8,444.3,21
-4.3,-1.8,444.3,21
-4.3,-1.8,444.3,21
-4.3,-1.8,444.3,21
-4.3,-1.8,444.3,21
-4.2,-1.9,444.3,21
-4.2,-1.9,444.3,21
-4.2,-1.9,444.3,21
-4.2,-1.9,444.3,21
-4.2,-1.9,444.3,21
-4.2,-1.8,444.3,21
-4.2,-1.8,444.3,21
-4.2,-1.8,444.3,21
-4.4,-1.8,444.3,21
-4.4,-1.8,444.3,21
-4.4,-1.8,444.3,21
-4.4,-1.8,444.3,21
-4.4,-1.8,444.3,21
-4,-1.7,444.3,21
-4,-1.7,444.3,21
-4,-1.7,444.3,21
-4,-1.7,444.3,21
-4,-1.8,444.3,21
-4,-1.8,444.3,21
-4,-1.8,444.3,21
-4,-1.8,444.3,21
-4.2,-1.8,444.3,21
-4.2,-1.8,444.3,21
-4.2,-1.8,444.3,21
-4.2,-1.8,444.3,21
-4,-1.8,444.3,21
-4,-1.8,444.3,21
-4,-1.8,444.3,21
-4,-1.8,444.3,21
-4,-1.8,444.3,21
-4,-1.8,444.3,21
-4,-1.8,444.3,21
-4,-1.8,444.3,21
-4.2,-1.8,444.3,21
-4.2,-1.8,444.3,21
-4.2,-1.8,444.3,21
-4.2,-1.8,444.3,21
-4.1,-1.8,444.3,21
-4.1,-1.8,444.3,21
-4.1,-1.8,444.3,21
-4.1,-1.8,444.3,21
-4.1,-1.8,444.3,21
-4.1,-1.8,444.3,21
-4.1,-1.8,444.3,21
-4.1,-1.8,444.3,21
-4.1,-1.8,444.3,21
-4.3,-1.9,444.4,21
-4.3,-1.9,444.4,21
-4.3,-1.9,444.4,21
-4.2,-1.9,444.4,21
-4.2,-1.9,444.3,21
-4.2,-1.9,444.3,21
-4.2,-1.9,444.3,21
-4.2,-1.9,444.3,21
-4.3,-1.8,444.4,21
-4.3,-1.8,444.4,21
-4.3,-1.8,444.4,21
-4.3,-1.8,444.4,21
-4,-1.7,444.4,21
-4,-1.7,444.4,21
-4,-1.7,444.4,21
-4,-1.7,444.4,21
-4.2,-1.8,444.4,21
-4.2,-1.8,444.4,21
-4.2,-1.8,444.4,21
-4.2,-1.8,444.4,21
-4.3,-1.8,444.4,21
-4.3,-1.8,444.4,21
-4.3,-1.8,444.4,21
-4.3,-1.8,444.4,21
-4.2,-1.9,444.4,21
-4.2,-1.9,444.4,21
-4.2,-1.9,444.4,21
-4.2,-1.9,444.4,21
-4.2,-1.9,444.4,21
-4,-1.8,444.3,21
-4,-1.8,444.3,21
-4,-1.8,444.3,21
-4,-1.8,444.3,21
-4.2,-1.8,444.4,21
-4.2,-1.8,444.4,21
-4.2,-1.8,444.4,21
-4.2,-1.8,444.4,21
-4.3,-1.9,444.4,21
-4.3,-1.9,444.4,21
-4.3,-1.9,444.4,21
-4.3,-1.9,444.4,21
-4.2,-1.9,444.4,21
-4.2,-1.9,444.4,21
-4.2,-1.9,444.4,21
-4.2,-1.9,444.4,21
-4.2,-1.9,444.4,21
-4.2,-1.9,444.4,21
-4.2,-1.9,444.4,21
-4.2,-1.9,444.4,21
-4.3,-1.9,444.4,21
-4.3,-1.8,444.4,21
-4.3,-1.8,444.4,21
-4.3,-1.8,444.4,21
-4.3,-1.8,444.4,21
-4.1,-1.7,444.3,21
-4.1,-1.7,444.3,21
-4.1,-1.7,444.3,21
-4.1,-1.7,444.3,21
-4.1,-1.8,444.4,21
-4.1,-1.8,444.4,21
-4.1,-1.8,444.4,21
-4.1,-1.8,444.4,21
-4.1,-1.7,444.3,21
-4.1,-1.7,444.3,21
-4.1,-1.7,444.3,21
-4.1,-1.7,444.3,21
-4.1,-1.8,444.4,21
-4.1,-1.8,444.4,21
-4.1,-1.8,444.4,21
-4.1,-1.8,444.4,21
-4.1,-1.8,444.4,21
-4.1,-1.8,444.4,21
-4.1,-1.8,444.4,21
-4.2,-1.8,444.4,21
-4.2,-1.8,444.4,21
-4.2,-1.8,444.4,21
-4.2,-1.8,444.4,21
-4.1,-1.8,444.4,21
-4.1,-1.8,444.4,21
-4.1,-1.8,444.4,21
-4.1,-1.8,444.4,21
-4.1,-1.8,444.4,21
-4.2,-1.9,444.4,21
-4.2,-1.9,444.4,21
-4.2,-1.9,444.4,21
-4.2,-1.9,444.4,21
-4.2,-1.9,444.4,21
-4.3,-1.7,444.4,21
-4.3,-1.7,444.4,21
-4.3,-1.7,444.4,21
-4.3,-1.7,444.4,21
-4.3,-1.8,444.4,21
-4.3,-1.8,444.4,21
-4.3,-1.8,444.4,21
-4.3,-1.8,444.4,21
-4.3,-1.8,444.4,21
-4.3,-1.8,444.4,21
-4.3,-1.8,444.4,21
-4.3,-1.8,444.4,21
-4.1,-1.8,444.4,21
-4.1,-1.8,444.4,21
-4.1,-1.8,444.4,21
-4.1,-1.8,444.4,21
-4.1,-1.7,444.4,21
-4.1,-1.7,444.4,21
-4.1,-1.7,444.4,21
-4.1,-1.7,444.4,21
-4.1,-1.7,444.4,21
-4.1,-1.8,444.4,21
-4.1,-1.8,444.4,21
-4.3,-1.8,444.4,21
-4.3,-1.8,444.4,21
-4.3,-1.8,444.4,21
-4.3,-1.8,444.4,21
-4.3,-1.9,444.4,21
-4.3,-1.9,444.4,21
-4.3,-1.9,444.4,21
-4.3,-1.9,444.4,21
-4.3,-1.9,444.4,21
-4.3,-1.8,444.4,21
-4.3,-1.8,444.4,21
-4.3,-1.8,444.4,21
-4.3,-1.8,444.4,21
-4.2,-1.7,444.4,21
-4.2,-1.7,444.4,21
-4.2,-1.7,444.4,21
-4.2,-1.7,444.4,21
-4.2,-1.7,444.4,21
-4.2,-1.8,444.4,21
-4.2,-1.8,444.4,21
-4.2,-1.8,444.4,21
-4.1,-1.7,444.4,21
-4.1,-1.7,444.4,21
-4.1,-1.7,444.4,21
-4.1,-1.7,444.4,21
-4.1,-1.7,444.4,21
-4.2,-1.8,444.4,21
-4.2,-1.8,444.5,21
-4.2,-1.8,444.5,21
-4.2,-1.8,444.5,21
-4.2,-1.8,444.5,21
-4.2,-1.8,444.4,21
-4.2,-1.8,444.4,21
-4.2,-1.8,444.4,21
-4.3,-1.8,444.5,21
-4.3,-1.8,444.5,21
-4.3,-1.8,444.5,21
-4.3,-1.8,444.5,21
-4.3,-1.8,444.5,21
-4.3,-1.8,444.5,21
-4.3,-1.8,444.5,21
-4.3,-1.8,444.5,21
-4.3,-1.8,444.5,21
-3.9,-1.8,444.4,21
-3.9,-1.8,444.4,21
-3.9,-1.8,444.4,21
-3.9,-1.8,444.4,21
-3.9,-1.8,444.4,21
-4.2,-1.9,444.5,21
-4.2,-1.9,444.5,21
-4.2,-1.9,444.5,21
-4.2,-1.9,444.5,21
-4.3,-1.9,444.5,21
-4.3,-1.9,444.5,21
-4.3,-1.9,444.5,21
-4.3,-1.9,444.5,21
-4.2,-1.8,444.5,21
-4.2,-1.8,444.5,21
-4.2,-1.8,444.5,21
-4.2,-1.8,444.5,21
-4.3,-1.8,444.5,21
-4.3,-1.8,444.5,21
-4.3,-1.8,444.5,21
-4.3,-1.8,444.5,21
-4.2,-1.8,444.5,21
-4.2,-1.8,444.5,21
-4.2,-1.8,444.5,21
-4.2,-1.8,444.5,21
-4.2,-1.8,444.5,21
-4.2,-1.7,444.4,21
-4.2,-1.7,444.4,21
-4.2,-1.7,444.4,21
-4,-1.7,444.4,21
-4,-1.7,444.4,21
-4,-1.7,444.4,21
-4,-1.7,444.4,21
-4,-1.7,444.4,21
-4.3,-1.7,444.4,21
-4.3,-1.8,444.5,21
-4.3,-1.8,444.5,21
-4.3,-1.8,444.5,21
-4.3,-1.8,444.5,21
-4.3,-1.8,444.5,21
-4.3,-1.8,444.5,21
-4.3,-1.8,444.5,21
-4.3,-1.8,444.5,21
-4.3,-1.8,444.5,21
-4.3,-1.8,444.5,21
-4.3,-1.8,444.5,21
-4.4,-1.8,444.5,21
-4.4,-1.9,444.5,21
-4.4,-1.9,444.5,21
-4.4,-1.9,444.5,21
-4.1,-1.8,444.5,21
-4.1,-1.8,444.5,21
-4.1,-1.8,444.5,21
-4.1,-1.8,444.5,21
-4.2,-1.9,444.5,21
-4.2,-1.9,444.5,21
-4.2,-1.9,444.5,21
-4.2,-1.9,444.5,21
-4.2,-1.9,444.5,21
-4.3,-1.8,444.5,21
-4.3,-1.8,444.5,21
-4.3,-1.8,444.5,21
-4.3,-1.8,444.5,21
-4.2,-1.8,444.5,21
-4.2,-1.8,444.5,21
-4.2,-1.8,444.5,21
-4.2,-1.8,444.5,21
-4.1,-1.7,444.5,21
-4.1,-1.7,444.5,21
-4.1,-1.7,444.5,21
-4.1,-1.7,444.5,21
-4,-1.7,444.5,21
-4,-1.8,444.5,21
-4,-1.8,444.5,21
-4,-1.8,444.5,21
-4,-1.8,444.5,21
-4,-1.8,444.5,21
-4,-1.8,444.5,21
-4,-1.8,444.5,21
-4,-1.8,444.5,21
-4,-1.8,444.5,21
-4,-1.8,444.5,21
-4,-1.8,444.5,21
-4,-1.8,444.5,21
-4.2,-1.9,444.5,21
-4.2,-1.9,444.5,21
-4.2,-1.9,444.5,21
-4.2,-1.9,444.5,21
-4.2,-1.9,444.5,21
-4.2,-1.9,444.5,21
-4.2,-1.9,444.5,21
-4.2,-1.9,444.5,21
-4.2,-1.9,444.5,21
-4.2,-1.8,444.5,21
-4.2,-1.8,444.5,21
-4.2,-1.8,444.5,21
-4.2,-1.8,444.5,21
-4.2,-1.7,444.5,21
-4.2,-1.7,444.5,21
-4.2,-1.7,444.5,21
-4.3,-1.9,444.5,21
-4.3,-1.9,444.5,21
-4.3,-1.9,444.5,21
-4.3,-1.9,444.5,21
-4.4,-1.9,444.5,21
-4.4,-1.8,444.5,21
-4.4,-1.8,444.5,21
-4.4,-1.8,444.5,21
-4.4,-1.8,444.5,21
-4,-1.8,444.5,21
-4,-1.8,444.5,21
-4,-1.8,444.5,21
-4,-1.8,444.5,21
-4.1,-1.7,444.5,21
-4.1,-1.7,444.5,21
-4.1,-1.7,444.5,21
-4.1,-1.7,444.5,21
-4.2,-1.7,444.5,21
-4.2,-1.9,444.6,21
-4.2,-1.9,444.6,21
-4.2,-1.9,444.6,21
-4.2,-1.9,444.6,21
-4.2,-1.9,444.6,21
-4,-1.8,444.5,21
-4,-1.8,444.5,21
-4,-1.8,444.5,21
-4,-1.8,444.5,21
-4,-1.8,444.5,21
-4,-1.8,444.5,21
-4,-1.8,444.5,21
-4,-1.8,444.5,21
-4.1,-1.8,444.5,21
-4.1,-1.8,444.6,21
-4.1,-1.8,444.6,21
-4.1,-1.8,444.6,21
-4.1,-1.8,444.6,21
-4.2,-1.9,444.6,21
-4.2,-1.9,444.6,21
-4.2,-1.9,444.6,21
-4.2,-1.9,444.6,21
-4.2,-1.9,444.6,21
-4.2,-1.9,444.6,21
-4.2,-1.9,444.6,21
-4.2,-1.9,444.6,21
-4.2,-1.9,444.6,21
-4.2,-1.8,444.5,21
-4.2,-1.8,444.5,21
-4.2,-1.8,444.5,21
-4.3,-1.8,444.5,21
-4.3,-1.8,444.6,21
-4.3,-1.8,444.6,21
-4.3,-1.8,444.6,21
-4.2,-1.8,444.6,21
-4.2,-1.8,444.6,21
-4.2,-1.8,444.6,21
-4.2,-1.8,444.6,21
-4.3,-1.8,444.6,21
-4.3,-1.8,444.6,21
-4.3,-1.8,444.6,21
-4.3,-1.8,444.6,21
-4,-1.8,444.6,21
-4,-1.8,444.5,21
-4,-1.8,444.5,21
-4,-1.8,444.5,21
-4,-1.8,444.5,21
-4.1,-1.7,444.5,21
-4.1,-1.7,444.5,21
-4.1,-1.7,444.5,21
-4.1,-1.7,444.5,21
-4,-1.8,444.6,21
-4,-1.8,444.6,21
-4,-1.8,444.6,21
-4,-1.8,444.6,21
-4,-1.8,444.6,21
-4.3,-1.9,444.6,21
-4.3,-1.9,444.6,21
-4.3,-1.9,444.6,21
-4.2,-1.8,444.6,21
-4.2,-1.8,444.6,21
-4.2,-1.8,444.6,21
-4.2,-1.8,444.6,21
-4.2,-1.8,444.6,21
-4.2,-1.8,444.6,21
-4.2,-1.8,444.6,21
-4.2,-1.8,444.6,21
-4.2,-1.8,444.6,21
-4.2,-1.7,444.6,21
-4.2,-1.7,444.6,21
-4.2,-1.7,444.6,21
-4.2,-1.7,444.6,21
-4.2,-1.7,444.6,21
-4.2,-1.8,444.6,21
-4.2,-1.8,444.6,21
-4.2,-1.8,444.6,21
-4.2,-1.8,444.6,21
-4.2,-1.8,444.6,21
-4.2,-1.8,444.6,21
-4.2,-1.8,444.6,21
-4.2,-1.8,444.6,21
-4.1,-1.8,444.6,21
-4.1,-1.8,444.6,21
-4.1,-1.8,444.6,21
-4.1,-1.8,444.6,21
-4,-1.8,444.6,21
-4,-1.8,444.6,21
-4,-1.8,444.6,21
-4,-1.7,444.6,21
-4,-1.7,444.6,21
-4,-1.7,444.6,21
-4,-1.7,444.6,21
-4,-1.7,444.6,21
-4.2,-1.8,444.6,21
-4.2,-1.8,444.6,21
-4.2,-1.8,444.6,21
-4.2,-1.8,444.6,21
-4.1,-1.8,444.6,21
-4.1,-1.8,444.6,21
-4.1,-1.8,444.6,21
-4,-1.8,444.6,21
-4,-1.8,444.6,21
-4,-1.8,444.6,21
-4,-1.8,444.6,21
-4,-1.7,444.6,21
-4,-1.7,444.6,21
-4,-1.7,444.6,21
-4,-1.7,444.6,21
-4.2,-1.8,444.6,21
-4.2,-1.8,444.6,21
-4.2,-1.8,444.6,21
-4.2,-1.8,444.6,21
-4.2,-1.8,444.6,21
-4,-1.8,444.6,21
-4,-1.8,444.6,21
-4,-1.8,444.6,21
-4,-1.8,444.6,21
-4.4,-1.9,444.6,21
-4.4,-1.9,444.6,21
-4.4,-1.9,444.6,21
-4.4,-1.9,444.6,21
-4.3,-1.9,444.6,21
-4.3,-1.8,444.6,21
-4.3,-1.8,444.6,21
-4.3,-1.8,444.6,21
-4.2,-1.8,444.6,21
-4.2,-1.8,444.7,21
-4.2,-1.8,444.7,21
-4.2,-1.8,444.7,21
-4.2,-1.8,444.7,21
-4.2,-1.9,444.6,21
-4.2,-1.9,444.6,21
-4.2,-1.9,444.6,21
-4.2,-1.9,444.6,21
-4.1,-1.8,444.6,21
-4.1,-1.8,444.6,21
-4.1,-1.8,444.6,21
-4.1,-1.8,444.6,21
-4.3,-1.7,444.6,21
-4.3,-1.7,444.6,21
-4.3,-1.7,444.6,21
-4.3,-1.7,444.6,21
-4.3,-1.9,444.7,21
-4.3,-1.9,444.7,21
-4.3,-1.9,444.7,21
-4.3,-1.9,444.7,21
-4,-1.7,444.6,21
-4,-1.7,444.6,21
-4,-1.7,444.6,21
-4,-1.7,444.6,21
-4.1,-1.7,444.6,21
-4.1,-1.7,444.6,21
-4.1,-1.7,444.6,21
-4.1,-1.7,444.6,21
-4,-1.7,444.6,21
-4,-1.8,444.6,21
-4,-1.8,444.6,21
-4,-1.8,444.6,21
-4,-1.8,444.6,21
-4.2,-1.9,444.7,21
-4.2,-1.9,444.7,21
-4.2,-1.9,444.7,21
-4.2,-1.9,444.7,21
-4.2,-1.9,444.7,21
-4,-1.7,444.7,21
-4,-1.7,444.6,21
-4,-1.7,444.6,21
-4,-1.7,444.6,21
-4,-1.7,444.6,21
-4.2,-1.9,444.7,21
-4.2,-1.9,444.7,21
-4.2,-1.9,444.7,21
-4.2,-1.9,444.7,21
-4.4,-1.9,444.7,21
-4.4,-1.9,444.7,21
-4.4,-1.9,444.7,21
-4.4,-1.9,444.7,21
-4.3,-1.9,444.7,21
-4.3,-1.7,444.7,21
-4.3,-1.7,444.7,21
-4.3,-1.7,444.7,21
-4.3,-1.7,444.7,21
-4.1,-1.8,444.7,21
-4.1,-1.8,444.6,21
-4.1,-1.8,444.6,21
-4.1,-1.8,444.6,21
-4.1,-1.8,444.6,21
-4.1,-1.8,444.6,21
-4.1,-1.8,444.6,21
-4.1,-1.8,444.6,21
-4.1,-1.8,444.6,21
-4.1,-1.8,444.7,21
-4.1,-1.8,444.7,21
-4.1,-1.8,444.7,21
-4.2,-1.8,444.7,21
-4.2,-1.9,444.7,21
-4.2,-1.9,444.7,21
-4.2,-1.9,444.7,21
-4.2,-1.9,444.7,21
-4.2,-1.9,444.7,21
-4.2,-1.9,444.7,21
-4.2,-1.9,444.7,21
-4.2,-1.9,444.7,21
-4.1,-1.9,444.7,21
-4.1,-1.8,444.7,21
-4.1,-1.8,444.7,21
-4.1,-1.8,444.7,21
-4.1,-1.8,444.7,21
-4,-1.8,444.7,21
-4,-1.8,444.7,21
-4,-1.8,444.7,21
-4,-1.8,444.7,21
-4,-1.8,444.7,21
-4.3,-1.9,444.7,21
-4.3,-1.9,444.7,21
-4.3,-1.9,444.7,21
-4.3,-1.9,444.7,21
-4.3,-1.8,444.7,21
-4.3,-1.8,444.7,21
-4.3,-1.8,444.7,21
-4.3,-1.8,444.7,21
-4.3,-1.8,444.7,21
-4,-1.8,444.7,21
-4,-1.8,444.7,21
-4,-1.8,444.7,21
-4,-1.8,444.7,21
-4,-1.8,444.7,21
-4,-1.8,444.7,21
-4,-1.8,444.7,21
-4,-1.8,444.7,21
-4,-1.7,444.7,21
-4,-1.7,444.7,21
-4,-1.7,444.7,21
-4,-1.7,444.7,21
-4,-1.7,444.7,21
-4.3,-1.8,444.7,21
-4.3,-1.8,444.7,21
-4.3,-1.8,444.7,21
-4.3,-1.8,444.7,21
-4.2,-1.7,444.7,21
-4.2,-1.7,444.7,21
-4.2,-1.7,444.7,21
-4.2,-1.7,444.7,21
-3.9,-1.7,444.7,21
-3.9,-1.7,444.7,21
-3.9,-1.7,444.7,21
-3.9,-1.7,444.7,21
-4.2,-1.7,444.7,21
-4.2,-1.7,444.7,21
-4.2,-1.7,444.7,21
-4.3,-1.9,444.7,21
-4.3,-1.9,444.7,21
-4.3,-1.9,444.7,21
-4.3,-1.9,444.7,21
-4.2,-1.9,444.7,21
-4.2,-1.9,444.8,21
-4.2,-1.9,444.8,21
-4.2,-1.9,444.8,21
-4.2,-1.9,444.8,21
-4.2,-1.9,444.8,21
-4.2,-1.9,444.8,21
-4.2,-1.9,444.8,21
-4.2,-1.9,444.8,21
-3.9,-1.9,444.8,21
-3.9,-1.8,444.7,21
-3.9,-1.8,444.7,21
-3.9,-1.8,444.7,21
-4,-1.8,444.7,21
-4,-1.8,444.7,21
-4,-1.8,444.7,21
-4.2,-1.8,444.7,21
-4.2,-1.8,444.8,21
-4.2,-1.8,444.8,21
-4.2,-1.8,444.8,21
-4.3,-1.8,444.8,21
-4.3,-1.9,444.8,21
-4.3,-1.9,444.8,21
-4.3,-1.9,444.8,21
-4.2,-1.9,444.8,21
-4.2,-1.7,444.7,21
-4.2,-1.7,444.7,21
-4.2,-1.7,444.7,21
-4.2,-1.7,444.7,21
-4.1,-1.8,444.7,21
-4.1,-1.8,444.7,21
-4.1,-1.8,444.7,21
-4.1,-1.8,444.7,21
-4,-1.8,444.7,21
-4,-1.8,444.7,21
-4,-1.8,444.7,21
-4,-1.8,444.7,21
-4,-1.8,444.7,21
-4.3,-1.8,444.7,21
-4.3,-1.8,444.8,21
-4.3,-1.8,444.8,21
-4.3,-1.8,444.8,21
-4.3,-1.8,444.8,21
-4.3,-1.8,444.8,21
-4.3,-1.8,444.8,21
-4.1,-1.8,444.7,21
-4.1,-1.8,444.7,21
-4.1,-1.8,444.7,21
-4.1,-1.8,444.7,21
-4,-1.8,444.7,21
-4,-1.8,444.7,21
-4,-1.8,444.7,21
-4,-1.8,444.7,21
-4,-1.8,444.7,21
-4.3,-1.9,444.8,21
-4.3,-1.9,444.8,21
-4.3,-1.9,444.8,21
-4.3,-1.9,444.8,21
-4.3,-1.9,444.8,21
-4.1,-1.8,444.7,21
-4.1,-1.8,444.7,21
-4.1,-1.8,444.7,21
-4.1,-1.8,444.7,21
-4.1,-1.8,444.7,21
-4.1,-1.8,444.7,21
-4.1,-1.8,444.7,21
-4.1,-1.8,444.7,21
-4.2,-1.8,444.7,21
-4.2,-1.9,444.8,21
-4.2,-1.9,444.8,21
-4.2,-1.9,444.8,21
-4.2,-1.9,444.8,21
-4.2,-1.9,444.8,21
-4.2,-1.9,444.8,21
-4.2,-1.9,444.8,21
-4.2,-1.9,444.8,21
-4.2,-1.9,444.8,21
-4.2,-1.9,444.8,21
-4.2,-1.9,444.8,21
-4.4,-1.8,444.8,21
-4.4,-1.8,444.8,21
-4.4,-1.8,444.8,21
-4.4,-1.8,444.8,21
-4,-1.8,444.8,21
-4,-1.8,444.8,21
-4,-1.8,444.8,21
-4,-1.8,444.8,21
-4,-1.8,444.8,21
-4.2,-1.8,444.8,21
-4.2,-1.8,444.8,21
-4.2,-1.8,444.8,21
-4.2,-1.8,444.8,21
-4,-1.8,444.8,21
-4,-1.8,444.8,21
-4,-1.8,444.8,21
-4,-1.8,444.8,21
-4.1,-1.8,444.8,21
-4.1,-1.8,444.8,21
-4.1,-1.8,444.8,21
-4.1,-1.8,444.8,21
-4.1,-1.7,444.8,21
-4.1,-1.7,444.8,21
-4.1,-1.7,444.8,21
-4.1,-1.7,444.8,21
-4.1,-1.8,444.8,21
-4.1,-1.8,444.8,21
-4.1,-1.8,444.8,21
-4.1,-1.8,444.8,21
-4.1,-1.8,444.8,21
-4.2,-1.8,444.8,21
-4.2,-1.8,444.8,21
-4.2,-1.8,444.8,21
-4.2,-1.8,444.8,21
-4.2,-1.9,444.8,21
-4.2,-1.9,444.8,21
-4.2,-1.9,444.8,21
-4.2,-1.9,444.8,21
-4.2,-1.9,444.8,21
-4.1,-1.8,444.8,21
-4.1,-1.8,444.8,21
-4.1,-1.8,444.8,21
-4.1,-1.8,444.8,21
-4,-1.8,444.8,21
-4,-1.8,444.8,21
-4,-1.8,444.8,21
-4,-1.8,444.8,21
-4,-1.8,444.8,21
-4.2,-1.9,444.8,21
-4.2,-1.9,444.8,21
-4.2,-1.9,444.8,21
-4.2,-1.9,444.8,21
-4.2,-1.9,444.8,21
-4.2,-1.9,444.8,21
-4.2,-1.9,444.8,21
-4.2,-1.9,444.8,21
-4.3,-1.8,444.8,21
-4.3,-1.8,444.8,21
-4.3,-1.8,444.8,21
-4.3,-1.8,444.8,21
-4.3,-1.8,444.8,21
-4.1,-1.7,444.8,21
-4.1,-1.7,444.7,21
-4.1,-1.7,444.7,21
-4.1,-1.7,444.7,21
-3.9,-1.7,444.7,21
-3.9,-1.8,444.8,21
-3.9,-1.8,444.8,21
-3.9,-1.8,444.8,21
-4.1,-1.8,444.8,21
-4.1,-1.8,444.8,21
-4.1,-1.8,444.8,21
-4.1,-1.8,444.8,21
-4.1,-1.8,444.8,21
-4.2,-1.9,444.8,21
-4.2,-1.9,444.8,21
-4.2,-1.9,444.8,21
-4.2,-1.9,444.8,21
-4.2,-1.9,444.8,21
-4.1,-1.8,444.7,21
-4.1,-1.8,444.7,21
-4.1,-1.8,444.7,21
-4.1,-1.8,444.7,21
-4.1,-1.7,444.7,21
-4.1,-1.7,444.7,21
-4.1,-1.7,444.7,21
-4.1,-1.7,444.7,21
-4.2,-1.7,444.7,21
-4.2,-1.9,444.8,21
-4.2,-1.9,444.8,21
-4.2,-1.9,444.8,21
-4.2,-1.9,444.8,21
-4.2,-1.9,444.8,21
-4.2,-1.9,444.8,21
-4.2,-1.9,444.8,21
-4.2,-1.9,444.8,21
-4.3,-1.8,444.8,21
-4.3,-1.8,444.8,21
-4.3,-1.8,444.8,21
-4.3,-1.8,444.8,21
-4.3,-1.8,444.8,21
-4.2,-1.8,444.8,21
-4.2,-1.9,444.8,21
-4.2,-1.9,444.8,21
-4.2,-1.9,444.8,21
-4.2,-1.9,444.8,21
-4.4,-1.9,444.8,21
-4.4,-1.8,444.8,21
-4.4,-1.8,444.8,21
-4.4,-1.8,444.8,21
-4.4,-1.8,444.8,21
-4.1,-1.8,444.8,21
-4.1,-1.8,444.8,21
-4.1,-1.8,444.8,21
-4.1,-1.8,444.8,21
-4.1,-1.8,444.8,21
-4.3,-1.8,444.8,21
-4.3,-1.8,444.8,21
-4.3,-1.8,444.8,21
-4.3,-1.8,444.8,21
-4.3,-1.9,444.8,21
-4.3,-1.9,444.8,21
-4.3,-1.9,444.8,21
-4.3,-1.9,444.8,21
-4.3,-1.9,444.8,21
-4.3,-1.9,444.8,21
-4.3,-1.9,444.8,21
-4.3,-1.9,444.8,21
-4.3,-1.9,444.8,21
-4,-1.8,444.8,21
-4,-1.8,444.8,21
-4,-1.8,444.8,21
-4,-1.8,444.8,21
-4.3,-1.8,444.8,21
-4.3,-1.8,444.8,21
-4.3,-1.8,444.8,21
-4.3,-1.8,444.8,21
-4.3,-1.8,444.8,21
-4.3,-1.8,444.8,21
-4.2,-1.8,444.8,21
-4.2,-1.8,444.8,21
-4.2,-1.8,444.8,21
-4.2,-1.8,444.8,21
-4.3,-1.9,444.8,21
-4.3,-1.9,444.9,21
-4.3,-1.9,444.9,21
-4.3,-1.9,444.9,21
-4.3,-1.9,444.9,21
-3.9,-1.7,444.9,21
-3.9,-1.7,444.8,21
-3.9,-1.7,444.8,21
-3.9,-1.7,444.8,21
-3.9,-1.7,444.8,21
-4,-1.8,444.8,21
-4,-1.8,444.8,21
-4,-1.8,444.8,21
-4,-1.8,444.8,21
-4.3,-1.8,444.8,21
-4.3,-1.8,444.9,21
-4.3,-1.8,444.9,21
-4.3,-1.8,444.9,21
-4.3,-1.8,444.9,21
-4.3,-1.8,444.9,21
-4.3,-1.8,444.9,21
-4.3,-1.8,444.9,21
-4.3,-1.8,444.9,21
-4.1,-1.8,444.9,21
-4.1,-1.8,444.8,21
-4.1,-1.8,444.8,21
-4.1,-1.8,444.8,21
-4.1,-1.8,444.8,21
-4.1,-1.8,444.8,21
-4.1,-1.8,444.8,21
-4.1,-1.8,444.8,21
-4.1,-1.8,444.8,21
-4.1,-1.8,444.8,21
-4.1,-1.8,444.8,21
-4.1,-1.8,444.8,21
-4.2,-1.8,444.8,21
-4.2,-1.9,444.9,21
-4.2,-1.9,444.9,21
-4.2,-1.9,444.9,21
-4.2,-1.9,444.9,21
-4.2,-1.9,444.9,21
-4.2,-1.9,444.9,21
-4.2,-1.9,444.9,21
-4.2,-1.9,444.9,21
-4.3,-1.9,444.9,21
-4.3,-1.9,444.9,21
-4.3,-1.9,444.9,21
-4.2,-1.9,444.9,21
-4.2,-1.8,444.9,21
-4.2,-1.8,444.9,21
-4.2,-1.8,444.9,21
-4.2,-1.8,444.9,21
-4.2,-1.8,444.9,21
-3.9,-1.7,444.8,21
-3.9,-1.7,444.8,21
-3.9,-1.7,444.8,21
-3.9,-1.7,444.8,21
-4,-1.8,444.8,21
-4,-1.8,444.8,21
-4,-1.8,444.8,21
-4,-1.8,444.8,21
-4.1,-1.8,444.8,21
-4.1,-1.8,444.9,21
-4.1,-1.8,444.9,21
-4.1,-1.8,444.9,21
-4.2,-1.8,444.9,21
-4.2,-1.9,444.9,21
-4.2,-1.9,444.9,21
-4.2,-1.9,444.9,21
-4.1,-1.9,444.9,21
-4.1,-1.9,444.9,21
-4.1,-1.9,444.9,21
-4.1,-1.9,444.9,21
-4.1,-1.9,444.9,21
-4.2,-1.8,444.9,21
-4.2,-1.8,444.9,21
-4.2,-1.8,444.9,21
-4.2,-1.8,444.9,21
-4.2,-1.8,444.9,21
-4.2,-1.8,444.9,21
-4.2,-1.8,444.9,21
-4.2,-1.8,444.9,21
-4.2,-1.8,444.9,21
-4.1,-1.8,444.9,21
-4.1,-1.8,444.9,21
-4.1,-1.8,444.9,21
-4.1,-1.8,444.9,21
-4.1,-1.8,444.9,21
-4.1,-1.8,444.9,21
-4.1,-1.8,444.9,21
-4,-1.8,444.9,21
-4,-1.8,444.9,21
-4,-1.8,444.9,21
-4,-1.8,444.9,21
-4,-1.8,444.9,21
-4.2,-1.9,444.9,21
-4.2,-1.9,444.9,21
-4.2,-1.9,444.9,21
-4.2,-1.9,444.9,21
-3.9,-1.8,444.9,21
-3.9,-1.8,444.9,21
-3.9,-1.8,444.9,21
-3.9,-1.8,444.9,21
-4.2,-1.8,444.9,21
-4.2,-1.8,444.9,21
-4.2,-1.8,444.9,21
-4.2,-1.8,444.9,21
-4.2,-1.8,444.9,21
-4.2,-1.8,444.9,21
-4.2,-1.8,444.9,21
-4.2,-1.8,444.9,21
-4.2,-1.8,444.9,21
-4.3,-1.8,444.9,21
-4.3,-1.8,444.9,21
-4.3,-1.8,444.9,21
-4.3,-1.8,444.9,21
-4.1,-1.8,444.9,21
-4.1,-1.8,444.9,21
-4.1,-1.8,444.9,21
-4.1,-1.8,444.9,21
-4.1,-1.8,444.9,21
-4.1,-1.8,444.9,21
-4.1,-1.8,444.9,21
-4.1,-1.8,444.9,21
-4.1,-1.8,444.9,21
-4.2,-1.9,444.9,21
-4.2,-1.9,445,21
-4.2,-1.9,445,21
-4.2,-1.9,445,21
-4.1,-1.9,444.9,21
-4.1,-1.9,444.9,21
-4.1,-1.9,444.9,21
-4.1,-1.9,444.9,21
-4.1,-1.9,444.9,21
-4.2,-1.9,445,21
-4.2,-1.9,445,21
-4.2,-1.9,445,21
-4.3,-1.9,445,21
-4.3,-1.9,445,21
-4.3,-1.9,445,21
-4.3,-1.9,445,21
-4.2,-1.9,445,21
-4.2,-1.9,445,21
-4.2,-1.9,445,21
-4.2,-1.9,445,21
-4.2,-1.9,445,21
-4.2,-1.9,445,21
-4.2,-1.8,444.9,21
-4.2,-1.8,444.9,21
-4.2,-1.8,444.9,21
-4.2,-1.8,444.9,21
-4.3,-1.8,444.9,21
-4.3,-1.9,445,21
-4.3,-1.9,445,21
-4.3,-1.9,445,21
-4.3,-1.9,445,21
-4.3,-1.9,445,21
-4.3,-1.9,445,21
-4.3,-1.9,445,21
-4.3,-1.9,445,21
-4.3,-1.9,445,21
-4.3,-1.9,445,21
-4.3,-1.9,445,21
-4.3,-1.9,445,21
-4.3,-1.9,445,21
-4,-1.9,445,21
-4,-1.9,445,21
-4,-1.9,445,21
-4,-1.9,445,21
-4.3,-1.9,445,21
-4.3,-1.8,445,21
-4.3,-1.8,445,21
-4.3,-1.8,445,21
-4.3,-1.8,445,21
-4.3,-1.8,445,21
-4.3,-1.8,445,21
-4.3,-1.8,445,21
-4.2,-1.8,445,21
-4.2,-1.8,445,21
-4.2,-1.8,445,21
-4.2,-1.8,445,21
-4.2,-1.8,445,21
-4.1,-1.7,445,21
-4.1,-1.7,445,21
-4.1,-1.7,445,21
-4.1,-1.7,445,21
-4,-1.8,445,21
-4,-1.8,445,21
-4,-1.8,445,21
-4,-1.8,445,21
-4,-1.8,445,21
-4,-1.8,445,21
-4,-1.8,445,21
-4,-1.8,445,21
-4,-1.8,445,21
-4.2,-1.8,445,21
-4.2,-1.9,445,21
-4.2,-1.9,445,21
-4.2,-1.9,445,21
-4.2,-1.9,445,21
-4.2,-1.9,445,21
-4.2,-1.9,445,21
-4.2,-1.9,445,21
-4.2,-1.9,445,21
-4.2,-1.9,445,21
-4.2,-1.9,445,21
-4.3,-1.8,445,21
-4.3,-1.8,445,21
-4.3,-1.8,445,21
-4.3,-1.8,445,21
-4.1,-1.8,445,21
-4.1,-1.8,445,21
-4.1,-1.8,445,21
-4.1,-1.8,445,21
-4,-1.7,445,21
-4,-1.7,445,21
-4,-1.7,445,21
-4,-1.7,445,21
-4,-1.7,445,21
-4.1,-1.8,445,21
-4.1,-1.8,445,21
-4.1,-1.8,445,21
-4.1,-1.8,445,21
-4.2,-1.9,445,21
-4.2,-1.9,445,21
-4.2,-1.9,445,21
-4.2,-1.9,445,21
-4.2,-1.8,445,21
-4.2,-1.8,445,21
-4.2,-1.8,445,21
-4.2,-1.8,445,21
-4.3,-1.9,445,21
-4.3,-1.9,445.1,21
-4.3,-1.9,445.1,21
-4.3,-1.9,445.1,21
-4.2,-1.8,445,21
-4.2,-1.8,445,21
-4.2,-1.8,445,21
-4.1,-1.8,445,21
-4.1,-1.8,445,21
-4.1,-1.8,445,21
-4.3,-1.9,445,21
-4.3,-1.9,445.1,21
-4.3,-1.9,445.1,21
-4.3,-1.9,445.1,21
-4.1,-1.8,445,21
-4.1,-1.8,445,21
-4.1,-1.8,445,21
-4,-1.8,445,21
-4,-1.7,445,21
-4,-1.7,445,21
-4,-1.7,445,21
-4,-1.7,445,21
-4.3,-1.8,445,21
-4.3,-1.8,445.1,21
-4.3,-1.8,445.1,21
-4.3,-1.8,445.1,21
-4.3,-1.8,445.1,21
-4.2,-1.8,445,21
-4.2,-1.8,445,21
-4.2,-1.8,445,21
-4.2,-1.8,445,21
-4,-1.8,445,21
-4,-1.8,445,21
-4,-1.8,445,21
-4.3,-1.8,445,21
-4.3,-1.8,445.1,21
-4.3,-1.8,445.1,21
-4.3,-1.8,445.1,21
-4.3,-1.8,445.1,21
-4.1,-1.8,445.1,21
-4.1,-1.8,445,21
-4.1,-1.8,445,21
-4.1,-1.8,445,21
-4,-1.8,445,21
-4,-1.8,445,21
-4,-1.8,445,21
-4,-1.8,445,21
-4,-1.8,445,21
-4.2,-1.8,445,21
-4.2,-1.8,445.1,21
-4.2,-1.8,445.1,21
-4.2,-1.8,445.1,21
-4.2,-1.8,445.1,21
-4.1,-1.8,445,21
-4.1,-1.8,445,21
-4.1,-1.8,445,21
-4.1,-1.8,445,21
-4.1,-1.8,445.1,21
-4.1,-1.8,445.1,21
-4.1,-1.8,445.1,21
-4.1,-1.8,445.1,21
-4.1,-1.7,445,21
-4.1,-1.7,445,21
-4.1,-1.7,445,21
-4.2,-1.7,445,21
-4.2,-1.8,445.1,21
-4.2,-1.8,445.1,21
-4.2,-1.8,445.1,21
-4.2,-1.9,445.1,21
-4.2,-1.9,445.1,21
-4.2,-1.9,445.1,21
-4.2,-1.9,445.1,21
-4.2,-1.8,445.1,21
-4.2,-1.8,445.1,21
-4.2,-1.8,445.1,21
-4.2,-1.8,445.1,21
-4.2,-1.8,445.1,21
-4.2,-1.8,445.1,21
-4.2,-1.8,445.1,21
-4.2,-1.8,445.1,21
-4.2,-1.8,445.1,21
-4,-1.8,445.1,21
-4,-1.8,445.1,21
-4,-1.8,445.1,21
-4.2,-1.8,445.1,21
-4.2,-1.8,445.1,21
-4.2,-1.8,445.1,21
-4.2,-1.8,445.1,21
-4.2,-1.8,445.1,21
-4.1,-1.8,445.1,21
-4.1,-1.8,445.1,21
-4.1,-1.8,445.1,21
-4.1,-1.8,445.1,21
-4.2,-1.8,445.1,21
-4.2,-1.9,445.1,21
-4.2,-1.9,445.1,21
-4.2,-1.9,445.1,21
-4.2,-1.9,445.1,21
-4.3,-1.9,445.1,21
-4.3,-1.8,445.1,21
-4.3,-1.8,445.1,21
-4.3,-1.8,445.1,21
-4.3,-1.8,445.1,21
-4.3,-1.8,445.1,21
-4.3,-1.8,445.1,21
-4.3,-1.8,445.1,21
-4.2,-1.8,445.1,21
-4.2,-1.8,445.1,21
-4.2,-1.8,445.1,21
-4.2,-1.8,445.1,21
-4.2,-1.8,445.1,21
-4.2,-1.7,445.1,21
-4.2,-1.7,445.1,21
-4.2,-1.7,445.1,21
-4.2,-1.8,445.1,21
-4.2,-1.8,445.1,21
-4.2,-1.8,445.1,21
-4.2,-1.8,445.1,21
-4.3,-1.8,445.1,21
-4.3,-1.8,445.1,21
-4.3,-1.8,445.1,21
-4.3,-1.8,445.1,21
-4.2,-1.8,445.1,21
-4.2,-1.8,445.1,21
-4.2,-1.8,445.1,21
-4.2,-1.8,445.1,21
-4.2,-1.8,445.1,21
-4,-1.7,445.1,21
-4,-1.7,445.1,21
-4,-1.7,445.1,21
-4,-1.7,445.1,21
-4,-1.7,445.1,21
-4,-1.7,445.1,21
-4,-1.7,445.1,21
-4.2,-1.8,445.1,21
-4.2,-1.8,445.1,21
-4.2,-1.8,445.1,21
-4.2,-1.8,445.1,21
-4.1,-1.8,445.1,21
-4.1,-1.7,445.1,21
-4.1,-1.7,445.1,21
-4.1,-1.7,445.1,21
-4.1,-1.7,445.1,21
-4,-1.8,445.1,21
-4,-1.8,445.1,21
-4,-1.8,445.1,21
-4,-1.8,445.1,21
-4,-1.8,445.1,21
-4.3,-1.8,445.1,21
-4.3,-1.8,445.1,21
-4.3,-1.8,445.1,21
-4.3,-1.8,445.1,21
-4.1,-1.8,445.1,21
-4.1,-1.8,445.1,21
-4.1,-1.8,445.1,21
-4.1,-1.8,445.1,21
-4.1,-1.8,445.1,21
-4.1,-1.8,445.1,21
-4.1,-1.8,445.1,21
-4.1,-1.8,445.1,21
-4.1,-1.8,445.1,21
-4.3,-1.8,445.1,21
-4.3,-1.8,445.2,21
-4.3,-1.8,445.2,21
-4.3,-1.8,445.2,21
-4.3,-1.8,445.2,21
-4.3,-1.8,445.2,21
-4.3,-1.8,445.2,21
-4.3,-1.8,445.2,21
-4.4,-1.9,445.2,21
-4.4,-1.9,445.2,21
-4.4,-1.9,445.2,21
-4.2,-1.9,445.2,21
-4.2,-1.8,445.2,21
-4.2,-1.8,445.2,21
-4.2,-1.8,445.2,21
-4.2,-1.8,445.2,21
-4.2,-1.9,445.1,21
-4.2,-1.9,445.1,21
-4.2,-1.9,445.1,21
-4,-1.8,445.1,21
-4,-1.8,445.1,21
-4,-1.8,445.1,21
-4.2,-1.8,445.1,21
-4.2,-1.8,445.2,21
-4.2,-1.8,445.2,21
-4.2,-1.8,445.2,21
-4.2,-1.8,445.2,21
-4.2,-1.8,445.2,21
-4.2,-1.8,445.2,21
-4.2,-1.8,445.2,21
-4.2,-1.8,445.2,21
-4.1,-1.8,445.1,21
-4.1,-1.8,445.1,21
-4.1,-1.8,445.1,21
-4.1,-1.8,445.1,21
-4.1,-1.8,445.1,21
-4.1,-1.8,445.2,21
-4.1,-1.8,445.2,21
-4.1,-1.8,445.2,21
-4.2,-1.8,445.2,21
-4.2,-1.9,445.2,21
-4.2,-1.9,445.2,21
-4.2,-1.9,445.2,21
-4.1,-1.8,445.2,21
-4.1,-1.8,445.2,21
-4.1,-1.8,445.2,21
-4.1,-1.8,445.2,21
-4.3,-1.8,445.2,21
-4.3,-1.8,445.2,21
-4.3,-1.8,445.2,21
-4.3,-1.8,445.2,21
-4.3,-1.8,445.2,21
-4.3,-1.9,445.2,21
-4.3,-1.9,445.2,21
-4.3,-1.9,445.2,21
-4.3,-1.9,445.2,21
-4.1,-1.7,445.2,21
-4.1,-1.7,445.2,21
-4.1,-1.7,445.2,21
-4.3,-1.7,445.2,21
-4.3,-1.9,445.2,21
-4.3,-1.9,445.2,21
-4.3,-1.9,445.2,21
-4,-1.8,445.2,21
-4,-1.8,445.2,21
-4,-1.8,445.2,21
-4.1,-1.8,445.2,21
-4.1,-1.8,445.2,21
-4.1,-1.8,445.2,21
-4.1,-1.8,445.2,21
-4,-1.8,445.2,21
-4,-1.8,445.2,21
-4,-1.8,445.2,21
-4,-1.8,445.2,21
-4,-1.8,445.2,21
-4,-1.8,445.2,21
-4,-1.8,445.2,21
-4,-1.8,445.2,21
-4,-1.8,445.2,21
-4.2,-1.9,445.3,21
-4.2,-1.9,445.3,21
-4.2,-1.9,445.3,21
-4.2,-1.9,445.3,21
-4.3,-1.9,445.3,21
-4.3,-1.9,445.2,21
-4.3,-1.9,445.2,21
-4.3,-1.9,445.2,21
-4.3,-1.9,445.2,21
-4.1,-1.9,445.2,21
-4.1,-1.8,445.2,21
-4.1,-1.8,445.2,21
-4.1,-1.8,445.2,21
-4,-1.7,445.2,21
-4,-1.7,445.2,21
-4,-1.7,445.2,21
-4,-1.7,445.2,21
-4.1,-1.8,445.2,21
-4.1,-1.8,445.2,21
-4.1,-1.8,445.2,21
-4.1,-1.8,445.2,21
-4.1,-1.8,445.2,21
-4.1,-1.8,445.2,21
-4.1,-1.8,445.2,21
-4.1,-1.8,445.2,21
-4.2,-1.9,445.2,21
-4.2,-1.9,445.2,21
-4.2,-1.9,445.2,21
-4.2,-1.9,445.2,21
-4.2,-1.9,445.2,21
-4.3,-1.8,445.3,21
-4.3,-1.8,445.3,21
-4.3,-1.8,445.3,21
-4,-1.8,445.2,21
-4,-1.8,445.2,21
-4,-1.8,445.2,22
-4.1,-1.8,445.2,22
-4.1,-1.8,445.2,22
-4.1,-1.8,445.2,22
-4.1,-1.8,445.2,21
-4.1,-1.8,445.2,21
-4.1,-1.8,445.2,21
-4.1,-1.8,445.2,21
-4.1,-1.8,445.2,21
-4.1,-1.8,445.2,21
-4,-1.8,445.2,21
-4,-1.8,445.2,21
-4,-1.8,445.2,21
-4,-1.8,445.2,21
-4,-1.8,445.2,21
-4.1,-1.8,445.2,21
-4.1,-1.8,445.2,21
-4.1,-1.8,445.2,21
-4.1,-1.8,445.2,21
-3.9,-1.8,445.2,21
-3.9,-1.8,445.2,21
-3.9,-1.8,445.2,21
-3.9,-1.8,445.2,21
-3.9,-1.8,445.2,21
-4.2,-1.9,445.3,21
-4.2,-1.9,445.3,21
-4.2,-1.9,445.3,21
-4.2,-1.9,445.3,21
-4.3,-1.9,445.3,21
-4.3,-1.9,445.3,21
-4.3,-1.9,445.3,21
-4.3,-1.9,445.3,21
-4.3,-1.9,445.3,21
-4.1,-1.7,445.3,21
-4.1,-1.7,445.3,21
-4.1,-1.7,445.3,21
-4.1,-1.7,445.3,21
-4.1,-1.7,445.3,21
-4.3,-1.9,445.3,21
-4.3,-1.9,445.3,21
-4.3,-1.9,445.3,21
-4.3,-1.9,445.3,21
-4.3,-1.9,445.3,21
-4.1,-1.7,445.3,21
-4.1,-1.7,445.3,21
-4.1,-1.7,445.3,21
-4.2,-1.7,445.3,21
-4.2,-1.8,445.3,21
-4.2,-1.8,445.3,21
-4.2,-1.8,445.3,21
-4.2,-1.8,445.3,21
-4,-1.7,445.3,21
-4,-1.7,445.3,21
-4,-1.7,445.3,21
-4,-1.7,445.3,21
-4,-1.7,445.2,21
-4,-1.7,445.2,21
-4,-1.7,445.2,21
-4.1,-1.7,445.2,21
-4.1,-1.8,445.3,21
-4.1,-1.8,445.3,21
-4.1,-1.8,445.3,21
-4.1,-1.8,445.3,21
-4.2,-1.8,445.3,21
-4.2,-1.8,445.3,21
-4.2,-1.8,445.3,22
-4.2,-1.8,445.3,22
-4.2,-1.8,445.3,22
-4.2,-1.8,445.3,22
-4.2,-1.8,445.3,22
-4.2,-1.8,445.3,21
-4.2,-1.8,445.3,21
-4.1,-1.8,445.3,21
-4.1,-1.8,445.3,21
-4.1,-1.8,445.3,21
-4.1,-1.8,445.3,21
-4.1,-1.8,445.3,21
-4.1,-1.8,445.3,21
-4.1,-1.8,445.3,21
-4.1,-1.8,445.3,21
-4.1,-1.8,445.3,21
-4,-1.8,445.3,21
-4,-1.8,445.3,21
-4,-1.8,445.3,21
-4,-1.8,445.3,21
-4.2,-1.9,445.3,21
-4.2,-1.9,445.3,21
-4.2,-1.9,445.3,21
-4.2,-1.9,445.3,21
-4.2,-1.9,445.3,21
-4.2,-1.8,445.3,21
-4.2,-1.8,445.3,21
-4.2,-1.8,445.3,21
-4.2,-1.8,445.3,21
-4.3,-1.8,445.3,21
-4.3,-1.8,445.3,21
-4.3,-1.8,445.3,21
-4.3,-1.8,445.3,21
-4.1,-1.7,445.3,21
-4.1,-1.7,445.3,21
-4.1,-1.7,445.3,21
-4.1,-1.7,445.3,22
-4,-1.7,445.3,22
-4,-1.8,445.3,22
-4,-1.8,445.3,21
-4,-1.8,445.3,21
-4.3,-1.8,445.4,21
-4.3,-1.8,445.4,21
-4.3,-1.8,445.4,22
-4.3,-1.9,445.4,22
-4.3,-1.9,445.4,22
-4.3,-1.9,445.4,22
-4.3,-1.9,445.4,22
-4.2,-1.9,445.4,22
-4.2,-1.8,445.3,22
-4.2,-1.8,445.3,22
-4.2,-1.8,445.3,22
-4.2,-1.8,445.3,22
-4.1,-1.8,445.3,22
-4.1,-1.8,445.3,22
-4.1,-1.8,445.3,22
-4.1,-1.8,445.3,22
-4.2,-1.8,445.3,22
-4.2,-1.8,445.3,22
-4.2,-1.8,445.3,22
-4.2,-1.8,445.3,21
-4.2,-1.8,445.3,21
-4.2,-1.9,445.4,21
-4.2,-1.9,445.4,21
-4.2,-1.9,445.4,21
-4.2,-1.9,445.4,21
-4.2,-1.9,445.4,21
-4.2,-1.9,445.4,21
-4.2,-1.9,445.4,21
-4.2,-1.9,445.4,22
-4.3,-1.9,445.4,22
-4.3,-1.8,445.4,22
-4.3,-1.8,445.4,22
-4.3,-1.8,445.4,22
-4.2,-1.8,445.4,22
-4.2,-1.7,445.4,22
-4.2,-1.7,445.4,22
-4.2,-1.7,445.4,22
-4.1,-1.7,445.4,22
-4.1,-1.8,445.3,22
-4.1,-1.8,445.3,22
-4.1,-1.8,445.3,22
-4.1,-1.8,445.3,22
-4,-1.8,445.3,22
-4,-1.8,445.3,22
-4,-1.8,445.3,22
-4,-1.8,445.3,22
-4.2,-1.8,445.3,22
-4.2,-1.8,445.4,22
-4.2,-1.8,445.4,22
-4.2,-1.8,445.4,22
-4,-1.7,445.3,22
-4,-1.7,445.3,22
-4,-1.7,445.3,22
-4,-1.7,445.3,22
-4,-1.8,445.4,22
-4,-1.8,445.4,22
-4,-1.8,445.4,22
-4.1,-1.8,445.4,22
-4.1,-1.7,445.3,22
-4.1,-1.7,445.3,22
-4.1,-1.7,445.3,22
-4.1,-1.7,445.3,22
-4.1,-1.8,445.3,22
-4.1,-1.8,445.4,22
-4.1,-1.8,445.4,22
-4.1,-1.8,445.4,22
-4.1,-1.8,445.4,22
-4.3,-1.9,445.4,22
-4.3,-1.9,445.4,22
-4.3,-1.9,445.4,22
-4.2,-1.9,445.4,22
-4.2,-1.9,445.4,22
-4.2,-1.9,445.4,22
-4.2,-1.9,445.4,22
-4.3,-1.9,445.4,22
-4.3,-1.9,445.4,22
-4.3,-1.9,445.4,22
-4.3,-1.9,445.4,22
-4.1,-1.8,445.4,22
-4.1,-1.8,445.4,22
-4.1,-1.8,445.4,22
-4.1,-1.8,445.4,22
-4,-1.7,445.4,22
-4,-1.7,445.4,22
-4,-1.7,445.4,22
-4,-1.7,445.4,22
-4,-1.8,445.4,22
-4,-1.8,445.4,22
-4,-1.8,445.4,22
-4.1,-1.8,445.4,22
-4.1,-1.7,445.4,22
-4.1,-1.7,445.4,22
-4.1,-1.7,445.4,22
-4.1,-1.7,445.4,22
-4.2,-1.8,445.4,22
-4.2,-1.8,445.4,22
-4.2,-1.8,445.4,22
-4.2,-1.8,445.4,22
-4,-1.7,445.4,22
-4,-1.7,445.4,22
-4,-1.7,445.4,22
-4,-1.7,445.4,22
-4,-1.7,445.4,22
-4,-1.7,445.4,22
-4,-1.7,445.4,22
-4.1,-1.7,445.4,22
-4.1,-1.7,445.4,22
-4.1,-1.7,445.4,22
-4.1,-1.7,445.4,22
-4.2,-1.8,445.4,22
-4.2,-1.8,445.4,22
-4.2,-1.8,445.4,22
-4.2,-1.8,445.4,22
-4,-1.8,445.4,22
-4,-1.8,445.4,22
-4,-1.8,445.4,22
-4,-1.8,445.4,22
-4,-1.7,445.4,22
-4,-1.7,445.4,22
-4,-1.7,445.4,22
-4,-1.7,445.4,22
-4.1,-1.7,445.4,22
-4.1,-1.7,445.4,22
-4.1,-1.7,445.4,22
-4.1,-1.7,445.4,22
-4,-1.7,445.4,22
-4,-1.7,445.4,22
-4,-1.7,445.4,22
-4.2,-1.7,445.4,22
-4.2,-1.8,445.5,22
-4.2,-1.8,445.5,22
-4.2,-1.8,445.5,22
-4.2,-1.8,445.5,22
-4.2,-1.8,445.4,22
-4.2,-1.8,445.4,22
-4.2,-1.8,445.4,22
-4.2,-1.8,445.4,22
-4.1,-1.8,445.4,22
-4.1,-1.8,445.4,22
-4.1,-1.8,445.4,22
-4.1,-1.8,445.4,22
-4.1,-1.8,445.4,22
-4.2,-1.9,445.4,22
-4.2,-1.9,445.4,22
-4.2,-1.9,445.4,22
-4.2,-1.9,445.4,22
-4.2,-1.9,445.4,22
-4.2,-1.9,445.4,22
-4.2,-1.9,445.4,22
-4.2,-1.9,445.4,22
-4.2,-1.9,445.4,22
-4.2,-1.8,445.5,22
-4.2,-1.8,445.5,22
-4.2,-1.8,445.5,22
-4.2,-1.8,445.5,22
-4.1,-1.8,445.5,22
-4.1,-1.8,445.4,22
-4.1,-1.8,445.4,22
-4.1,-1.8,445.4,22
-4.2,-1.8,445.4,22
-4.2,-1.8,445.4,22
-4.2,-1.8,445.4,22
-4.2,-1.8,445.4,22
-4,-1.8,445.4,22
-4,-1.8,445.4,22
-4,-1.8,445.4,22
-4,-1.8,445.4,22
-4.1,-1.8,445.4,22
-4.1,-1.8,445.5,22
-4.1,-1.8,445.5,22
-4.1,-1.8,445.5,22
-4.1,-1.8,445.5,22
-4.1,-1.8,445.4,22
-4.1,-1.8,445.4,22
-4.1,-1.8,445.4,22
-4.1,-1.8,445.4,22
-4,-1.8,445.5,22
-4,-1.8,445.5,22
-4,-1.8,445.5,22
-4,-1.8,445.5,22
-4.2,-1.8,445.5,22
-4.2,-1.8,445.5,22
-4.2,-1.8,445.5,22
-4,-1.8,445.5,22
-4,-1.8,445.4,22
-4,-1.8,445.4,22
-4,-1.8,445.4,22
-4,-1.7,445.4,22
-4,-1.7,445.5,22
-4,-1.7,445.5,22
-4,-1.7,445.5,22
-4.1,-1.7,445.5,22
-4.1,-1.8,445.5,22
-4.1,-1.8,445.5,22
-4.1,-1.8,445.5,22
-4.2,-1.8,445.5,22
-4.2,-1.9,445.5,22
-4.2,-1.9,445.5,22
-4.2,-1.9,445.5,22
-4.1,-1.9,445.5,22
-4.1,-1.9,445.5,22
-4.1,-1.9,445.5,22
-4.1,-1.9,445.5,22
-4.1,-1.9,445.5,22
-4.1,-1.9,445.5,22
-4.1,-1.8,445.5,22
-4.1,-1.8,445.5,22
-4.1,-1.8,445.5,22
-4.1,-1.8,445.5,22
-4.1,-1.7,445.5,22
-4.1,-1.7,445.5,22
-4.1,-1.7,445.5,22
-4.1,-1.7,445.5,22
-4.1,-1.8,445.5,22
-4.1,-1.8,445.5,22
-4.1,-1.8,445.5,22
-4.1,-1.8,445.5,22
-4.1,-1.8,445.5,22
-4.3,-1.8,445.5,22
-4.3,-1.8,445.5,22
-4.3,-1.8,445.5,22
-4.3,-1.8,445.5,22
-4.2,-1.8,445.5,22
-4.2,-1.8,445.5,22
-4.2,-1.8,445.5,22
-4.2,-1.8,445.5,22
-4.2,-1.8,445.5,22
-4.1,-1.8,445.5,22
-4.1,-1.8,445.5,22
-4.1,-1.8,445.5,22
-4.1,-1.8,445.5,22
-4.1,-1.8,445.5,22
-4.1,-1.9,445.6,22
-4.1,-1.9,445.6,22
-4.1,-1.9,445.6,22
-4.1,-1.9,445.6,22
-4.3,-1.9,445.6,22
-4.3,-1.9,445.6,22
-4.3,-1.9,445.6,22
-4.3,-1.9,445.6,22
-4.2,-1.9,445.6,22
-4.2,-1.9,445.6,22
-4.2,-1.9,445.6,22
-4.2,-1.9,445.6,22
-4.3,-1.9,445.6,22
-4.3,-1.9,445.6,22
-4.3,-1.9,445.6,22
-4.1,-1.9,445.6,22
-4.1,-1.8,445.5,22
-4.1,-1.8,445.5,22
-4.1,-1.8,445.5,22
-4.1,-1.7,445.5,22
-4.1,-1.7,445.5,22
-4.1,-1.7,445.5,22
-4.1,-1.7,445.5,22
-4,-1.8,445.5,22
-4,-1.8,445.5,22
-4,-1.8,445.5,22
-4,-1.8,445.5,22
-4,-1.8,445.5,22
-4.3,-1.9,445.5,22
-4.3,-1.9,445.6,22
-4.3,-1.9,445.6,22
-4.3,-1.9,445.6,22
-4.3,-1.8,445.6,22
-4.3,-1.8,445.6,22
-4.3,-1.8,445.6,22
-4.1,-1.9,445.6,22
-4.1,-1.9,445.5,22
-4.1,-1.9,445.5,22
-4.1,-1.9,445.5,22
-4.1,-1.8,445.5,22
-4.1,-1.8,445.5,22
-4.1,-1.8,445.5,22
-4.1,-1.8,445.5,22
-4.1,-1.8,445.5,22
-4.1,-1.8,445.6,22
-4.1,-1.8,445.6,22
-4.1,-1.8,445.6,22
-4.1,-1.8,445.6,22
-4.3,-1.9,445.6,22
-4.3,-1.9,445.6,22
-4.3,-1.9,445.6,22
-4.3,-1.9,445.6,22
-4.2,-1.8,445.6,22
-4.2,-1.8,445.5,22
-4.2,-1.8,445.5,22
-4.2,-1.8,445.5,22
-4.2,-1.8,445.5,22
-4,-1.7,445.6,22
-4,-1.7,445.6,22
-4,-1.7,445.6,22
-4,-1.7,445.6,22
-4.3,-1.7,445.6,22
-4.3,-1.8,445.6,22
-4.3,-1.8,445.6,22
-4.3,-1.8,445.6,22
-4.3,-1.8,445.6,22
-4.3,-1.8,445.6,22
-4.3,-1.8,445.6,22
-4.3,-1.8,445.6,22
-4.3,-1.8,445.6,22
-4.3,-1.8,445.6,22
-4.3,-1.8,445.6,22
-4.3,-1.8,445.6,22
-4.3,-1.8,445.6,22
-4.2,-1.8,445.6,22
-4.2,-1.8,445.6,22
-4.2,-1.8,445.6,22
-4.3,-1.8,445.6,22
-4.3,-1.9,445.6,22
-4.3,-1.9,445.6,22
-4.3,-1.9,445.6,22
-4.1,-1.7,445.6,22
-4.1,-1.7,445.6,22
-4.1,-1.7,445.6,22
-4.1,-1.7,445.6,22
-4.1,-1.8,445.6,22
-4.1,-1.8,445.6,22
-4.1,-1.8,445.6,22
-4.1,-1.8,445.6,22
-4.1,-1.8,445.6,22
-4.1,-1.8,445.6,22
-4.1,-1.8,445.6,22
-4.1,-1.8,445.6,22
-4.1,-1.8,445.6,22
-4.1,-1.8,445.6,22
-4.1,-1.8,445.6,22
-4.3,-1.9,445.6,22
-4.3,-1.9,445.6,22
-4.3,-1.9,445.6,22
-4.3,-1.9,445.6,22
-4.1,-1.8,445.6,22
-4.1,-1.8,445.6,22
-4.1,-1.8,445.6,22
-4.1,-1.8,445.6,22
-4.3,-1.8,445.6,22
-4.3,-1.8,445.6,22
-4.3,-1.8,445.6,22
-4.3,-1.8,445.6,22
-4.2,-1.8,445.6,22
-4.2,-1.8,445.6,22
-4.2,-1.8,445.6,22
-4.3,-1.9,445.6,22
-4.3,-1.9,445.7,22
-4.3,-1.9,445.7,22
-4.3,-1.9,445.7,22
-4.3,-1.9,445.6,22
-4.3,-1.9,445.6,22
-4.3,-1.9,445.6,22
-4.3,-1.9,445.6,22
-4.3,-1.9,445.6,22
-4.3,-1.9,445.7,22
-4.3,-1.9,445.7,22
-4.3,-1.9,445.7,22
-4.3,-1.9,445.7,22
-4.3,-1.9,445.7,22
-4.3,-1.9,445.7,22
-4.3,-1.9,445.7,22
-4.3,-1.9,445.7,22
-4.3,-1.8,445.6,22
-4.3,-1.8,445.6,22
-4.3,-1.8,445.6,22
-4.3,-1.8,445.6,22
-4.1,-1.7,445.6,22
-4.1,-1.7,445.6,22
-4.1,-1.7,445.6,22
-4.1,-1.7,445.6,22
-4.1,-1.8,445.6,22
-4.1,-1.8,445.6,22
-4.1,-1.8,445.6,22
-4.1,-1.8,445.6,22
-4.1,-1.8,445.6,22
-4.1,-1.9,445.7,22
-4.1,-1.9,445.7,22
-4.1,-1.9,445.7,22
-4.1,-1.9,445.7,22
-4.1,-1.8,445.7,22
-4.1,-1.8,445.7,22
-4.1,-1.8,445.7,22
-4.1,-1.8,445.7,22
-4.3,-1.9,445.7,22
-4.3,-1.9,445.7,22
-4.3,-1.9,445.7,22
-4.3,-1.9,445.7,22
-4.2,-1.9,445.7,22
-4.2,-1.8,445.6,22
-4.2,-1.8,445.6,22
-4.2,-1.8,445.6,22
-4.1,-1.8,445.6,22
-4.1,-1.8,445.6,22
-4.1,-1.8,445.6,22
-4.1,-1.8,445.6,22
-4.1,-1.8,445.6,22
-4,-1.8,445.6,22
-4,-1.8,445.6,22
-4,-1.8,445.6,22
-4,-1.8,445.6,22
-4.1,-1.8,445.6,22
-4.1,-1.8,445.6,22
-4.1,-1.8,445.6,22
-4.1,-1.8,445.6,22
-4.1,-1.9,445.7,22
-4.1,-1.9,445.7,22
-4.1,-1.9,445.7,22
-4.1,-1.9,445.7,22
-4.1,-1.8,445.7,22
-4.1,-1.8,445.7,22
-4.1,-1.8,445.7,22
-4.1,-1.8,445.7,22
-4.3,-1.8,445.7,22
-4.3,-1.8,445.7,22
-4.3,-1.8,445.7,22
-4.3,-1.8,445.7,22
-4.3,-1.8,445.7,22
-4.3,-1.8,445.7,22
-4.3,-1.8,445.7,22
-4.3,-1.8,445.7,22
-4.3,-1.8,445.7,22
-4.1,-1.8,445.7,22
-4.1,-1.8,445.6,22
-4.1,-1.8,445.6,22
-4.1,-1.8,445.6,22
-4,-1.7,445.6,22
-4,-1.7,445.7,22
-4,-1.7,445.7,22
-4,-1.7,445.7,22
-4.1,-1.8,445.7,22
-4.1,-1.8,445.7,22
-4.1,-1.8,445.7,22
-4.1,-1.8,445.7,22
-4.1,-1.8,445.7,22
-4.1,-1.8,445.7,22
-4.1,-1.8,445.7,22
-4.1,-1.8,445.7,22
-4.2,-1.8,445.7,22
-4.2,-1.8,445.7,22
-4.2,-1.8,445.7,22
-4.2,-1.8,445.7,22
-4,-1.7,445.7,22
-4,-1.7,445.7,22
-4,-1.7,445.7,22
-4,-1.7,445.7,22
-4,-1.7,445.7,22
-4.2,-1.9,445.7,22
-4.2,-1.9,445.7,22
-4.2,-1.9,445.7,22
-4.2,-1.9,445.7,22
-4.3,-1.9,445.7,22
-4.3,-1.9,445.7,22
-4.3,-1.9,445.7,22
-4.3,-1.9,445.7,22
-4.3,-1.9,445.7,22
-4.2,-1.8,445.7,22
-4.2,-1.8,445.7,22
-4.2,-1.8,445.7,22
-4.3,-1.8,445.7,22
-4.3,-1.8,445.7,22
-4.3,-1.8,445.7,22
-4.3,-1.8,445.7,22
-4.3,-1.8,445.7,22
-4.1,-1.8,445.7,22
-4.1,-1.8,445.7,22
-4.1,-1.8,445.7,22
-4.1,-1.8,445.7,22
-4.1,-1.8,445.7,22
-4.1,-1.8,445.7,22
-4.1,-1.8,445.7,22
-4.1,-1.8,445.7,22
-4.1,-1.8,445.7,22
-4.2,-1.8,445.7,22
-4.2,-1.8,445.8,22
-4.2,-1.8,445.8,22
-4.2,-1.8,445.8,22
-4.3,-1.9,445.8,22
-4.3,-1.9,445.8,22
-4.3,-1.9,445.8,22
-4.3,-1.9,445.8,22
-4.3,-1.9,445.8,22
-4.3,-1.9,445.8,22
-4.3,-1.9,445.8,22
-4.3,-1.9,445.8,22
-4.3,-1.9,445.8,22
-4.3,-1.9,445.8,22
-4.3,-1.9,445.8,22
-4.3,-1.9,445.8,22
-4.3,-1.8,445.8,22
-4.3,-1.8,445.8,22
-4.3,-1.8,445.8,22
-4.3,-1.8,445.8,22
-4.3,-1.8,445.8,22
-4,-1.8,445.7,22
-4,-1.8,445.7,22
-4,-1.8,445.7,22
-4,-1.8,445.7,22
-4,-1.8,445.7,22
-4.3,-1.8,445.8,22
-4.3,-1.8,445.8,22
-4.3,-1.8,445.8,22
-4.3,-1.8,445.8,22
-4.1,-1.7,445.8,22
-4.1,-1.7,445.8,22
-4.1,-1.7,445.8,22
-4.1,-1.7,445.8,22
-4,-1.7,445.8,22
-4,-1.8,445.8,22
-4,-1.8,445.8,22
-4,-1.8,445.8,22
-4,-1.8,445.8,22
-4.3,-1.8,445.8,22
-4.3,-1.9,445.8,22
-4.3,-1.9,445.8,22
-4.3,-1.9,445.8,22
-4.3,-1.9,445.8,22
-4.3,-1.8,445.8,22
-4.3,-1.8,445.8,22
-4.3,-1.8,445.8,22
-4.3,-1.8,445.8,22
-4.2,-1.8,445.8,22
-4.2,-1.8,445.8,22
-4.2,-1.8,445.8,22
-4.2,-1.8,445.8,22
-4,-1.8,445.8,22
-4,-1.8,445.8,22
-4,-1.8,445.8,22
-4,-1.8,445.8,22
-4.1,-1.8,445.8,22
-4.1,-1.8,445.8,22
-4.1,-1.8,445.8,22
-4.1,-1.8,445.8,22
-4.1,-1.8,445.8,22
-4.1,-1.8,445.8,22
-4.1,-1.8,445.8,22
-4.1,-1.8,445.8,22
-4.1,-1.7,445.8,22
-4.1,-1.7,445.8,22
-4.1,-1.7,445.8,22
-4.1,-1.7,445.8,22
-4.1,-1.8,445.8,22
-4.1,-1.8,445.8,22
-4.1,-1.8,445.8,22
-4.1,-1.8,445.8,22
-4.2,-1.8,445.8,22
-4.2,-1.8,445.9,22
-4.2,-1.8,445.9,22
-4.2,-1.8,445.9,22
-4.2,-1.8,445.9,22
-4.3,-1.8,445.9,22
-4.3,-1.8,445.8,22
-4.3,-1.8,445.8,22
-4.3,-1.8,445.8,22
-4.3,-1.8,445.8,22
-4.2,-1.9,445.8,22
-4.2,-1.9,445.9,22
-4.2,-1.9,445.9,22
-4.2,-1.9,445.9,22
-4.1,-1.9,445.9,22
-4.1,-1.9,445.9,22
-4.1,-1.9,445.9,22
-4.1,-1.9,445.9,22
-4.1,-1.9,445.9,22
-4.2,-1.7,445.8,22
-4.2,-1.7,445.8,22
-4.2,-1.7,445.8,22
-4.2,-1.7,445.8,22
-4.2,-1.7,445.8,22
-4.2,-1.7,445.8,22
-4.2,-1.7,445.8,22
-4.2,-1.7,445.8,22
-4.2,-1.7,445.8,22
-4.3,-1.9,445.9,22
-4.3,-1.9,445.9,22
-4.3,-1.9,445.9,22
-4.3,-1.9,445.9,22
-4.2,-1.9,445.9,22
-4.2,-1.9,445.9,22
-4.2,-1.9,445.9,22
-4.2,-1.9,445.9,22
-4.3,-1.9,445.9,22
-4.3,-1.9,445.9,22
-4.3,-1.9,445.9,22
-4.3,-1.9,445.9,22
-4.3,-1.9,445.9,22
-4.3,-1.9,445.9,22
-4.3,-1.9,445.9,22
-4.3,-1.9,445.9,22
-4.3,-1.9,445.9,22
-4.3,-1.9,445.9,22
-4.3,-1.9,445.9,22
-4.3,-1.9,445.9,22
-4.2,-1.8,445.9,22
-4.2,-1.8,445.9,22
-4.2,-1.8,445.9,22
-4.2,-1.8,445.9,22
-4.2,-1.8,445.9,22
-4.2,-1.8,445.9,22
-4.2,-1.8,445.9,22
-4.2,-1.8,445.9,22
-4.2,-1.8,445.9,22
-4.1,-1.8,445.9,22
-4.1,-1.8,445.9,22
-4.1,-1.8,445.9,22
-4.1,-1.8,445.9,22
-4,-1.8,445.9,22
-4,-1.8,445.9,22
-4,-1.8,445.9,22
-4,-1.8,445.9,22
-4.2,-1.8,445.9,22
-4.2,-1.8,445.9,22
-4.2,-1.8,445.9,22
-4.2,-1.8,445.9,22
-4.1,-1.9,445.9,22
-4.1,-1.9,445.9,22
-4.1,-1.9,445.9,22
-4.1,-1.9,445.9,22
-4.2,-1.9,445.9,22
-4.2,-1.9,445.9,22
-4.2,-1.9,445.9,22
-4.2,-1.9,445.9,22
-4.3,-1.9,445.9,22
-4.3,-1.8,445.9,22
-4.3,-1.8,445.9,22
-4.3,-1.8,445.9,22
-4.3,-1.8,445.9,22
-4.1,-1.8,445.9,22
-4.1,-1.8,445.9,22
-4.1,-1.8,445.9,22
-4.1,-1.8,445.9,22
-4,-1.8,445.9,22
-4,-1.8,445.9,22
-4,-1.8,445.9,22
-4,-1.8,445.9,22
-4.1,-1.8,445.9,22
-4.1,-1.8,445.9,22
-4.1,-1.8,445.9,22
-4.1,-1.8,445.9,22
-4.1,-1.8,445.9,22
-4.1,-1.9,445.9,22
-4.1,-1.9,445.9,22
-4.1,-1.9,445.9,22
-4.1,-1.9,445.9,22
-4.2,-1.9,445.9,22
-4.2,-1.9,445.9,22
-4.2,-1.9,445.9,22
-4.2,-1.9,445.9,22
-4.3,-1.9,445.9,22
-4.3,-1.9,446,22
-4.3,-1.9,446,22
-4.3,-1.9,446,22
-4.3,-1.9,446,22
-4.3,-1.9,446,22
-4.3,-1.9,446,22
-4.3,-1.9,446,22
-4.4,-1.9,446,22
-4.4,-1.9,446,22
-4.4,-1.9,446,22
-4.4,-1.9,446,22
-4.4,-1.9,446,22
-4,-1.8,446,22
-4,-1.8,445.9,22
-4,-1.8,445.9,22
-4,-1.8,445.9,22
-4.1,-1.9,445.9,22
-4.1,-1.9,446,22
-4.1,-1.9,446,22
-4.1,-1.9,446,22
-4.2,-1.9,446,22
-4.2,-1.9,445.9,22
-4.2,-1.9,445.9,22
-4.2,-1.9,445.9,22
-4.3,-1.9,445.9,22
-4.3,-1.9,446,22
-4.3,-1.9,446,22
-4.3,-1.9,446,22
-4.3,-1.9,446,22
-4.3,-1.8,446,22
-4.3,-1.8,445.9,22
-4.3,-1.8,445.9,22
-4.3,-1.8,445.9,22
-4.3,-1.8,445.9,22
-3.9,-1.7,445.9,22
-3.9,-1.7,445.9,22
-3.9,-1.7,445.9,22
-3.9,-1.7,445.9,22
-4,-1.8,445.9,22
-4,-1.8,445.9,22
-4,-1.8,445.9,22
-4,-1.8,445.9,22
-4.1,-1.7,445.9,22
-4.1,-1.7,445.9,22
-4.1,-1.7,445.9,22
-4.1,-1.8,446,22
-4.1,-1.8,446,22
-4.1,-1.8,446,22
-4.1,-1.8,446,22
-4.3,-1.9,446,22
-4.3,-1.9,446,22
-4.3,-1.9,446,22
-4.3,-1.9,446,22
-4.3,-1.8,446,22
-4.3,-1.8,446,22
-4.3,-1.8,446,22
-4.3,-1.8,446,22
-4.2,-1.8,446,22
-4.2,-1.8,446,22
-4.2,-1.8,446,22
-4.2,-1.8,446,22
-4.2,-1.8,446,22
-4.2,-1.9,446,22
-4.2,-1.9,446,22
-4.2,-1.9,446,22
-4.2,-1.9,446,22
-4.3,-1.8,446,22
-4.3,-1.8,446,22
-4.3,-1.8,446,22
-4.3,-1.8,446,22
-4.3,-1.8,446,22
-4.3,-1.8,446,22
-4.3,-1.8,446,22
-4.3,-1.8,446,22
-4.3,-1.9,446,22
-4.3,-1.9,446,22
-4.3,-1.9,446,22
-4.3,-1.9,446,22
-4.3,-1.9,446,22
-4.3,-1.8,446,22
-4.3,-1.8,446,22
-4.3,-1.8,446,22
-4.3,-1.8,446,22
-4,-1.7,446,22
-4,-1.7,446,22
-4,-1.7,446,22
-4,-1.7,446,22
-4,-1.7,446,22
-4.2,-1.9,446,22
-4.2,-1.9,446,22
-4.2,-1.9,446,22
-4.2,-1.9,446,22
-4.3,-1.9,446,22
-4.3,-1.9,446,22
-4.3,-1.9,446,22
-4.3,-1.9,446,22
-4.1,-1.9,446,22
-4.1,-1.9,446,22
-4.1,-1.9,446,22
-4.1,-1.9,446,22
-4.1,-1.8,446,22
-4.1,-1.8,446,22
-4.1,-1.8,446,22
-4.1,-1.8,446,22
-4.3,-1.8,446,22
-4.3,-1.8,446,22
-4.3,-1.8,446,22
-4.3,-1.8,446,22
-4.3,-1.8,446,22
-4.1,-1.7,446,22
-4.1,-1.7,446,22
-4.1,-1.7,446,22
-4.1,-1.7,446,22
-4.1,-1.7,446,22
-4.1,-1.9,446,22
-4.1,-1.9,446,22
-4.1,-1.9,446,22
-4.1,-1.9,446,22
-4.3,-1.9,446,22
-4.3,-1.9,446.1,22
-4.3,-1.9,446.1,22
-4.3,-1.9,446.1,22
-4.2,-1.9,446.1,22
-4.2,-1.8,446.1,22
-4.2,-1.8,446.1,22
-4.2,-1.8,446.1,22
-4.2,-1.8,446.1,22
-4.1,-1.8,446.1,22
-4.1,-1.8,446,22
-4.1,-1.8,446,22
-4.1,-1.8,446,22
-4.1,-1.8,446,22
-4.1,-1.9,446.1,22
-4.1,-1.9,446.1,22
-4.1,-1.9,446.1,22
-4.1,-1.9,446.1,22
-4.3,-1.9,446.1,22
-4.3,-1.9,446.1,22
-4.3,-1.9,446.1,22
-4.3,-1.9,446.1,22
-4.3,-1.9,446.1,22
-4.3,-1.8,446,22
-4.3,-1.8,446,22
-4.3,-1.8,446,22
-4.2,-1.8,446,22
-4.2,-1.8,446.1,22
-4.2,-1.8,446.1,22
-4.2,-1.8,446.1,22
-4.3,-1.8,446.1,22
-4.3,-1.8,446.1,22
-4.3,-1.8,446.1,22
-4.3,-1.8,446.1,22
-4.3,-1.9,446.1,22
-4.3,-1.9,446.1,22
-4.3,-1.9,446.1,22
-4.3,-1.9,446.1,22
-4.3,-1.8,446.1,22
-4.3,-1.8,446.1,22
-4.3,-1.8,446.1,22
-4.3,-1.8,446.1,22
-4.3,-1.8,446.1,22
-4.1,-1.8,446.1,22
-4.1,-1.8,446.1,22
-4.1,-1.8,446.1,22
-4.1,-1.8,446.1,22
-4.2,-1.8,446.1,22
-4.2,-1.9,446.1,22
-4.2,-1.9,446.1,22
-4.2,-1.9,446.1,22
-4.2,-1.9,446.1,22
-4.3,-1.9,446.1,22
-4.3,-1.9,446.1,22
-4.3,-1.9,446.1,22
-4.3,-1.9,446.1,22
-4.3,-1.9,446.1,22
-4.1,-1.8,446.1,22
-4.1,-1.8,446.1,22
-4.1,-1.8,446.1,22
-4.1,-1.8,446.1,22
-4.1,-1.7,446.1,22
-4.1,-1.7,446.1,22
-4.1,-1.7,446.1,22
-4.1,-1.7,446.1,22
-4.1,-1.8,446.1,22
-4.1,-1.8,446.1,22
-4.1,-1.8,446.1,22
-4.1,-1.8,446.1,22
-4.1,-1.8,446.1,22
-4.1,-1.8,446.1,22
-4.1,-1.8,446.1,22
-4.1,-1.8,446.1,22
-4.1,-1.8,446.1,22
-4.3,-1.8,446.1,22
-4.3,-1.8,446.1,22
-4.3,-1.8,446.1,22
-4.3,-1.8,446.1,22
-4.3,-1.8,446.1,22
-4.3,-1.8,446.1,22
-4.3,-1.8,446.1,22
-4.3,-1.8,446.1,22
-4.3,-1.8,446.1,22
-4.3,-1.8,446.1,22
-4.3,-1.8,446.1,22
-4.3,-1.8,446.1,22
-4.3,-1.9,446.1,22
-4.3,-1.9,446.1,22
-4.3,-1.9,446.1,22
-4.3,-1.9,446.1,22
-4.2,-1.9,446.1,22
-4.2,-1.8,446.1,22
-4.2,-1.8,446.1,22
-4.2,-1.8,446.1,22
-4.2,-1.8,446.1,22
-4,-1.8,446.1,22
-4,-1.8,446.1,22
-4,-1.8,446.1,22
-4,-1.8,446.1,22
-4.2,-1.8,446.1,22
-4.2,-1.9,446.2,22
-4.2,-1.9,446.2,22
-4.2,-1.9,446.2,22
-4.3,-1.9,446.2,22
-4.3,-1.9,446.1,22
-4.3,-1.9,446.1,22
-4.3,-1.9,446.1,22
-4.3,-1.9,446.1,22
-4.3,-1.9,446.1,22
-4.3,-1.9,446.1,22
-4.3,-1.9,446.1,22
-4.3,-1.9,446.1,22
-4.3,-1.8,446.1,22
-4.3,-1.8,446.1,22
-4.3,-1.8,446.1,22
-4.3,-1.8,446.1,22
-4.3,-1.8,446.1,22
-4.3,-1.8,446.1,22
-4.3,-1.8,446.1,22
-4.3,-1.8,446.1,22
-4.3,-1.8,446.1,22
-4,-1.8,446.1,22
-4,-1.8,446.1,22
-4,-1.8,446.1,22
-4,-1.8,446.1,22
-4.1,-1.8,446.1,22
-4.1,-1.8,446.1,22
-4.1,-1.8,446.1,22
-4.1,-1.8,446.1,22
-4,-1.8,446.1,22
-4,-1.8,446.1,22
-4,-1.8,446.1,22
-4,-1.8,446.1,22
-4.1,-1.7,446.1,22
-4.1,-1.7,446.1,22
-4.1,-1.7,446.1,22
-4.1,-1.8,446.1,22
-4.1,-1.8,446.1,22
-4.1,-1.8,446.1,22
-4.1,-1.8,446.1,22
-4.1,-1.8,446.1,22
-4,-1.8,446.1,22
-4,-1.8,446.1,22
-4,-1.8,446.1,22
-4,-1.8,446.1,22
-4.2,-1.8,446.1,22
-4.2,-1.9,446.2,22
-4.2,-1.9,446.2,22
-4.2,-1.9,446.2,22
-4.1,-1.9,446.2,22
-4.1,-1.9,446.2,22
-4.1,-1.9,446.2,22
-4.1,-1.9,446.2,22
-4.1,-1.9,446.2,22
-4.3,-1.9,446.2,22
-4.3,-1.9,446.2,22
-4.3,-1.9,446.2,22
-4.3,-1.9,446.2,22
-4.3,-1.8,446.2,22
-4.3,-1.8,446.2,22
-4.3,-1.8,446.2,22
-4.3,-1.8,446.2,22
-4.3,-1.8,446.2,22
-4.3,-1.8,446.2,22
-4.3,-1.8,446.2,22
-4.3,-1.8,446.2,22
-4.3,-1.8,446.2,22
-4.3,-1.8,446.2,22
-4.3,-1.8,446.2,22
-4.3,-1.8,446.2,22
-4.2,-1.8,446.2,22
-4.2,-1.8,446.2,22
-4.2,-1.8,446.2,22
-4.2,-1.8,446.2,22
-4.2,-1.8,446.2,22
-4.1,-1.8,446.2,22
-4.1,-1.8,446.2,22
-4.1,-1.8,446.2,22
-4.1,-1.8,446.2,22
-4.1,-1.9,446.2,22
-4.1,-1.9,446.2,22
-4.1,-1.9,446.2,22
-4.1,-1.9,446.2,22
-4.3,-1.9,446.2,22
-4.3,-1.9,446.2,22
-4.3,-1.9,446.2,22
-4.3,-1.9,446.2,22
-4.2,-1.8,446.2,22
-4.2,-1.8,446.2,22
-4.2,-1.8,446.2,22
-4.2,-1.8,446.2,22
-4.2,-1.8,446.2,22
-4.2,-1.8,446.2,22
-4.2,-1.8,446.2,22
-4.2,-1.8,446.2,22
-4.2,-1.8,446.2,22
-4.2,-1.8,446.2,22
-4.2,-1.8,446.2,22
-4.2,-1.8,446.2,22
-4.2,-1.8,446.2,22
-4.1,-1.8,446.2,22
-4.1,-1.8,446.2,22
-4.1,-1.8,446.2,22
-4.1,-1.8,446.2,22
-4,-1.8,446.2,22
-4,-1.8,446.2,22
-4,-1.8,446.2,22
-4,-1.8,446.2,22
-4,-1.8,446.2,22
-4.2,-1.8,446.2,22
-4.2,-1.8,446.2,22
-4.2,-1.8,446.2,22
-4.2,-1.8,446.2,22
-4.1,-1.8,446.2,22
-4.1,-1.8,446.2,22
-4.1,-1.8,446.2,22
-3.9,-1.8,446.2,22
-3.9,-1.8,446.2,22
-3.9,-1.8,446.2,22
-3.9,-1.8,446.2,22
-4.1,-1.8,446.2,22
-4.1,-1.8,446.2,22
-4.1,-1.8,446.2,22
-4.1,-1.8,446.2,22
-4,-1.8,446.2,22
-4,-1.8,446.2,22
-4,-1.8,446.2,22
-4,-1.8,446.2,22
-4,-1.8,446.2,22
-4.1,-1.8,446.2,22
-4.1,-1.8,446.2,22
-4.1,-1.8,446.2,22
-4.1,-1.8,446.2,22
-4.1,-1.8,446.2,22
-4.1,-1.8,446.2,22
-4.1,-1.8,446.2,22
-4.1,-1.8,446.2,22
-4.1,-1.8,446.2,22
-4.1,-1.8,446.2,22
-4.1,-1.8,446.2,22
-4.1,-1.8,446.2,22
-4.3,-1.9,446.3,22
-4.3,-1.9,446.3,22
-4.3,-1.9,446.3,22
-3.9,-1.9,446.3,22
-3.9,-1.8,446.3,22
-3.9,-1.8,446.3,22
-3.9,-1.8,446.3,22
-3.9,-1.8,446.3,22
-4.3,-1.8,446.3,22
-4.3,-1.8,446.3,22
-4.3,-1.8,446.3,22
-4.3,-1.8,446.3,22
-4.3,-1.8,446.3,22
-4.2,-1.8,446.2,22
-4.2,-1.8,446.2,22
-4.2,-1.8,446.2,22
-4.2,-1.8,446.2,22
-4.1,-1.7,446.2,22
-4.1,-1.7,446.3,22
-4.1,-1.7,446.3,22
-4.1,-1.7,446.3,22
-4.1,-1.8,446.3,22
-4.1,-1.8,446.2,22
-4.1,-1.8,446.2,22
-4.1,-1.8,446.2,22
-4,-1.8,446.2,22
-4,-1.8,446.3,22
-4,-1.8,446.3,22
-4,-1.8,446.3,22
-4,-1.8,446.3,22
-4.3,-1.9,446.3,22
-4.3,-1.9,446.3,22
-4.3,-1.9,446.3,22
-4.1,-1.8,446.3,22
-4.1,-1.8,446.3,22
-4.1,-1.8,446.3,22
-4.1,-1.8,446.3,22
-4.1,-1.8,446.3,22
-4.1,-1.8,446.3,22
-4.1,-1.8,446.3,22
-4.1,-1.8,446.3,22
-4.1,-1.8,446.3,22
-4.3,-1.8,446.3,22
-4.3,-1.8,446.3,22
-4.3,-1.8,446.3,22
-4.3,-1.8,446.3,22
-4.4,-1.8,446.3,22
-4.4,-1.7,446.3,22
-4.4,-1.7,446.3,22
-4.4,-1.7,446.3,22
-4.2,-1.7,446.3,22
-4.2,-1.8,446.3,22
-4.2,-1.8,446.3,22
-4.2,-1.8,446.3,22
-4.1,-1.8,446.3,22
-4.1,-1.8,446.3,22
-4.1,-1.8,446.3,22
-4.1,-1.8,446.3,22
-4.3,-1.8,446.3,22
-4.3,-1.8,446.3,22
-4.3,-1.8,446.3,22
-4.3,-1.8,446.3,22
-4.3,-1.8,446.3,22
-4,-1.7,446.3,22
-4,-1.7,446.3,22
-4,-1.7,446.3,22
-4,-1.7,446.3,22
-4.1,-1.7,446.3,22
-4.1,-1.7,446.3,22
-4.1,-1.7,446.3,22
-4.1,-1.7,446.3,22
-4.2,-1.7,446.3,22
-4.2,-1.9,446.3,22
-4.2,-1.9,446.3,22
-4.2,-1.9,446.3,22
-4.2,-1.9,446.3,22
-4.2,-1.9,446.3,22
-4.2,-1.9,446.3,22
-4.2,-1.9,446.3,22
-4.3,-1.9,446.3,22
-4.3,-1.9,446.4,22
-4.3,-1.9,446.4,22
-4.3,-1.9,446.4,22
-4.3,-1.9,446.4,22
-4.3,-1.9,446.4,22
-4.3,-1.9,446.4,22
-4.3,-1.9,446.4,22
-4.3,-1.9,446.4,22
-4.4,-1.8,446.4,22
-4.4,-1.8,446.4,22
-4.4,-1.8,446.4,22
-4.4,-1.8,446.4,22
-4.4,-1.8,446.4,22
-4.4,-1.8,446.4,22
-4.4,-1.8,446.4,22
-4.4,-1.8,446.4,22
-4.2,-1.8,446.4,22
-4.2,-1.8,446.3,22
-4.2,-1.8,446.3,22
-4.2,-1.8,446.3,22
-4.2,-1.8,446.3,22
-4.2,-1.8,446.4,22
-4.2,-1.8,446.4,22
-4.2,-1.8,446.4,22
-4.1,-1.8,446.4,22
-4.1,-1.8,446.3,22
-4.1,-1.8,446.3,22
-4.1,-1.8,446.3,22
-4.1,-1.8,446.3,22
-4,-1.8,446.3,22
-4,-1.8,446.3,22
-4,-1.8,446.3,22
-4,-1.8,446.3,22
-4,-1.7,446.3,22
-4,-1.7,446.3,22
-4,-1.7,446.3,22
-4,-1.7,446.3,22
-4,-1.8,446.4,22
-4,-1.8,446.4,22
-4,-1.8,446.4,22
-4,-1.8,446.4,22
-4,-1.8,446.4,22
-4.3,-1.9,446.4,22
-4.3,-1.9,446.4,22
-4.3,-1.9,446.4,22
-4.3,-1.9,446.4,22
-4.1,-1.8,446.4,22
-4.1,-1.8,446.3,22
-4.1,-1.8,446.3,22
-4.1,-1.8,446.3,22
-4.1,-1.8,446.3,22
-4.1,-1.7,446.4,22
-4.1,-1.7,446.4,22
-4.1,-1.7,446.4,22
-4,-1.7,446.4,22
-4,-1.8,446.4,22
-4,-1.8,446.4,22
-4,-1.8,446.4,22
-4,-1.8,446.4,22
-4.3,-1.9,446.4,22
-4.3,-1.9,446.4,22
-4.3,-1.9,446.4,22
-4.3,-1.9,446.4,22
-4.2,-1.9,446.4,22
-4.2,-1.9,446.4,22
-4.2,-1.9,446.4,22
-4.2,-1.9,446.4,22
-4.2,-1.9,446.4,22
-4.3,-1.8,446.4,22
-4.3,-1.8,446.4,22
-4.3,-1.8,446.4,22
-4.3,-1.8,446.4,22
-4.1,-1.8,446.4,22
-4.1,-1.8,446.4,22
-4.1,-1.8,446.4,22
-4.1,-1.8,446.4,22
-4,-1.8,446.4,22
-4,-1.8,446.4,22
-4,-1.8,446.4,22
-4,-1.8,446.4,22
-4.1,-1.7,446.4,22
-4.1,-1.7,446.4,22
-4.1,-1.7,446.4,22
-4.1,-1.7,446.4,22
-4.2,-1.7,446.4,22
-4.2,-1.7,446.4,22
-4.2,-1.7,446.4,22
-4.2,-1.7,446.4,22
-4.2,-1.7,446.4,22
-4.1,-1.8,446.4,22
-4.1,-1.8,446.4,22
-4.1,-1.8,446.4,22
-4.1,-1.8,446.4,22
-4.3,-1.8,446.4,22
-4.3,-1.9,446.4,22
-4.3,-1.9,446.4,22
-4.3,-1.9,446.4,22
-4.3,-1.9,446.4,22
-4.3,-1.9,446.4,22
-4.3,-1.9,446.4,22
-4.3,-1.9,446.4,22
-4.2,-1.9,446.4,22
-4.2,-1.9,446.4,22
-4.2,-1.9,446.4,22
-4.2,-1.9,446.4,22
-4.3,-1.9,446.4,22
-4.3,-1.9,446.5,22
-4.3,-1.9,446.5,22
-4.3,-1.9,446.5,22
-4.3,-1.9,446.5,22
-4.3,-1.9,446.5,22
-4.1,-1.8,446.4,22
-4.1,-1.8,446.4,22
-4.1,-1.8,446.4,22
-4.1,-1.8,446.4,22
-4.2,-1.8,446.4,22
-4.2,-1.9,446.5,22
-4.2,-1.9,446.5,22
-4.2,-1.9,446.5,22
-4.2,-1.9,446.5,22
-4.2,-1.8,446.4,22
-4.2,-1.8,446.4,22
-4.2,-1.8,446.4,22
-4.2,-1.8,446.4,22
-4.2,-1.8,446.4,22
-4.1,-1.8,446.4,22
-4.1,-1.8,446.4,22
-4.1,-1.8,446.4,22
-4.1,-1.8,446.4,22
-4,-1.8,446.4,22
-4,-1.8,446.4,22
-4.2,-1.9,446.4,22
-4.2,-1.9,446.5,22
-4.2,-1.9,446.5,22
-4.2,-1.9,446.5,22
-4.2,-1.9,446.5,22
-4.2,-1.8,446.5,22
-4.2,-1.8,446.5,22
-4.2,-1.8,446.5,22
-4.2,-1.8,446.5,22
-4.1,-1.8,446.5,22
-4.1,-1.8,446.4,22
-4.1,-1.8,446.4,22
-4.1,-1.8,446.4,22
-4.2,-1.7,446.5,22
-4.2,-1.7,446.5,22
-4.2,-1.7,446.5,22
-4.2,-1.7,446.5,22
-4.2,-1.8,446.5,22
-4.2,-1.8,446.5,22
-4.2,-1.8,446.5,22
-4.2,-1.8,446.5,22
-4.2,-1.8,446.5,22
-4.2,-1.8,446.5,22
-4.2,-1.8,446.5,22
-4.2,-1.8,446.5,22
-4.2,-1.8,446.5,22
-4.1,-1.8,446.5,22
-4.1,-1.8,446.5,22
-4.1,-1.8,446.5,22
-4.1,-1.8,446.5,22
-4.3,-1.8,446.5,22
-4.3,-1.9,446.5,22
-4.3,-1.9,446.5,22
-4.3,-1.9,446.5,22
-4.3,-1.9,446.5,22
-4.2,-1.7,446.5,22
-4.2,-1.7,446.5,22
-4.2,-1.7,446.5,22
-4.2,-1.7,446.5,22
-4.2,-1.8,446.5,22
-4.2,-1.8,446.5,22
-4.2,-1.8,446.5,22
-4.2,-1.8,446.5,22
-4.2,-1.8,446.5,22
-4.2,-1.8,446.5,22
-4.2,-1.8,446.5,22
-4.2,-1.8,446.5,22
-4.2,-1.8,446.5,22
-4.2,-1.8,446.5,22
-4.2,-1.8,446.5,22
-4.2,-1.8,446.5,22
-4.1,-1.8,446.5,22
-4.1,-1.8,446.5,22
-4.1,-1.8,446.5,22
-4.1,-1.8,446.5,22
-4,-1.8,446.5,22
-4,-1.8,446.5,22
-4,-1.8,446.5,22
-4,-1.8,446.5,22
-4,-1.8,446.5,22
-4.2,-1.8,446.5,22
-4.2,-1.8,446.5,22
-4.2,-1.8,446.5,22
-4.2,-1.8,446.5,22
-4.3,-1.8,446.5,22
-4.3,-1.9,446.6,22
-4.3,-1.9,446.6,22
-4.3,-1.9,446.6,22
-4.3,-1.9,446.6,22
-4.2,-1.7,446.5,22
-4.2,-1.7,446.5,22
-4.2,-1.7,446.5,22
-4.2,-1.7,446.5,22
-4.1,-1.7,446.5,22
-4.1,-1.8,446.5,22
-4.1,-1.8,446.5,22
-4.1,-1.8,446.5,22
-4.1,-1.8,446.5,22
-4,-1.9,446.5,22
-4,-1.9,446.5,22
-4,-1.9,446.5,22
-4,-1.9,446.5,22
-4,-1.8,446.5,22
-4,-1.8,446.5,22
-4,-1.8,446.5,22
-4,-1.8,446.5,22
-4.3,-1.8,446.5,22
-4.3,-1.9,446.6,22
-4.3,-1.9,446.6,22
-4.3,-1.9,446.6,22
-4.2,-1.9,446.6,22
-4.2,-1.9,446.6,22
-4.2,-1.9,446.6,22
-4.2,-1.9,446.6,22
-4.2,-1.8,446.6,22
-4.2,-1.8,446.6,22
-4.2,-1.8,446.6,22
-4.2,-1.8,446.6,22
-4.2,-1.8,446.6,22
-4.3,-1.8,446.6,22
-4.3,-1.8,446.6,22
-4.3,-1.8,446.6,22
-4.2,-1.8,446.6,22
-4.2,-1.9,446.6,22
-4.2,-1.9,446.6,22
-4.2,-1.9,446.6,22
-4.2,-1.8,446.6,22
-4.2,-1.8,446.6,22
-4.2,-1.8,446.6,22
-4.2,-1.8,446.6,22
-4.3,-1.8,446.6,22
-4.3,-1.8,446.6,22
-4.3,-1.8,446.6,22
-4.3,-1.8,446.6,22
-4.3,-1.8,446.6,22
-4.2,-1.7,446.6,22
-4.2,-1.7,446.6,22
-4.2,-1.7,446.6,22
-4.2,-1.7,446.6,22
-4.1,-1.8,446.6,22
-4.1,-1.8,446.6,22
-4.1,-1.8,446.6,22
-4.1,-1.8,446.6,22
-4.1,-1.7,446.6,22
-4.1,-1.7,446.6,22
-4.1,-1.7,446.6,22
-4.1,-1.7,446.6,22
-4.2,-1.8,446.6,22
-4.2,-1.8,446.6,22
-4.2,-1.8,446.6,22
-4.2,-1.8,446.6,22
-4,-1.7,446.6,22
-4,-1.7,446.6,22
-4,-1.7,446.6,22
-4,-1.7,446.6,22
-4,-1.7,446.6,22
-4.3,-1.7,446.6,22
-4.3,-1.9,446.6,22
-4.3,-1.9,446.6,22
-4.3,-1.9,446.6,22
-4.2,-1.9,446.6,22
-4.2,-1.9,446.6,22
-4.2,-1.9,446.6,22
-4.2,-1.9,446.6,22
-4.3,-1.9,446.6,22
-4.3,-1.8,446.6,22
-4.3,-1.8,446.6,22
-4.3,-1.8,446.6,22
-4.3,-1.8,446.6,22
-4.2,-1.8,446.6,22
-4.2,-1.8,446.6,22
-4.2,-1.8,446.6,22
-4.2,-1.8,446.6,22
-4.3,-1.8,446.6,22
-4.3,-1.8,446.6,22
-4.3,-1.8,446.6,22
-4.3,-1.9,446.6,22
-4.3,-1.9,446.6,22
-4.3,-1.9,446.6,22
-4.3,-1.9,446.6,22
-4.3,-1.9,446.6,22
-4.3,-1.8,446.7,22
-4.3,-1.8,446.7,22
-4.3,-1.8,446.7,22
-4.3,-1.8,446.7,22
-4.3,-1.8,446.6,22
-4.3,-1.8,446.6,22
-4.3,-1.8,446.6,22
-4.3,-1.8,446.6,22
-4.2,-1.7,446.6,22
-4.2,-1.7,446.6,22
-4.2,-1.7,446.6,22
-4.2,-1.7,446.6,22
-4.1,-1.8,446.6,22
-4.1,-1.8,446.6,22
-4.1,-1.8,446.6,22
-4.1,-1.8,446.6,22
-4.1,-1.8,446.6,22
-4.3,-1.8,446.6,22
-4.3,-1.8,446.6,22
-4.3,-1.8,446.6,22
-4.3,-1.8,446.6,22
-4.3,-1.8,446.6,22
-4.2,-1.7,446.6,22
-4.2,-1.7,446.6,22
-4.2,-1.7,446.6,22
-4.2,-1.7,446.6,22
-4.1,-1.8,446.6,22
-4.1,-1.8,446.6,22
-4.1,-1.8,446.6,22
-4.1,-1.8,446.6,22
-4.1,-1.8,446.6,22
-4.1,-1.9,446.6,22
-4.1,-1.9,446.6,22
-4.1,-1.9,446.6,22
-4.1,-1.9,446.6,22
-4.2,-1.9,446.6,22
-4.2,-1.8,446.6,22
-4.2,-1.8,446.6,22
-4.2,-1.8,446.6,22
-4.2,-1.8,446.6,22
-4,-1.7,446.6,22
-4,-1.7,446.6,22
-4,-1.7,446.6,22
-4,-1.7,446.6,22
-4.1,-1.7,446.6,22
-4.1,-1.8,446.7,22
-4.1,-1.8,446.7,22
-4.1,-1.8,446.7,22
-4,-1.7,446.7,22
-4,-1.7,446.7,22
-4,-1.7,446.7,22
-4.3,-1.7,446.7,22
-4.3,-1.7,446.7,22
-4.3,-1.7,446.7,22
-4.3,-1.7,446.7,22
-4.3,-1.7,446.7,22
-4.1,-1.7,446.7,22
-4.1,-1.7,446.7,22
-4.1,-1.7,446.7,22
-4.1,-1.7,446.7,22
-4.1,-1.7,446.7,22
-4.3,-1.8,446.7,22
-4.3,-1.8,446.7,22
-4.3,-1.8,446.7,22
-4.3,-1.8,446.7,22
-4.3,-1.9,446.7,22
-4.3,-1.9,446.7,22
-4.3,-1.9,446.7,22
-4.3,-1.9,446.7,22
-4.3,-1.8,446.7,22
-4.3,-1.8,446.7,22
-4.3,-1.8,446.7,22
-4.3,-1.8,446.7,22
-4.3,-1.8,446.7,22
-4.3,-1.7,446.7,22
-4.3,-1.7,446.7,22
-4.3,-1.7,446.7,22
-4.3,-1.7,446.7,22
-4.1,-1.7,446.7,22
-4.1,-1.7,446.7,22
-4.1,-1.7,446.7,22
-4.1,-1.7,446.7,22
-4.1,-1.8,446.7,22
-4.1,-1.8,446.7,22
-4.1,-1.8,446.7,22
-4.1,-1.8,446.7,22
-4,-1.8,446.7,22
-4,-1.8,446.7,22
-4,-1.8,446.7,22
-4,-1.8,446.7,22
-4.2,-1.8,446.7,22
-4.2,-1.8,446.7,22
-4.2,-1.8,446.7,22
-4.2,-1.8,446.7,22
-4.2,-1.8,446.7,22
-4.2,-1.8,446.7,22
-4.2,-1.8,446.7,22
-4.2,-1.8,446.7,22
-4.2,-1.8,446.7,22
-4.2,-1.8,446.7,22
-4.2,-1.8,446.7,22
-4.1,-1.8,446.7,22
-4.1,-1.8,446.7,22
-4.1,-1.8,446.7,22
-4.1,-1.8,446.7,22
-4.1,-1.8,446.7,22
-4,-1.8,446.7,22
-4,-1.8,446.7,22
-4,-1.8,446.7,22
-4,-1.8,446.7,22
-4,-1.7,446.7,22
-4,-1.7,446.7,22
-4,-1.7,446.7,22
-4,-1.7,446.7,22
-4.2,-1.8,446.7,22
-4.2,-1.8,446.8,22
-4.2,-1.8,446.8,22
-4.2,-1.8,446.8,22
-4.2,-1.8,446.8,22
-4.3,-1.8,446.8,22
-4.3,-1.8,446.8,22
-4.3,-1.8,446.8,22
-4.3,-1.8,446.8,22
-4.3,-1.8,446.8,22
-4,-1.7,446.7,22
-4,-1.7,446.7,22
-4,-1.7,446.7,22
-4,-1.7,446.7,22
-4,-1.8,446.7,22
-4,-1.8,446.7,22
-4,-1.8,446.7,22
-4,-1.8,446.7,22
-4,-1.8,446.7,22
-4.2,-1.8,446.8,22
-4.2,-1.8,446.8,22
-4.2,-1.8,446.8,22
-4.2,-1.8,446.8,22
-4.2,-1.8,446.8,22
-4.2,-1.8,446.8,22
-4.2,-1.8,446.8,22
-4.2,-1.8,446.8,22
-4.2,-1.8,446.8,22
-4.2,-1.8,446.8,22
-4.1,-1.8,446.8,22
-4.1,-1.8,446.7,22
-4.1,-1.8,446.7,22
-4.1,-1.8,446.7,22
-4.1,-1.8,446.8,22
-4.1,-1.8,446.8,22
-4.1,-1.8,446.8,22
-4.1,-1.8,446.8,22
-4.1,-1.8,446.7,22
-4.1,-1.8,446.7,22
-4.1,-1.8,446.7,22
-4.1,-1.8,446.7,22
-4.1,-1.8,446.7,22
-4.1,-1.8,446.8,22
-4.1,-1.8,446.8,22
-4.1,-1.8,446.8,22
-4.1,-1.8,446.8,22
-4.2,-1.9,446.8,22
-4.2,-1.9,446.8,22
-4.2,-1.9,446.8,22
-4.2,-1.9,446.8,22
-4.2,-1.9,446.8,22
-4.2,-1.9,446.8,22
-4.2,-1.9,446.8,22
-4.2,-1.9,446.8,22
-4.3,-1.9,446.8,22
-4.3,-1.9,446.8,22
-4.3,-1.9,446.8,22
-4.3,-1.9,446.8,22
-4.3,-1.9,446.8,22
-4.1,-1.7,446.8,22
-4.1,-1.7,446.8,22
-4.1,-1.7,446.8,22
-4.1,-1.7,446.8,22
-4,-1.8,446.8,22
-4,-1.8,446.8,22
-4,-1.8,446.8,22
-4,-1.8,446.8,22
-4.2,-1.9,446.8,22
-4.2,-1.9,446.8,22
-4.2,-1.9,446.8,22
-4.2,-1.9,446.8,22
-4.2,-1.9,446.8,22
-4.3,-1.8,446.8,22
-4.3,-1.8,446.8,22
-4.3,-1.8,446.8,22
-4.3,-1.8,446.8,22
-4,-1.8,446.8,22
-4,-1.8,446.8,22
-4,-1.8,446.8,22
-4,-1.8,446.8,22
-4,-1.8,446.8,22
-4.1,-1.8,446.8,22
-4.1,-1.8,446.8,22
-4.1,-1.8,446.8,22
-4.1,-1.8,446.8,22
-4.1,-1.8,446.8,22
-4.1,-1.8,446.8,22
-4.1,-1.8,446.8,22
-4.1,-1.8,446.8,22
-4.1,-1.8,446.8,22
-4.1,-1.8,446.8,22
-4.1,-1.8,446.8,22
-4.1,-1.8,446.8,22
-4,-1.8,446.8,22
-4,-1.8,446.8,22
-4,-1.8,446.8,22
-4,-1.8,446.8,22
-4.2,-1.8,446.8,22
-4.2,-1.8,446.9,22
-4.2,-1.8,446.9,22
-4.2,-1.8,446.9,22
-4.1,-1.8,446.8,22
-4.1,-1.8,446.8,22
-4.1,-1.8,446.8,22
-4.1,-1.8,446.8,22
-4.2,-1.8,446.9,22
-4.2,-1.8,446.9,22
-4.2,-1.8,446.9,22
-4.2,-1.8,446.9,22
-4.3,-1.8,446.9,22
-4.3,-1.8,446.9,22
-4.3,-1.8,446.9,22
-4.3,-1.8,446.9,22
-4.2,-1.8,446.9,22
-4.2,-1.8,446.9,22
-4.2,-1.8,446.9,22
-4.2,-1.8,446.9,22
-4.2,-1.8,446.9,22
-4.2,-1.7,446.8,22
-4.2,-1.7,446.8,22
-4.2,-1.7,446.8,22
-4.3,-1.7,446.8,22
-4.3,-1.8,446.9,22
-4.3,-1.8,446.9,22
-4.3,-1.8,446.9,22
-4.3,-1.8,446.9,22
-4.2,-1.7,446.9,22
-4.2,-1.7,446.9,22
-4.2,-1.7,446.9,22
-4.2,-1.7,446.9,22
-4,-1.8,446.9,22
-4,-1.8,446.8,22
-4,-1.8,446.8,22
-4,-1.8,446.8,22
-4.1,-1.8,446.8,22
-4.1,-1.8,446.9,22
-4.1,-1.8,446.9,22
-4.1,-1.8,446.9,22
-4.1,-1.7,446.9,22
-4.1,-1.7,446.9,22
-4.1,-1.7,446.9,22
-4.2,-1.7,446.9,22
-4.2,-1.9,446.9,22
-4.2,-1.9,446.9,22
-4.2,-1.9,446.9,22
-4.3,-1.9,446.9,22
-4.3,-1.9,446.9,22
-4.3,-1.9,446.9,22
-4.3,-1.9,446.9,22
-4.3,-1.9,446.9,22
-4,-1.8,446.9,22
-4,-1.8,446.9,22
-4,-1.8,446.9,22
-4,-1.8,446.9,22
-4,-1.8,446.9,22
-4,-1.8,446.9,22
-4,-1.8,446.9,22
-4,-1.8,446.9,22
-4,-1.8,446.9,22
-4.3,-1.8,446.9,22
-4.3,-1.8,446.9,22
-4.3,-1.8,446.9,22
-4.3,-1.8,446.9,22
-4.3,-1.9,446.9,22
-4.3,-1.9,446.9,22
-4.3,-1.9,446.9,22
-4.3,-1.9,446.9,22
-4.3,-1.9,446.9,22
-4.1,-1.7,446.9,22
-4.1,-1.7,446.9,22
-4.1,-1.7,446.9,22
-4.1,-1.7,446.9,22
-4,-1.8,446.9,22
-4,-1.8,446.9,22
-4,-1.8,446.9,22
-4,-1.8,446.9,22
-4.1,-1.8,446.9,22
-4.1,-1.8,446.9,22
-4.1,-1.8,446.9,22
-4.1,-1.8,446.9,22
-4.1,-1.8,446.9,22
-4.4,-1.8,447,22
-4.4,-1.8,447,22
-4.4,-1.8,447,22
-4.4,-1.8,447,22
-4.2,-1.7,447,22
-4.2,-1.7,446.9,22
-4.2,-1.7,446.9,22
-4.2,-1.7,446.9,22
-4.2,-1.7,446.9,22
-4.3,-1.7,446.9,22
-4.3,-1.9,446.9,22
-4.3,-1.9,446.9,22
-4.3,-1.9,446.9,22
-4.2,-1.9,446.9,22
-4.2,-1.9,446.9,22
-4.2,-1.9,446.9,22
-4,-1.9,446.9,22
-4,-1.7,446.9,22
-4,-1.7,446.9,22
-4,-1.7,446.9,22
-4,-1.7,446.9,22
-4,-1.7,446.9,22
-4,-1.7,446.9,22
-4,-1.7,446.9,22
-4,-1.7,446.9,22
-4.1,-1.8,446.9,22
-4.1,-1.8,446.9,22
-4.1,-1.8,446.9,22
-4.1,-1.8,446.9,22
-4.2,-1.9,446.9,22
-4.2,-1.9,446.9,22
-4.2,-1.9,446.9,22
-4.2,-1.9,446.9,22
-4.3,-1.9,446.9,22
-4.3,-1.8,446.9,22
-4.3,-1.8,446.9,22
-4.3,-1.8,446.9,22
-4.3,-1.8,446.9,22
-4.3,-1.8,446.9,22
-4.3,-1.8,446.9,22
-4.3,-1.8,446.9,22
-4.3,-1.8,446.9,22
-4.1,-1.8,446.9,22
-4.1,-1.8,446.9,22
-4.1,-1.8,446.9,22
-4.1,-1.8,446.9,22
-4.1,-1.8,446.9,22
-4.1,-1.8,446.9,22
-4.1,-1.8,446.9,22
-4.1,-1.8,446.9,22
-4.1,-1.8,446.9,22
-4.2,-1.9,446.9,22
-4.2,-1.9,446.9,22
-4.2,-1.9,446.9,22
-4.2,-1.9,446.9,22
-4.3,-1.9,446.9,22
-4.3,-1.8,447,22
-4.3,-1.8,447,22
-4.3,-1.8,447,22
-4.3,-1.8,447,22
-4.2,-1.7,446.9,22
-4.2,-1.7,446.9,22
-4.2,-1.7,446.9,22
-4.2,-1.7,446.9,22
-4.2,-1.8,446.9,22
-4.2,-1.8,446.9,22
-4.2,-1.8,446.9,22
-4.2,-1.8,446.9,22
-4.2,-1.8,447,22
-4.2,-1.8,447,22
-4.2,-1.8,447,22
-4.3,-1.8,447,22
-4.3,-1.8,447,22
-4.3,-1.8,447,22
-4.3,-1.8,447,22
-4.3,-1.8,447,22
-4,-1.8,446.9,22
-4,-1.8,446.9,22
-4,-1.8,446.9,22
-4,-1.8,446.9,22
-4,-1.7,446.9,22
-4,-1.7,446.9,22
-4,-1.7,446.9,22
-4,-1.7,446.9,22
-4,-1.8,446.9,22
-4,-1.8,446.9,22
-4,-1.8,446.9,22
-4,-1.8,446.9,22
-4.1,-1.8,446.9,22
-4.1,-1.8,446.9,22
-4.1,-1.8,446.9,22
-4.1,-1.8,446.9,22
-4,-1.8,446.9,22
-4,-1.8,446.9,22
-4,-1.8,446.9,22
-4,-1.8,446.9,22
-4.3,-1.8,446.9,22
-4.3,-1.9,447,22
-4.3,-1.9,447,22
-4.3,-1.9,447,22
-4.2,-1.9,447,22
-4.2,-1.9,447,22
-4.2,-1.9,447,22
-4.2,-1.9,447,22
-4.3,-1.9,447,22
-4.3,-1.9,447,22
-4.3,-1.9,447,22
-4.3,-1.9,447,22
-4.3,-1.9,447,22
-4.3,-1.9,447,22
-4.3,-1.9,447,22
-4.3,-1.9,447,22
-4.3,-1.9,447,22
-4.3,-1.8,447,22
-4.3,-1.8,447,22
-4.3,-1.8,447,22
-4.3,-1.8,447,22
-4.3,-1.8,447,22
-4.3,-1.8,447,22
-4.3,-1.8,447,22
-4.3,-1.8,447,22
-4.3,-1.8,447,22
-4.3,-1.8,447,22
-4.3,-1.8,447,22
-4.3,-1.8,447,22
-4.1,-1.8,447,22
-4.1,-1.8,447,22
-4.1,-1.8,447,22
-4.1,-1.8,447,22
-4.1,-1.7,447,22
-4.1,-1.7,447,22
-4.1,-1.7,447,22
-4.1,-1.7,447,22
-4,-1.7,447,22
-4,-1.7,447,22
-4,-1.7,447,22
-4,-1.7,447,22
-4.1,-1.7,447,22
-4.1,-1.7,447,22
-4.1,-1.7,447,22
-4.2,-1.8,447,22
-4.2,-1.8,447,22
-4.2,-1.8,447,22
-4.2,-1.8,447,22
-4.3,-1.9,447.1,22
-4.3,-1.9,447.1,22
-4.3,-1.9,447.1,22
-4.3,-1.9,447.1,22
-4.2,-1.9,447.1,22
-4.2,-1.9,447.1,22
-4.2,-1.9,447.1,22
-4.2,-1.9,447.1,22
-4.3,-1.9,447.1,22
-4.3,-1.9,447.1,22
-4.3,-1.9,447.1,22
-4.3,-1.9,447.1,22
-4.1,-1.9,447.1,22
-4.1,-1.8,447.1,22
-4.1,-1.8,447.1,22
-4.1,-1.8,447.1,22
-4.1,-1.8,447.1,22
-4.1,-1.7,447.1,22
-4.1,-1.7,447.1,22
-4.1,-1.7,447.1,22
-4.1,-1.7,447.1,22
-4.1,-1.8,447.1,22
-4.1,-1.8,447.1,22
-4.1,-1.8,447.1,22
-4.1,-1.8,447.1,22
-4.1,-1.8,447,22
-4.1,-1.8,447,22
-4.1,-1.8,447,22
-4.1,-1.8,447,22
-4,-1.8,447.1,22
-4,-1.8,447.1,22
-4,-1.8,447.1,22
-4,-1.8,447.1,22
-4.3,-1.9,447.1,22
-4.3,-1.9,447.1,22
-4.3,-1.9,447.1,22
-4.3,-1.9,447.1,22
-4.2,-1.8,447.1,22
-4.2,-1.8,447.1,22
-4.2,-1.8,447.1,22
-4.2,-1.8,447.1,22
-4.3,-1.8,447.1,22
-4.3,-1.8,447.1,22
-4.3,-1.8,447.1,22
-4.3,-1.8,447.1,22
-4.3,-1.8,447.1,22
-4.2,-1.7,447.1,22
-4.2,-1.7,447.1,22
-4.2,-1.7,447.1,22
-4.2,-1.7,447.1,22
-4.2,-1.7,447.1,22
-4.2,-1.8,447.1,22
-4.2,-1.8,447.1,22
-4.2,-1.8,447.1,22
-4.2,-1.8,447.1,22
-4.2,-1.9,447.1,22
-4.2,-1.9,447.1,22
-4.2,-1.9,447.1,22
-4.2,-1.9,447.1,22
-4.3,-1.9,447.1,22
-4.3,-1.9,447.1,22
-4.3,-1.9,447.1,22
-4.3,-1.9,447.1,22
-4.3,-1.9,447.1,22
-4.1,-1.8,447.1,22
-4.1,-1.8,447.1,22
-4.1,-1.8,447.1,22
-4.1,-1.8,447.1,22
-4.1,-1.8,447.1,22
-4.1,-1.9,447.1,22
-4.1,-1.9,447.1,22
-4.1,-1.9,447.1,22
-4.1,-1.9,447.1,22
-4.1,-1.9,447.1,22
-4,-1.8,447.1,22
-4,-1.8,447.1,22
-4,-1.8,447.1,22
-4,-1.8,447.1,22
-3.9,-1.8,447.1,22
-3.9,-1.8,447.1,22
-3.9,-1.8,447.1,22
-3.9,-1.8,447.1,22
-4.1,-1.8,447.1,22
-4.1,-1.8,447.1,22
-4.1,-1.8,447.1,22
-4.1,-1.8,447.1,22
-4.1,-1.8,447.1,22
-4.1,-1.8,447.1,22
-4.1,-1.8,447.1,22
-4.1,-1.8,447.1,22
-4.1,-1.8,447.1,22
-4.2,-1.9,447.2,22
-4.2,-1.9,447.2,22
-4.2,-1.9,447.2,22
-4.2,-1.9,447.2,22
-4.3,-1.8,447.2,22
-4.3,-1.8,447.2,22
-4.3,-1.8,447.2,22
-4.3,-1.8,447.2,22
-4.2,-1.9,447.2,22
-4.2,-1.9,447.2,22
-4.2,-1.9,447.2,22
-4.2,-1.9,447.2,22
-4.1,-1.9,447.2,22
-4.1,-1.7,447.1,22
-4.1,-1.7,447.1,22
-4.1,-1.7,447.1,22
-4,-1.7,447.1,22
-4,-1.7,447.1,22
-4,-1.7,447.1,22
-4,-1.7,447.1,22
-4,-1.7,447.1,22
-4.3,-1.7,447.1,22
-4.3,-1.9,447.2,22
-4.3,-1.9,447.2,22
-4.3,-1.9,447.2,22
-4.3,-1.9,447.2,22
-4.1,-1.7,447.2,22
-4.1,-1.7,447.2,22
-4.1,-1.7,447.2,22
-4.1,-1.7,447.2,22
-4.1,-1.7,447.2,22
-4,-1.8,447.2,22
-4,-1.8,447.2,22
-4,-1.8,447.2,22
-4,-1.8,447.2,22
-4.3,-1.9,447.2,22
-4.3,-1.9,447.2,22
-4.3,-1.9,447.2,22
-4.3,-1.9,447.2,22
-4.3,-1.9,447.2,22
-4.1,-1.8,447.2,22
-4.1,-1.8,447.2,22
-4.1,-1.8,447.2,22
-4.1,-1.8,447.2,22
-4.3,-1.8,447.2,22
-4.3,-1.8,447.2,22
-4.3,-1.8,447.2,22
-4.2,-1.9,447.2,22
-4.2,-1.9,447.2,22
-4.2,-1.9,447.2,22
-4.2,-1.9,447.2,22
-4.2,-1.9,447.2,22
-4.1,-1.7,447.2,22
-4.1,-1.7,447.2,22
-4.1,-1.7,447.2,22
-4.1,-1.7,447.2,22
-4.1,-1.7,447.2,22
-4.2,-1.9,447.2,22
-4.2,-1.9,447.2,22
-4.2,-1.9,447.2,22
-4.2,-1.9,447.2,22
-4.3,-1.8,447.2,22
-4.3,-1.8,447.2,22
-4.3,-1.8,447.2,22
-4.3,-1.8,447.2,22
-4.3,-1.8,447.2,22
-4.3,-1.8,447.2,22
-4.3,-1.8,447.2,22
-4.3,-1.8,447.2,22
-4.3,-1.8,447.2,22
-4,-1.8,447.2,22
-4,-1.8,447.2,22
-4,-1.8,447.2,22
-4,-1.8,447.2,22
-4,-1.8,447.2,22
-4,-1.8,447.2,22
-4,-1.8,447.2,22
-4,-1.8,447.2,22
-4,-1.8,447.2,22
-4.3,-1.8,447.3,22
-4.3,-1.8,447.3,22
-4.3,-1.8,447.3,22
-4.3,-1.8,447.3,22
-4.2,-1.8,447.3,22
-4.2,-1.8,447.3,22
-4.2,-1.8,447.3,22
-4.2,-1.8,447.3,22
-4.2,-1.8,447.3,22
-4,-1.8,447.2,22
-4,-1.8,447.2,22
-4,-1.8,447.2,22
-4,-1.8,447.2,22
-4,-1.7,447.2,22
-4,-1.7,447.2,22
-4,-1.7,447.2,22
-4,-1.7,447.2,22
-4.1,-1.7,447.2,22
-4.1,-1.7,447.2,22
-4.1,-1.7,447.2,22
-4.1,-1.7,447.2,22
-4.2,-1.9,447.3,22
-4.2,-1.9,447.3,22
-4.2,-1.9,447.3,22
-4.2,-1.9,447.3,22
-4.1,-1.8,447.2,22
-4.1,-1.8,447.2,22
-4.1,-1.8,447.2,22
-3.9,-1.8,447.2,22
-3.9,-1.7,447.2,22
-3.9,-1.7,447.2,22
-3.9,-1.7,447.2,22
-3.9,-1.7,447.2,22
-4.1,-1.8,447.3,22
-4.1,-1.8,447.3,22
-4.1,-1.8,447.3,22
-4.1,-1.8,447.3,22
-4.1,-1.8,447.3,22
-4.1,-1.8,447.3,22
-4.1,-1.8,447.3,22
-4.1,-1.8,447.3,22
-4.1,-1.8,447.3,22
-4.1,-1.8,447.3,22
-4.1,-1.8,447.3,22
-4,-1.8,447.3,22
-4,-1.8,447.3,22
-4,-1.8,447.3,22
-4,-1.8,447.3,22
-4.2,-1.7,447.3,22
-4.2,-1.7,447.3,22
-4.2,-1.7,447.3,22
-4.2,-1.7,447.3,22
-4,-1.8,447.3,22
-4,-1.8,447.3,22
-4,-1.8,447.3,22
-4,-1.8,447.3,22
-4.1,-1.8,447.3,22
-4.1,-1.8,447.3,22
-4.1,-1.8,447.3,22
-4.1,-1.8,447.3,22
-4.1,-1.8,447.3,22
-4.1,-1.8,447.3,22
-4.1,-1.8,447.3,22
-4.1,-1.8,447.3,22
-4,-1.8,447.3,22
-4,-1.8,447.3,22
-4,-1.8,447.3,22
-4,-1.8,447.3,22
-4.1,-1.7,447.3,22
-4.1,-1.7,447.3,22
-4.1,-1.7,447.3,22
-4.1,-1.7,447.3,22
-4.1,-1.8,447.3,22
-4.1,-1.8,447.3,22
-4.1,-1.8,447.3,22
-4.1,-1.8,447.3,22
-4,-1.7,447.3,22
-4,-1.7,447.3,22
-4,-1.7,447.3,22
-4,-1.7,447.3,22
-4.2,-1.8,447.3,22
-4.2,-1.8,447.3,22
-4.2,-1.8,447.3,22
-4.2,-1.8,447.3,22
-4.2,-1.8,447.3,22
-4.3,-1.9,447.4,22
-4.3,-1.9,447.4,22
-4.3,-1.9,447.4,22
-4.3,-1.9,447.4,22
-4.1,-1.9,447.4,22
-4.1,-1.7,447.3,22
-4.1,-1.7,447.3,22
-4.1,-1.7,447.3,22
-4.1,-1.7,447.3,22
-4.1,-1.9,447.3,22
-4.1,-1.9,447.4,22
-4.1,-1.9,447.4,22
-4.1,-1.9,447.4,22
-4.1,-1.9,447.4,22
-4.3,-1.8,447.4,22
-4.3,-1.8,447.4,22
-4.3,-1.8,447.4,22
-4.3,-1.8,447.4,22
-4.3,-1.9,447.4,22
-4.3,-1.9,447.4,22
-4.3,-1.9,447.4,22
-4.3,-1.9,447.4,22
-4.3,-1.9,447.4,22
-4.3,-1.9,447.4,22
-4.3,-1.9,447.4,22
-4.4,-1.9,447.4,22
-4.4,-1.8,447.4,22
-4.4,-1.8,447.4,22
-4.4,-1.8,447.4,22
-4.4,-1.8,447.4,22
-4.1,-1.8,447.4,22
-4.1,-1.8,447.4,22
-4.1,-1.8,447.4,22
-4.2,-1.9,447.4,22
-4.2,-1.9,447.4,22
-4.2,-1.9,447.4,22
-4.1,-1.8,447.4,22
-4.1,-1.8,447.4,22
-4.1,-1.8,447.4,22
-4.1,-1.8,447.4,22
-4.1,-1.8,447.4,22
-4.1,-1.8,447.4,22
-4.1,-1.8,447.4,22
-4.1,-1.8,447.4,22
-4.1,-1.8,447.4,22
-4.1,-1.8,447.4,22
-4.1,-1.8,447.4,22
-4.1,-1.8,447.4,22
-4.1,-1.8,447.4,22
-4.2,-1.8,447.4,22
-4.2,-1.8,447.4,22
-4.2,-1.8,447.4,22
-4.2,-1.8,447.4,22
-4.2,-1.8,447.4,22
-4,-1.8,447.4,22
-4,-1.8,447.4,22
-4,-1.8,447.4,22
-4,-1.8,447.4,22
-4.2,-1.8,447.4,22
-4.2,-1.9,447.4,22
-4.2,-1.9,447.4,22
-4.2,-1.9,447.4,22
-4.4,-1.9,447.4,22
-4.4,-1.9,447.5,22
-4.4,-1.9,447.5,22
-4.4,-1.9,447.5,22
-4.4,-1.9,447.5,22
-4.3,-1.8,447.5,22
-4.3,-1.8,447.5,22
-4.3,-1.8,447.5,22
-4.3,-1.8,447.5,22
-4.1,-1.8,447.5,22
-4.1,-1.8,447.4,22
-4.1,-1.8,447.4,22
-4.1,-1.8,447.4,22
-4,-1.8,447.4,22
-4,-1.7,447.4,22
-4,-1.7,447.4,22
-4,-1.7,447.4,22
-4,-1.7,447.4,22
-4,-1.8,447.4,22
-4,-1.8,447.4,22
-4,-1.8,447.4,22
-4,-1.8,447.4,22
-4.2,-1.8,447.4,22
-4.2,-1.8,447.4,22
-4.2,-1.8,447.4,22
-3.9,-1.8,447.4,22
-3.9,-1.8,447.4,22
-3.9,-1.8,447.4,22
-3.9,-1.8,447.4,22
-4.1,-1.7,447.4,22
-4.1,-1.7,447.4,22
-4.1,-1.7,447.4,22
-4.1,-1.7,447.4,22
-4.2,-1.8,447.5,22
-4.2,-1.8,447.5,22
-4.2,-1.8,447.5,22
-4.3,-1.8,447.5,22
-4.3,-1.8,447.5,22
-4.3,-1.8,447.5,22
-4.3,-1.8,447.5,22
-4.2,-1.8,447.5,22
-4.2,-1.8,447.5,22
-4.2,-1.8,447.5,22
-4.2,-1.8,447.5,22
-4.2,-1.8,447.5,22
-4.2,-1.8,447.5,22
-4.2,-1.8,447.5,22
-4.2,-1.8,447.5,22
-4.2,-1.8,447.5,22
-4.1,-1.7,447.5,22
-4.1,-1.7,447.5,22
-4.1,-1.7,447.5,22
-4.1,-1.7,447.5,22
-4.1,-1.8,447.5,22
-4.1,-1.8,447.5,22
-4.1,-1.8,447.5,22
-4.1,-1.8,447.5,22
-4.1,-1.8,447.5,22
-4.1,-1.8,447.5,22
-4.1,-1.8,447.5,22
-4.1,-1.8,447.5,22
-4.3,-1.8,447.5,22
-4.3,-1.9,447.5,22
-4.3,-1.9,447.5,22
-4.3,-1.9,447.5,22
-3.9,-1.8,447.5,22
-3.9,-1.8,447.5,22
-3.9,-1.8,447.5,22
-3.9,-1.8,447.5,22
-3.9,-1.8,447.5,22
-4.3,-1.8,447.5,22
-4.3,-1.8,447.5,22
-4.3,-1.8,447.5,22
-4.3,-1.8,447.5,22
-4.3,-1.9,447.6,22
-4.3,-1.9,447.6,22
-4.3,-1.9,447.6,22
-4.3,-1.9,447.6,22
-4.3,-1.8,447.5,22
-4.3,-1.8,447.5,22
-4.3,-1.8,447.5,22
-4.1,-1.8,447.5,22
-4.1,-1.8,447.5,22
-4.1,-1.8,447.5,22
-3.9,-1.8,447.5,22
-3.9,-1.8,447.5,22
-3.9,-1.8,447.5,22
-3.9,-1.8,447.5,22
-4.1,-1.8,447.5,22
-4.1,-1.8,447.5,22
-4.1,-1.8,447.5,22
-4.1,-1.8,447.5,22
-4,-1.8,447.5,22
-4,-1.8,447.5,22
-4,-1.8,447.5,22
-4,-1.8,447.5,22
-4.1,-1.8,447.5,22
-4.1,-1.8,447.5,22
-4.1,-1.8,447.5,22
-4.1,-1.8,447.5,22
-4.1,-1.8,447.5,22
-4.1,-1.8,447.5,22
-4.1,-1.8,447.5,22
-4.1,-1.8,447.5,22
-4.1,-1.8,447.5,22
-4.3,-1.8,447.5,22
-4.3,-1.8,447.5,22
-4.3,-1.8,447.5,22
-4.3,-1.8,447.5,22
-4.3,-1.8,447.5,22
-4.1,-1.8,447.5,22
-4.1,-1.8,447.5,22
-4.1,-1.8,447.5,22
-4.1,-1.8,447.5,22
-4.1,-1.8,447.5,22
-4.3,-1.9,447.6,22
-4.3,-1.9,447.6,22
-4.3,-1.9,447.6,22
-4.3,-1.9,447.6,22
-4.2,-1.9,447.6,22
-4.2,-1.7,447.6,22
-4.2,-1.7,447.6,22
-4.2,-1.7,447.6,22
-4.2,-1.7,447.6,22
-4,-1.8,447.6,22
-4,-1.8,447.6,22
-4,-1.8,447.6,22
-4,-1.8,447.6,22
-4,-1.8,447.6,22
-4,-1.8,447.6,22
-4,-1.8,447.6,22
-4.2,-1.8,447.6,22
-4.2,-1.8,447.6,22
-4.2,-1.8,447.6,22
-4.2,-1.8,447.6,22
-4.1,-1.8,447.6,22
-4.1,-1.7,447.6,22
-4.1,-1.7,447.6,22
-4.1,-1.7,447.6,22
-4.1,-1.7,447.6,22
-4.1,-1.7,447.6,22
-4.1,-1.7,447.6,22
-4.1,-1.7,447.6,22
-4.1,-1.7,447.6,22
-4,-1.8,447.6,22
-4,-1.8,447.6,22
-4,-1.8,447.6,22
-4,-1.8,447.6,22
-4.1,-1.8,447.6,22
-4.1,-1.8,447.6,22
-4.1,-1.8,447.6,22
-4.1,-1.8,447.6,22
-4.2,-1.9,447.6,22
-4.2,-1.9,447.6,22
-4.2,-1.9,447.6,22
-4.2,-1.9,447.6,22
-4.2,-1.9,447.6,22
-4.3,-1.9,447.7,22
-4.3,-1.9,447.7,22
-4.3,-1.9,447.7,22
-4.3,-1.9,447.7,22
-4.1,-1.8,447.6,22
-4.1,-1.8,447.6,22
-4.1,-1.8,447.6,22
-4.1,-1.8,447.6,22
-4.1,-1.8,447.6,22
-4.1,-1.8,447.6,22
-4.1,-1.8,447.6,22
-4.1,-1.8,447.6,22
-4,-1.8,447.6,22
-4,-1.8,447.6,22
-4,-1.8,447.6,22
-4,-1.8,447.6,22
-4.1,-1.8,447.6,22
-4.1,-1.8,447.6,22
-4.1,-1.8,447.6,22
-4.1,-1.8,447.6,22
-4.1,-1.8,447.6,22
-4.1,-1.8,447.6,22
-4.1,-1.8,447.7,22
-4.1,-1.8,447.7,22
-4.1,-1.8,447.7,22
-4.3,-1.8,447.7,22
-4.3,-1.9,447.7,22
-4.3,-1.9,447.7,22
-4.1,-1.9,447.7,22
-4.1,-1.8,447.6,22
-4.1,-1.8,447.6,22
-4.1,-1.8,447.6,22
-4.1,-1.7,447.6,22
-4.1,-1.7,447.6,22
-4.1,-1.7,447.6,22
-4.1,-1.7,447.6,22
-4.2,-1.8,447.7,22
-4.2,-1.8,447.7,22
-4.2,-1.8,447.7,22
-4.2,-1.8,447.7,22
-4.3,-1.8,447.7,22
-4.3,-1.8,447.7,22
-4.3,-1.8,447.7,22
-4.3,-1.8,447.7,22
-4.2,-1.8,447.7,22
-4.2,-1.8,447.7,22
-4.2,-1.8,447.7,22
-4.3,-1.8,447.7,22
-4.3,-1.8,447.7,22
-4.3,-1.8,447.7,22
-4.3,-1.8,447.7,22
-4.3,-1.8,447.7,22
-4,-1.7,447.7,22
-4,-1.7,447.7,22
-4,-1.7,447.7,22
-4,-1.7,447.7,22
-4.1,-1.7,447.7,22
-4.1,-1.8,447.7,22
-4.1,-1.8,447.7,22
-4.1,-1.8,447.7,22
-4.1,-1.8,447.7,22
-4.3,-1.9,447.7,22
-4.3,-1.9,447.7,22
-4.3,-1.9,447.7,22
-4.3,-1.9,447.7,22
-4.3,-1.9,447.7,22
-4.1,-1.8,447.7,22
-4.1,-1.8,447.7,22
-4.1,-1.8,447.7,22
-4.1,-1.8,447.7,22
-4,-1.8,447.7,22
-4,-1.8,447.7,22
-4,-1.8,447.7,22
-4,-1.8,447.7,22
-4.1,-1.8,447.7,22
-4.1,-1.8,447.7,22
-4.1,-1.8,447.7,22
-4.1,-1.8,447.7,22
-4.1,-1.8,447.7,22
-4.1,-1.8,447.7,22
-4.1,-1.8,447.7,22
-4.1,-1.8,447.7,22
-4.1,-1.8,447.7,22
-4,-1.9,447.7,22
-4,-1.9,447.7,22
-4,-1.9,447.7,22
-4,-1.9,447.7,22
-4.2,-1.9,447.8,22
-4.2,-1.9,447.8,22
-4.2,-1.9,447.8,22
-4.2,-1.9,447.8,22
-4.3,-1.9,447.8,22
-4.3,-1.9,447.8,22
-4.3,-1.9,447.8,22
-4.1,-1.8,447.8,22
-4.1,-1.8,447.7,22
-4.1,-1.8,447.7,22
-4.1,-1.8,447.7,22
-4.1,-1.8,447.7,22
-4.3,-1.9,447.8,22
-4.3,-1.9,447.8,22
-4.3,-1.9,447.8,22
-4.3,-1.9,447.8,22
-4.3,-1.9,447.8,22
-4.3,-1.8,447.8,22
-4.3,-1.8,447.8,22
-4.3,-1.8,447.8,22
-4.3,-1.8,447.8,22
-4.3,-1.7,447.7,22
-4.3,-1.7,447.7,22
-4.3,-1.7,447.7,22
-4.1,-1.7,447.7,22
-4.1,-1.8,447.8,22
-4.1,-1.8,447.8,22
-4.1,-1.8,447.8,22
-4.1,-1.8,447.8,22
-4,-1.8,447.8,22
-4,-1.9,447.8,22
-4,-1.9,447.8,22
-4,-1.9,447.8,22
-4.2,-1.9,447.8,22
-4.2,-1.9,447.8,22
-4.2,-1.9,447.8,22
-4.2,-1.9,447.8,22
-4.3,-1.9,447.8,22
-4.3,-1.9,447.8,22
-4.3,-1.9,447.8,22
-4.3,-1.9,447.8,22
-4.1,-1.9,447.8,22
-4.1,-1.9,447.8,22
-4.1,-1.9,447.8,22
-4.1,-1.9,447.8,22
-4.1,-1.8,447.8,22
-4.1,-1.8,447.8,22
-4.1,-1.8,447.8,22
-4.1,-1.8,447.8,22
-4,-1.8,447.8,22
-4,-1.8,447.8,22
-4,-1.8,447.8,22
-4,-1.8,447.8,22
-4,-1.8,447.8,22
-4.3,-1.8,447.8,22
-4.3,-1.8,447.8,22
-4.3,-1.8,447.8,22
-4.3,-1.8,447.8,22
-4.3,-1.9,447.8,22
-4.3,-1.9,447.8,22
-4.3,-1.9,447.8,22
-4.3,-1.9,447.8,22
-4.3,-1.8,447.8,22
-4.3,-1.8,447.8,22
-4.3,-1.8,447.8,22
-4.3,-1.8,447.8,22
-4.2,-1.8,447.8,22
-4.2,-1.8,447.8,22
-4.2,-1.8,447.8,22
-4.2,-1.8,447.8,22
-4.3,-1.9,447.9,22
-4.3,-1.9,447.9,22
-4.3,-1.9,447.9,22
-4.3,-1.9,447.9,22
-4.2,-1.8,447.8,22
-4.2,-1.8,447.8,22
-4.2,-1.8,447.8,22
-4.2,-1.8,447.8,22
-4.3,-1.8,447.8,22
-4.3,-1.8,447.8,22
-4.3,-1.8,447.8,22
-4.3,-1.8,447.8,22
-4.3,-1.8,447.8,22
-4.3,-1.8,447.8,22
-4.3,-1.8,447.8,22
-4.3,-1.8,447.8,22
-4.3,-1.8,447.9,22
-4.3,-1.8,447.9,22
-4.3,-1.8,447.9,22
-4.3,-1.8,447.9,22
-4.3,-1.9,447.9,22
-4.3,-1.9,447.9,22
-4.3,-1.9,447.9,22
-4.3,-1.9,447.9,22
-4.3,-1.9,447.9,22
-4.3,-1.9,447.9,22
-4.3,-1.9,447.9,22
-4,-1.7,447.8,22
-4,-1.7,447.8,22
-4,-1.7,447.8,22
-4.2,-1.7,447.8,22
-4.2,-1.7,447.8,22
-4.2,-1.7,447.8,22
-4.2,-1.7,447.8,22
-4.2,-1.7,447.8,22
-4.2,-1.8,447.8,22
-4.2,-1.8,447.9,22
-4.2,-1.8,447.9,22
-4.2,-1.8,447.9,22
-4.3,-1.9,447.9,22
-4.3,-1.9,447.9,22
-4.3,-1.9,447.9,22
-4.3,-1.9,447.9,22
-4.3,-1.9,447.9,22
-4.3,-1.8,447.9,22
-4.3,-1.8,447.9,22
-4.3,-1.8,447.9,22
-4.3,-1.8,447.9,22
-4,-1.8,447.9,22
-4,-1.7,447.8,22
-4,-1.7,447.8,22
-4,-1.7,447.8,22
-4,-1.7,447.8,22
-4.3,-1.7,447.8,22
-4.3,-1.9,447.9,22
-4.3,-1.9,447.9,22
-4.3,-1.9,447.9,22
-4.3,-1.9,447.9,22
-4.2,-1.8,447.9,22
-4.2,-1.8,447.9,22
-4.2,-1.8,447.9,22
-4.3,-1.8,447.9,22
-4.3,-1.8,447.9,22
-4.3,-1.8,447.9,22
-4.3,-1.8,447.9,22
-4.2,-1.8,447.9,22
-4.2,-1.9,447.9,22
-4.2,-1.9,447.9,22
-4.2,-1.9,447.9,22
-4.2,-1.9,447.9,22
-4.2,-1.8,447.9,22
-4.2,-1.8,447.9,22
-4.2,-1.8,447.9,22
-4.2,-1.8,447.9,22
-4.2,-1.9,448,22
-4.2,-1.9,448,22
-4.2,-1.9,448,22
-4.3,-1.9,448,22
-4.3,-1.9,447.9,22
-4.3,-1.9,447.9,22
-4.3,-1.9,447.9,22
-4.2,-1.9,447.9,22
-4.2,-1.9,447.9,22
-4.2,-1.9,447.9,22
-4.2,-1.9,447.9,22
-4.2,-1.9,447.9,22
-4.2,-1.9,447.9,22
-4.2,-1.9,447.9,22
-4.2,-1.9,447.9,22
-4.1,-1.8,447.9,22
-4.1,-1.8,447.9,22
-4.1,-1.8,447.9,22
-4.1,-1.8,447.9,22
-4.1,-1.9,447.9,22
-4.1,-1.9,447.9,22
-4.1,-1.9,447.9,22
-4.1,-1.9,447.9,22
-4.3,-1.9,447.9,22
-4.3,-1.9,448,22
-4.3,-1.9,448,22
-4.3,-1.9,448,22
-4.3,-1.9,448,22
-4.2,-1.8,448,22
-4.2,-1.8,448,22
-4.2,-1.8,448,22
-4.2,-1.8,448,22
-4.1,-1.8,448,22
-4.1,-1.8,448,22
-4.1,-1.8,448,22
-4.1,-1.8,448,22
-4.1,-1.8,448,22
-4.1,-1.8,448,22
-4.1,-1.8,448,22
-4.1,-1.8,448,22
-4.2,-1.8,448,22
-4.2,-1.8,448,22
-4.2,-1.8,448,22
-4.2,-1.8,448,22
-4,-1.8,448,22
-4,-1.8,448,22
-4,-1.8,448,22
-4,-1.8,448,22
-4,-1.8,448,22
-4.3,-1.9,448,22
-4.3,-1.9,448,22
-4.3,-1.9,448,22
-4.1,-1.9,448,22
-4.1,-1.7,447.9,22
-4.1,-1.7,447.9,22
-4.1,-1.7,447.9,22
-4.2,-1.8,448,22
-4.2,-1.8,448,22
-4.2,-1.8,448,22
-4.3,-1.9,448,22
-4.3,-1.9,448,22
-4.3,-1.9,448,22
-4.3,-1.9,448,22
-4.3,-1.9,448,22
-4.2,-1.8,448,22
-4.2,-1.8,448,22
-4.2,-1.8,448,22
-4.2,-1.8,448,22
-4.2,-1.8,448,22
-4.2,-1.8,448,22
-4.2,-1.8,448,22
-4.2,-1.8,448,22
-4.2,-1.7,448,22
-4.2,-1.7,448,22
-4.2,-1.7,448,22
-4.2,-1.7,448,22
-4.1,-1.7,448,22
-4.1,-1.7,448,22
-4.1,-1.7,448,22
-4.1,-1.7,448,22
-4.1,-1.7,448,22
-4.1,-1.7,448,22
-4.1,-1.7,448,22
-4.1,-1.7,448,22
-4.1,-1.7,448,22
-4.1,-1.7,448,22
-4.1,-1.7,448,22
-4.1,-1.7,448,22
-4.2,-1.7,448,22
-4.2,-1.8,448,22
-4.2,-1.8,448,22
-4.2,-1.8,448,22
-4.2,-1.8,448,22
-4.3,-1.9,448,22
-4.3,-1.9,448.1,22
-4.3,-1.9,448.1,22
-4.3,-1.9,448.1,22
-4.3,-1.9,448.1,22
-4.3,-1.8,448.1,22
-4.3,-1.8,448.1,22
-4.3,-1.8,448.1,22
-4.3,-1.8,448.1,22
-4.3,-1.8,448.1,22
-4.3,-1.8,448.1,22
-4.3,-1.8,448.1,22
-4.3,-1.9,448.1,22
-4.3,-1.9,448.1,22
-4.3,-1.9,448.1,22
-4,-1.8,448,22
-4,-1.8,448,22
-4,-1.8,448,22
-4.2,-1.8,448,22
-4.2,-1.8,448.1,22
-4.2,-1.8,448.1,22
-4.2,-1.8,448.1,22
-4.2,-1.8,448.1,22
-4.2,-1.8,448.1,22
-4.2,-1.8,448.1,22
-4.2,-1.8,448.1,22
-4.4,-1.8,448.1,22
-4.4,-1.8,448.1,22
-4.4,-1.8,448.1,22
-4.4,-1.8,448.1,22
-4.2,-1.9,448.1,22
-4.2,-1.9,448.1,22
-4.2,-1.9,448.1,22
-4.2,-1.9,448.1,22
-4.2,-1.9,448.1,22
-4.2,-1.7,448.1,22
-4.2,-1.7,448.1,22
-4.2,-1.7,448.1,22
-4.2,-1.7,448.1,22
-4.2,-1.8,448.1,22
-4.2,-1.8,448.1,22
-4.2,-1.8,448.1,22
-4.2,-1.8,448.1,22
-3.9,-1.7,448.1,22
-3.9,-1.7,448.1,22
-3.9,-1.7,448.1,22
-3.9,-1.7,448.1,22
-4,-1.7,448.1,22
-4,-1.7,448.1,22
-4,-1.7,448.1,22
-4,-1.7,448.1,22
-4.2,-1.8,448.1,22
-4.2,-1.8,448.1,22
-4.2,-1.8,448.1,22
-4.2,-1.8,448.1,22
-4.3,-1.8,448.1,22
-4.3,-1.9,448.1,22
-4.3,-1.9,448.1,22
-4.3,-1.9,448.1,22
-4.3,-1.9,448.1,22
-4.1,-1.7,448.1,22
-4.1,-1.7,448.1,22
-4.1,-1.7,448.1,22
-4.1,-1.7,448.1,22
-4.1,-1.7,448.1,22
-4.1,-1.8,448.1,22
-4.1,-1.8,448.1,22
-4.1,-1.8,448.1,22
-4,-1.8,448.1,22
-4,-1.8,448.1,22
-4,-1.8,448.1,22
-4,-1.8,448.1,22
-4,-1.8,448.1,22
-4.2,-1.9,448.1,22
-4.2,-1.9,448.1,22
-4.2,-1.9,448.1,22
-4.1,-1.9,448.1,22
-4.1,-1.7,448.1,22
-4.1,-1.7,448.1,22
-4.1,-1.7,448.1,22
-4.1,-1.7,448.1,22
-4.2,-1.8,448.2,22
-4.2,-1.8,448.2,22
-4.2,-1.8,448.2,22
-4.2,-1.8,448.2,22
-4.3,-1.9,448.2,22
-4.3,-1.9,448.2,22
-4.3,-1.9,448.2,22
-4.3,-1.9,448.2,22
-4.3,-1.9,448.2,22
-4.2,-1.8,448.2,22
-4.2,-1.8,448.2,22
-4.2,-1.8,448.2,22
-4.2,-1.8,448.2,22
-4,-1.8,448.2,22
-4,-1.8,448.1,22
-4,-1.8,448.1,22
-4,-1.8,448.1,22
-4,-1.8,448.1,22
-4,-1.8,448.1,22
-4,-1.8,448.1,22
-4,-1.8,448.1,22
-4,-1.7,448.1,22
-4,-1.7,448.1,22
-4,-1.7,448.1,22
-4,-1.7,448.1,22
-4.1,-1.8,448.2,22
-4.1,-1.8,448.2,22
-4.1,-1.8,448.2,22
-4.1,-1.8,448.2,22
-4.1,-1.8,448.1,22
-4.1,-1.8,448.1,22
-4.1,-1.8,448.1,22
-4.1,-1.8,448.1,22
-4,-1.8,448.1,22
-4,-1.8,448.2,22
-4,-1.8,448.2,22
-4,-1.8,448.2,22
-4.2,-1.8,448.2,22
-4.2,-1.9,448.2,22
-4.2,-1.9,448.2,22
-4.2,-1.9,448.2,22
-4.2,-1.9,448.2,22
-4.3,-1.8,448.2,22
-4.3,-1.8,448.2,22
-4.3,-1.8,448.2,22
-4.3,-1.8,448.2,22
-4.2,-1.8,448.2,22
-4.2,-1.7,448.2,22
-4.2,-1.7,448.2,22
-4.2,-1.7,448.2,22
-4.2,-1.7,448.2,22
-4,-1.7,448.2,22
-4,-1.7,448.2,22
-4,-1.7,448.2,22
-4,-1.7,448.2,22
-4,-1.8,448.2,22
-4,-1.8,448.2,22
-4,-1.8,448.2,22
-4,-1.8,448.2,22
-4.1,-1.9,448.2,22
-4.1,-1.9,448.2,22
-4.1,-1.9,448.2,22
-4.1,-1.9,448.2,22
-4.2,-1.9,448.2,22
-4.2,-1.9,448.2,22
-4.2,-1.9,448.2,22
-4.2,-1.9,448.2,22
-4.1,-1.9,448.2,22
-4.1,-1.9,448.2,22
-4.1,-1.9,448.2,22
-4.1,-1.9,448.2,22
-4.1,-1.9,448.2,22
-4.2,-1.8,448.2,22
-4.2,-1.8,448.2,22
-4.2,-1.8,448.2,22
-4.2,-1.8,448.2,22
-4.2,-1.8,448.2,22
-4.2,-1.8,448.2,22
-4.2,-1.8,448.2,22
-4.2,-1.8,448.2,22
-4.1,-1.8,448.2,22
-4.1,-1.8,448.2,22
-4.1,-1.8,448.2,22
-4.1,-1.8,448.2,22
-4.1,-1.8,448.2,22
-4.3,-1.9,448.2,22
-4.3,-1.9,448.3,22
-4.3,-1.9,448.3,22
-4.3,-1.9,448.3,22
-4.2,-1.9,448.3,22
-4.2,-1.8,448.3,22
-4.2,-1.8,448.3,22
-4.2,-1.8,448.3,22
-4.1,-1.8,448.3,22
-4.1,-1.8,448.2,22
-4.1,-1.8,448.2,22
-4.1,-1.8,448.2,22
-4.1,-1.8,448.2,22
-4,-1.7,448.2,22
-4,-1.7,448.2,22
-4,-1.7,448.2,22
-4,-1.7,448.2,22
-4,-1.8,448.2,22
-4,-1.8,448.3,22
-4,-1.8,448.3,22
-4,-1.8,448.3,22
-4.1,-1.7,448.3,22
-4.1,-1.7,448.3,22
-4.1,-1.7,448.3,22
-4.2,-1.7,448.3,22
-4.2,-1.7,448.3,22
-4.2,-1.7,448.3,22
-4.2,-1.7,448.3,22
-4.2,-1.7,448.3,22
-4,-1.8,448.3,22
-4,-1.8,448.3,22
-4,-1.8,448.3,22
-4,-1.8,448.3,22
-4,-1.8,448.3,22
-4,-1.8,448.3,22
-4,-1.8,448.3,22
-4,-1.8,448.3,22
-4,-1.8,448.3,22
-4.2,-1.8,448.3,22
-4.2,-1.8,448.3,22
-4.2,-1.8,448.3,22
-4.2,-1.8,448.3,22
-4.1,-1.8,448.3,22
-4.1,-1.8,448.3,22
-4.1,-1.8,448.3,22
-4.1,-1.8,448.3,22
-4.1,-1.8,448.3,22
-4.1,-1.8,448.3,22
-4.1,-1.8,448.3,22
-4.1,-1.8,448.3,22
-4.1,-1.8,448.3,22
-4.1,-1.8,448.3,22
-4.3,-1.8,448.3,22
-4.3,-1.8,448.3,22
-4.3,-1.8,448.3,22
-4.3,-1.8,448.3,22
-4.2,-1.8,448.3,22
-4.2,-1.8,448.3,22
-4.2,-1.8,448.3,22
-4.2,-1.8,448.3,22
-4.3,-1.8,448.3,22
-4.3,-1.8,448.3,22
-4.3,-1.8,448.3,22
-4.2,-1.8,448.3,22
-4.2,-1.8,448.3,22
-4.2,-1.8,448.3,22
-4.2,-1.8,448.3,22
-4.2,-1.8,448.4,22
-4.2,-1.8,448.4,22
-4.2,-1.8,448.4,22
-4.2,-1.8,448.4,22
-4.3,-1.9,448.4,22
-4.3,-1.9,448.4,22
-4.3,-1.9,448.4,22
-4.3,-1.9,448.4,22
-4.3,-1.9,448.4,22
-4.1,-1.8,448.3,22
-4.1,-1.8,448.3,22
-4.1,-1.8,448.3,22
-4.1,-1.8,448.3,22
-4.2,-1.8,448.3,22
-4.2,-1.9,448.3,22
-4.2,-1.9,448.3,22
-4.2,-1.9,448.3,22
-4.2,-1.9,448.3,22
-4.2,-1.8,448.3,22
-4.2,-1.8,448.4,22
-4.2,-1.8,448.4,22
-4.2,-1.8,448.4,22
-4.2,-1.8,448.4,22
-4.1,-1.8,448.4,22
-4.1,-1.8,448.4,22
-4.1,-1.8,448.4,22
-4.1,-1.8,448.4,22
-4,-1.7,448.4,22
-4,-1.7,448.4,22
-4,-1.7,448.4,22
-4,-1.7,448.4,22
-4,-1.8,448.4,22
-4,-1.8,448.4,22
-4,-1.8,448.4,22
-4,-1.8,448.4,22
-4.3,-1.8,448.4,22
-4.3,-1.9,448.5,22
-4.3,-1.9,448.5,22
-4.3,-1.9,448.5,22
-4.3,-1.9,448.5,22
-4.2,-1.8,448.5,22
-4.2,-1.8,448.5,22
-4.2,-1.8,448.5,22
-4.2,-1.8,448.5,22
-4.2,-1.8,448.5,22
-4.2,-1.8,448.5,22
-4.2,-1.8,448.5,22
-4.2,-1.8,448.5,22
-4.2,-1.8,448.5,22
-4.2,-1.7,448.4,22
-4.2,-1.7,448.4,22
-4.2,-1.7,448.4,22
-4.1,-1.7,448.4,22
-4.1,-1.8,448.4,22
-4.1,-1.8,448.4,22
-4.1,-1.8,448.4,22
-4.1,-1.8,448.4,22
-4,-1.8,448.4,22
-4,-1.8,448.4,22
-4,-1.8,448.4,22
-4,-1.8,448.4,22
-4.1,-1.8,448.5,22
-4.1,-1.8,448.5,22
-4.1,-1.8,448.5,22
-4.1,-1.8,448.5,22
-4.3,-1.8,448.5,22
-4.3,-1.9,448.5,22
-4.3,-1.9,448.5,22
-4.3,-1.9,448.5,22
-4.3,-1.9,448.5,22
-4.1,-1.8,448.5,22
-4.1,-1.8,448.5,22
-4.1,-1.8,448.5,22
-4.1,-1.8,448.5,22
-4.1,-1.8,448.5,22
-4.1,-1.8,448.5,22
-4.1,-1.8,448.5,22
-4.1,-1.8,448.5,22
-4,-1.8,448.5,22
-4,-1.8,448.5,22
-4,-1.8,448.5,22
-4,-1.8,448.5,22
-4,-1.8,448.5,22
-4.3,-1.8,448.5,22
-4.3,-1.8,448.5,22
-4.3,-1.8,448.5,22
-4.3,-1.8,448.5,22
-4.3,-1.8,448.5,22
-4,-1.8,448.5,22
-4,-1.8,448.5,22
-4,-1.8,448.5,22
-4,-1.8,448.5,22
-4.1,-1.8,448.5,22
-4.1,-1.8,448.5,22
-4.1,-1.8,448.5,22
-4.1,-1.8,448.5,22
-4.2,-1.8,448.5,22
-4.2,-1.8,448.5,22
-4.2,-1.8,448.5,22
-4.2,-1.8,448.5,22
-4.2,-1.8,448.5,22
-4.2,-1.8,448.5,22
-4.2,-1.8,448.5,22
-4.2,-1.8,448.5,22
-4.1,-1.7,448.5,22
-4.1,-1.7,448.5,22
-4.1,-1.7,448.5,22
-4.1,-1.7,448.5,22
-4.3,-1.7,448.5,22
-4.3,-1.9,448.6,22
-4.3,-1.9,448.6,22
-4.3,-1.9,448.6,22
-4.3,-1.9,448.6,22
-4.3,-1.9,448.6,22
-4.3,-1.9,448.6,22
-4.3,-1.9,448.6,22
-4.3,-1.9,448.6,22
-4.1,-1.8,448.6,22
-4.1,-1.8,448.5,22
-4.1,-1.8,448.5,22
-4.1,-1.8,448.5,22
-4.1,-1.8,448.5,22
-4,-1.8,448.5,22
-4,-1.8,448.5,22
-4,-1.8,448.5,22
-4,-1.8,448.5,22
-4.1,-1.7,448.5,22
-4.1,-1.7,448.5,22
-4.1,-1.7,448.5,22
-4.1,-1.7,448.5,22
-4.3,-1.9,448.5,22
-4.3,-1.9,448.6,22
-4.3,-1.9,448.6,22
-4.3,-1.9,448.6,22
-4.3,-1.9,448.6,22
-4.3,-1.8,448.5,22
-4.3,-1.8,448.5,22
-4.3,-1.8,448.5,22
-4.3,-1.8,448.5,22
-4.1,-1.8,448.5,22
-4.1,-1.7,448.5,22
-4.1,-1.7,448.5,22
-4.1,-1.7,448.5,22
-4.1,-1.7,448.5,22
-4.3,-1.9,448.5,22
-4.3,-1.9,448.6,22
-4.3,-1.9,448.6,22
-4.3,-1.9,448.6,22
-4.2,-1.9,448.6,22
-4.2,-1.8,448.6,22
-4.2,-1.8,448.6,22
-4.2,-1.8,448.6,22
-4.2,-1.9,448.6,22
-4.2,-1.9,448.6,22
-4.2,-1.9,448.6,22
-4.1,-1.9,448.6,22
-4.1,-1.8,448.6,22
-4.1,-1.8,448.6,22
-4.1,-1.8,448.6,22
-4.1,-1.8,448.6,22
-4.3,-1.9,448.6,22
-4.3,-1.9,448.6,22
-4.3,-1.9,448.6,22
-4.3,-1.9,448.6,22
-4.3,-1.9,448.6,22
-4.3,-1.9,448.6,22
-4.3,-1.9,448.6,22
-4.3,-1.9,448.6,22
-4.3,-1.8,448.6,22
-4.3,-1.8,448.6,22
-4.3,-1.8,448.6,22
-4.3,-1.8,448.6,22
-4.3,-1.8,448.6,22
-4.2,-1.7,448.6,22
-4.2,-1.7,448.6,22
-4.2,-1.7,448.6,22
-4.2,-1.7,448.6,22
-4.1,-1.8,448.6,22
-4.1,-1.8,448.6,22
-4.1,-1.8,448.6,22
-4.1,-1.8,448.6,22
-4.1,-1.8,448.6,22
-4.1,-1.8,448.6,22
-4.1,-1.8,448.6,22
-4.1,-1.8,448.6,22
-4.1,-1.8,448.6,22
-4.3,-1.9,448.6,22
-4.3,-1.9,448.6,22
-4.3,-1.9,448.6,22
-4.3,-1.9,448.6,22
-4.3,-1.9,448.6,22
-4.1,-1.8,448.6,22
-4.1,-1.8,448.6,22
-4.1,-1.8,448.6,22
-4.1,-1.8,448.6,22
-4,-1.8,448.6,22
-4,-1.8,448.6,22
-4,-1.8,448.6,22
-4,-1.8,448.6,22
-4.1,-1.8,448.6,22
-4.1,-1.8,448.6,22
-4.1,-1.8,448.6,22
-4.1,-1.8,448.6,22
-4,-1.7,448.6,22
-4,-1.7,448.6,22
-4,-1.7,448.6,22
-4,-1.7,448.6,22
-4,-1.8,448.6,22
-4,-1.8,448.6,22
-4,-1.8,448.6,22
-4,-1.8,448.6,22
-4.1,-1.8,448.6,22
-4.1,-1.8,448.6,22
-4.1,-1.8,448.6,22
-4.1,-1.8,448.6,22
-4.2,-1.8,448.6,22
-4.2,-1.9,448.7,22
-4.2,-1.9,448.7,22
-4.2,-1.9,448.7,22
-4.2,-1.9,448.7,22
-4.3,-1.9,448.7,22
-4.3,-1.9,448.7,22
-4.3,-1.9,448.7,22
-4.3,-1.9,448.7,22
-4.3,-1.9,448.7,22
-4.3,-1.9,448.7,22
-4.3,-1.9,448.7,22
-4.2,-1.9,448.7,22
-4.2,-1.8,448.7,22
-4.2,-1.8,448.7,22
-4.2,-1.8,448.7,22
-4.2,-1.8,448.7,22
-4.3,-1.9,448.7,22
-4.3,-1.9,448.7,22
-4.3,-1.9,448.7,22
-4.3,-1.9,448.7,22
-4.3,-1.9,448.7,22
-4.3,-1.9,448.7,22
-4.3,-1.9,448.7,22
-4.3,-1.9,448.7,22
-4.3,-1.9,448.7,22
-4,-1.8,448.7,22
-4,-1.8,448.7,22
-4,-1.8,448.7,22
-4.1,-1.8,448.7,22
-4.1,-1.7,448.7,22
-4.1,-1.7,448.7,22
-4.1,-1.7,448.7,22
-4.1,-1.7,448.7,22
-4,-1.7,448.7,22
-4,-1.7,448.7,22
-4,-1.7,448.7,22
-4.1,-1.7,448.7,22
-4.1,-1.8,448.7,22
-4.1,-1.8,448.7,22
-4.1,-1.8,448.7,22
-4.2,-1.8,448.7,22
-4.2,-1.8,448.7,22
-4.2,-1.8,448.7,22
-4.2,-1.8,448.7,22
-4.3,-1.9,448.7,22
-4.3,-1.9,448.7,22
-4.3,-1.9,448.7,22
-4.3,-1.9,448.7,22
-4.3,-1.9,448.7,22
-4.3,-1.9,448.7,22
-4.3,-1.9,448.7,22
-4.3,-1.9,448.7,22
-4.2,-1.8,448.7,22
-4.2,-1.8,448.7,22
-4.2,-1.8,448.7,22
-4.2,-1.8,448.7,22
-4.1,-1.8,448.7,22
-4.1,-1.8,448.7,22
-4.1,-1.8,448.7,22
-4.1,-1.8,448.7,22
-4.1,-1.8,448.7,22
-4.2,-1.8,448.7,22
-4.2,-1.8,448.7,22
-4.2,-1.8,448.7,22
-4.2,-1.8,448.7,22
-4.2,-1.8,448.7,22
-4.3,-1.8,448.7,22
-4.3,-1.8,448.7,22
-4.3,-1.8,448.7,22
-4.3,-1.8,448.7,22
-4,-1.8,448.7,22
-4,-1.8,448.7,22
-4,-1.8,448.7,22
-4,-1.8,448.7,22
-4,-1.8,448.7,22
-4.1,-1.8,448.7,22
-4.1,-1.8,448.7,22
-4.1,-1.8,448.7,22
-4.1,-1.8,448.7,22
-4.1,-1.8,448.7,22
-4.1,-1.8,448.7,22
-4.1,-1.8,448.7,22
-4.1,-1.8,448.7,22
-4.1,-1.8,448.7,22
-4.1,-1.8,448.8,22
-4.1,-1.8,448.8,22
-4.1,-1.8,448.8,22
-4.1,-1.8,448.8,22
-4.2,-1.9,448.8,22
-4.2,-1.9,448.8,22
-4.2,-1.9,448.8,22
-4.2,-1.9,448.8,22
-4.2,-1.9,448.8,22
-4.2,-1.8,448.7,22
-4.2,-1.8,448.7,22
-4.2,-1.8,448.7,22
-4.1,-1.8,448.7,22
-4.1,-1.8,448.7,22
-4.1,-1.8,448.7,22
-4.1,-1.8,448.7,22
-4.1,-1.8,448.7,22
-4.1,-1.9,448.7,22
-4.1,-1.9,448.8,22
-4.1,-1.9,448.8,22
-4.1,-1.9,448.8,22
-4.1,-1.9,448.8,22
-4.2,-1.9,448.8,22
-4.2,-1.9,448.8,22
-4.2,-1.9,448.8,22
-4.2,-1.9,448.8,22
-4.3,-1.8,448.8,22
-4.3,-1.8,448.8,22
-4.3,-1.8,448.8,22
-4.3,-1.8,448.8,22
-4.2,-1.8,448.8,22
-4.2,-1.8,448.8,22
-4.2,-1.8,448.8,22
-4.2,-1.8,448.8,22
-4.2,-1.8,448.8,22
-4.2,-1.8,448.8,22
-4.3,-1.9,448.8,22
-4.3,-1.9,448.8,22
-4.3,-1.9,448.8,22
-4.3,-1.9,448.8,22
-4,-1.9,448.8,22
-4,-1.7,448.8,22
-4,-1.7,448.8,22
-4,-1.7,448.8,22
-4.2,-1.8,448.8,22
-4.2,-1.8,448.8,22
-4.2,-1.8,448.8,22
-4.2,-1.8,448.8,22
-4.2,-1.8,448.8,22
-4,-1.8,448.8,22
-4,-1.8,448.8,22
-4,-1.8,448.8,22
-4,-1.8,448.8,22
-4,-1.8,448.8,22
-4.3,-1.8,448.9,22
-4.3,-1.8,448.9,22
-4.3,-1.8,448.9,22
-4.3,-1.8,448.9,22
-4.3,-1.7,448.9,22
-4.3,-1.7,448.8,22
-4.3,-1.7,448.8,22
-4.3,-1.7,448.8,22
-4.1,-1.7,448.8,22
-4.1,-1.7,448.8,22
-4.1,-1.7,448.8,22
-4.1,-1.7,448.8,22
-4.1,-1.7,448.8,22
-4,-1.8,448.8,22
-4,-1.8,448.8,22
-4,-1.8,448.8,22
-4,-1.8,448.8,22
-4.1,-1.8,448.9,22
-4.1,-1.8,448.9,22
-4.1,-1.8,448.9,22
-4.1,-1.8,448.9,22
-4.2,-1.9,448.9,22
-4.2,-1.9,448.9,22
-4.2,-1.9,448.9,22
-4.2,-1.9,448.9,22
-4.2,-1.9,448.9,22
-4.2,-1.8,448.9,22
-4.2,-1.8,448.8,22
-4.2,-1.8,448.8,22
-4.2,-1.8,448.8,22
-4.1,-1.8,448.8,22
-4.1,-1.8,448.9,22
-4.1,-1.8,448.9,22
-4.1,-1.8,448.9,22
-4.1,-1.8,448.9,22
-4.2,-1.9,448.9,22
-4.2,-1.9,448.9,22
-4.2,-1.9,448.9,22
-4.2,-1.9,448.9,22
-4.3,-1.9,448.9,22
-4.3,-1.9,448.9,22
-4.3,-1.9,448.9,22
-4.3,-1.9,448.9,22
-4.3,-1.9,448.9,22
-4,-1.7,448.9,22
-4,-1.7,448.9,22
-4,-1.7,448.9,22
-4,-1.7,448.9,22
-4,-1.7,448.9,22
-4,-1.8,448.9,22
-4,-1.8,448.9,22
-4,-1.8,448.9,22
-4,-1.8,448.9,22
-4.2,-1.9,448.9,22
-4.2,-1.9,448.9,22
-4.2,-1.9,448.9,22
-4.2,-1.9,448.9,22
-4.3,-1.8,448.9,22
-4.3,-1.8,448.9,22
-4.3,-1.8,448.9,22
-4.3,-1.8,448.9,22
-4.3,-1.9,448.9,22
-4.3,-1.9,448.9,22
-4.3,-1.9,448.9,22
-4.3,-1.9,448.9,22
-4.2,-1.9,448.9,22
-4.2,-1.9,448.9,22
-4.2,-1.9,448.9,22
-4.2,-1.9,448.9,22
-4.3,-1.9,448.9,22
-4.3,-1.9,448.9,22
-4.3,-1.9,448.9,22
-4.3,-1.9,448.9,22
-4.3,-1.9,448.9,22
-4.3,-1.9,448.9,22
-4.3,-1.9,448.9,22
-4.3,-1.9,448.9,22
-4.3,-1.9,448.9,22
-4,-1.8,448.9,22
-4,-1.8,448.9,22
-4,-1.8,448.9,22
-4,-1.8,448.9,22
-4.2,-1.7,448.9,22
-4.2,-1.7,448.9,22
-4.2,-1.7,448.9,22
-4.2,-1.7,448.9,22
-4.1,-1.8,448.9,22
-4.1,-1.8,448.9,22
-4.1,-1.8,448.9,22
-4.1,-1.8,448.9,22
-4.1,-1.8,448.9,22
-4.1,-1.8,449,22
-4.1,-1.8,449,22
-4.1,-1.8,449,22
-4.1,-1.8,449,22
-4.3,-1.8,449,22
-4.3,-1.8,449,22
-4.3,-1.8,449,22
-4.3,-1.8,449,22
-4.3,-1.9,449,22
-4.3,-1.9,449,22
-4.3,-1.9,449,22
-4.3,-1.9,449,22
-4.2,-1.9,449,22
-4.2,-1.9,449,22
-4.2,-1.9,449,22
-4.2,-1.9,449,22
-4.3,-1.9,449,22
-4.3,-1.9,449,22
-4.3,-1.9,449,22
-4.3,-1.9,449,22
-4.3,-1.9,449,22
-4.3,-1.9,449,22
-4.3,-1.9,449,22
-4.3,-1.9,449,22
-4.3,-1.8,449,22
-4.3,-1.8,449,22
-4.3,-1.8,449,22
-4.3,-1.8,449,22
-4.3,-1.9,449,22
-4.3,-1.9,449,22
-4.3,-1.9,449,22
-4.3,-1.9,449,22
-4.3,-1.9,449,22
-4.3,-1.9,449,22
-4.3,-1.9,449,22
-4.3,-1.9,449,22
-4.3,-1.9,449,22
-4.1,-1.8,448.9,22
-4.1,-1.8,448.9,22
-4.1,-1.8,448.9,22
-4.1,-1.8,448.9,22
-4.1,-1.8,449,22
-4.1,-1.8,449,22
-4.1,-1.8,449,22
-4.1,-1.8,449,22
-4.2,-1.8,449,22
-4.2,-1.9,449,22
-4.2,-1.9,449,22
-4.2,-1.9,449,22
-4.2,-1.9,449,22
-4.1,-1.9,449,22
-4.1,-1.8,449,22
-4.1,-1.8,449,22
-4.1,-1.8,449,22
-4.1,-1.8,449,22
-4,-1.8,449,22
-4,-1.8,449,22
-4,-1.8,449,22
-4,-1.8,449,22
-4,-1.8,449,22
-4.3,-1.9,449,22
-4.3,-1.9,449,22
-4.3,-1.9,449,22
-4.3,-1.9,449,22
-4.3,-1.8,449.1,22
-4.3,-1.8,449.1,22
-4.3,-1.8,449.1,22
-4.3,-1.8,449.1,22
-4.2,-1.8,449.1,22
-4.2,-1.7,449,22
-4.2,-1.7,449,22
-4.2,-1.7,449,22
-4.2,-1.7,449,22
-4.1,-1.8,449,22
-4.1,-1.8,449,22
-4.1,-1.8,449,22
-4.1,-1.7,449,22
-4.1,-1.7,449,22
-4.1,-1.7,449,22
-4.1,-1.7,449,22
-4.3,-1.8,449,22
-4.3,-1.8,449,22
-4.3,-1.8,449,22
-4.3,-1.8,449,22
-4,-1.8,449,22
-4,-1.7,449,22
-4,-1.7,449,22
-4,-1.7,449,22
-4,-1.7,449,22
-4.1,-1.7,449,22
-4.1,-1.7,449,22
-4.1,-1.7,449,22
-4.1,-1.7,449,22
-4.1,-1.8,449,22
-4.1,-1.8,449,22
-4.1,-1.8,449,22
-4.1,-1.8,449,22
-4.1,-1.8,449,22
-4.1,-1.8,449,22
-4.1,-1.8,449,22
-4.1,-1.8,449,22
-4.3,-1.8,449,22
-4.3,-1.8,449.1,22
-4.3,-1.8,449.1,22
-4.3,-1.8,449.1,22
-4.3,-1.8,449.1,22
-4.2,-1.8,449.1,22
-4.2,-1.8,449.1,22
-4.2,-1.8,449.1,22
-4.2,-1.8,449.1,22
-4,-1.7,449.1,22
-4,-1.7,449.1,22
-4,-1.7,449.1,22
-4,-1.7,449.1,22
-3.9,-1.7,449.1,22
-3.9,-1.8,449.1,22
-3.9,-1.8,449.1,22
-3.9,-1.8,449.1,22
-3.9,-1.8,449.1,22
-4.1,-1.8,449.1,22
-4.1,-1.8,449.1,22
-4.1,-1.8,449.1,22
-4.1,-1.8,449.1,22
-4.2,-1.9,449.1,22
-4.2,-1.9,449.1,22
-4.2,-1.9,449.1,22
-4.2,-1.9,449.1,22
-4.1,-1.8,449.1,22
-4.1,-1.8,449.1,22
-4.1,-1.8,449.1,22
-4,-1.8,449.1,22
-4,-1.8,449.1,22
-4,-1.8,449.1,22
-4,-1.8,449.1,22
-4.1,-1.8,449.1,22
-4.1,-1.8,449.1,22
-4.1,-1.8,449.1,22
-4.1,-1.8,449.1,22
-4.1,-1.8,449.1,22
-4.3,-1.8,449.1,22
-4.3,-1.8,449.1,22
-4.3,-1.8,449.1,22
-4.3,-1.8,449.1,22
-4.3,-1.8,449.1,22
-4.1,-1.7,449.1,22
-4.1,-1.7,449.1,22
-4.1,-1.7,449.1,22
-4.1,-1.7,449.1,22
-4.1,-1.7,449.1,22
-4.3,-1.9,449.1,22
-4.3,-1.9,449.2,22
-4.3,-1.9,449.2,22
-4.3,-1.9,449.2,22
-4.4,-1.9,449.2,22
-4.4,-1.9,449.2,22
-4.4,-1.9,449.2,22
-4.4,-1.9,449.2,22
-4.4,-1.9,449.2,22
-4.1,-1.7,449.1,22
-4.1,-1.7,449.1,22
-4.1,-1.7,449.1,22
-4.1,-1.7,449.1,22
-3.9,-1.8,449.1,22
-3.9,-1.8,449.1,22
-3.9,-1.8,449.1,22
-3.9,-1.8,449.1,22
-3.9,-1.8,449.1,22
-4.2,-1.8,449.1,22
-4.2,-1.8,449.1,22
-4.2,-1.8,449.1,22
-4.2,-1.8,449.1,22
-4.3,-1.8,449.2,22
-4.3,-1.8,449.2,22
-4.3,-1.8,449.2,22
-4.3,-1.8,449.2,22
-4.4,-1.8,449.2,22
-4.4,-1.8,449.2,22
-4.4,-1.8,449.2,22
-4.4,-1.8,449.2,22
-4.2,-1.8,449.2,22
-4.2,-1.8,449.2,22
-4.2,-1.8,449.2,22
-4.2,-1.8,449.2,22
-4.2,-1.8,449.2,22
-4.2,-1.8,449.2,22
-4.2,-1.8,449.2,22
-4.2,-1.8,449.2,22
-4.2,-1.8,449.2,22
-4,-1.8,449.1,22
-4,-1.8,449.1,22
-4,-1.8,449.1,22
-4,-1.8,449.1,22
-4.2,-1.8,449.1,22
-4.2,-1.9,449.2,22
-4.2,-1.9,449.2,22
-4.2,-1.9,449.2,22
-4.2,-1.9,449.2,22
-4.2,-1.9,449.2,22
-4.2,-1.9,449.2,22
-4.2,-1.9,449.2,22
-4.2,-1.9,449.2,22
-4.2,-1.9,449.2,22
-4.2,-1.9,449.2,22
-4.2,-1.9,449.2,22
-4.2,-1.9,449.2,22
-4.3,-1.9,449.2,22
-4.3,-1.9,449.2,22
-4.3,-1.9,449.2,22
-4.3,-1.9,449.2,22
-4.3,-1.8,449.2,22
-4.3,-1.8,449.2,22
-4.3,-1.8,449.2,22
-4.3,-1.8,449.2,22
-4,-1.8,449.2,22
-4,-1.7,449.2,22
-4,-1.7,449.2,22
-4,-1.7,449.2,22
-4,-1.7,449.2,22
-4.1,-1.8,449.2,22
-4.1,-1.8,449.2,22
-4.1,-1.8,449.2,22
-4.1,-1.8,449.2,22
-4.3,-1.8,449.2,22
-4.3,-1.9,449.2,22
-4.3,-1.9,449.2,22
-4.3,-1.9,449.2,22
-4.3,-1.9,449.2,22
-4.4,-1.8,449.2,22
-4.4,-1.8,449.2,22
-4.4,-1.8,449.2,22
-4.4,-1.8,449.2,22
-3.9,-1.8,449.2,22
-3.9,-1.8,449.2,22
-3.9,-1.8,449.2,22
-3.9,-1.8,449.2,22
-4,-1.8,449.2,22
-4,-1.7,449.2,22
-4,-1.7,449.2,22
-4,-1.7,449.2,22
-4,-1.7,449.2,22
-4.1,-1.7,449.2,22
-4.1,-1.7,449.2,22
-4.1,-1.7,449.2,22
-4.2,-1.8,449.2,22
-4.2,-1.8,449.3,22
-4.2,-1.8,449.3,22
-4.2,-1.8,449.3,22
-4.1,-1.8,449.3,22
-4.1,-1.7,449.2,22
-4.1,-1.7,449.2,22
-4.1,-1.7,449.2,22
-4.1,-1.7,449.2,22
-4.1,-1.8,449.2,22
-4.1,-1.8,449.2,22
-4.1,-1.8,449.2,22
-4.1,-1.8,449.2,22
-4,-1.8,449.2,22
-4,-1.8,449.2,22
-4,-1.8,449.2,22
-4,-1.8,449.2,22
-4.2,-1.9,449.2,22
-4.2,-1.9,449.3,22
-4.2,-1.9,449.3,22
-4.2,-1.9,449.3,22
-4.3,-1.8,449.3,22
-4.3,-1.8,449.3,22
-4.3,-1.8,449.3,22
-4.3,-1.8,449.3,22
-4.3,-1.8,449.3,22
-4.3,-1.9,449.3,22
-4.3,-1.9,449.3,22
-4.3,-1.9,449.3,22
-4.3,-1.9,449.3,22
-4.3,-1.8,449.3,22
-4.3,-1.8,449.3,22
-4.3,-1.8,449.3,22
-4.3,-1.8,449.3,22
-4.1,-1.8,449.3,22
-4.1,-1.7,449.3,22
-4.1,-1.7,449.3,22
-4.1,-1.7,449.3,22
-4.1,-1.7,449.3,22
-4.2,-1.7,449.3,22
-4.2,-1.9,449.3,22
-4.2,-1.9,449.3,22
-4.2,-1.9,449.3,22
-4.3,-1.9,449.3,22
-4.3,-1.9,449.3,22
-4.3,-1.9,449.3,22
-4.3,-1.9,449.3,22
-4.1,-1.8,449.3,22
-4.1,-1.8,449.3,22
-4.1,-1.8,449.3,22
-4.1,-1.8,449.3,22
-4.1,-1.8,449.3,22
-4.3,-1.9,449.3,22
-4.3,-1.9,449.3,22
-4.3,-1.9,449.3,22
-4.3,-1.9,449.3,22
-4.1,-1.9,449.3,22
-4.1,-1.8,449.3,22
-4.1,-1.8,449.3,22
-4.1,-1.8,449.3,22
-4.1,-1.8,449.3,22
-4,-1.8,449.3,22
-4,-1.8,449.3,22
-4,-1.8,449.3,22
-4,-1.8,449.3,22
-4.1,-1.8,449.3,22
-4.1,-1.8,449.3,22
-4.1,-1.8,449.3,22
-4.1,-1.8,449.3,22
-4,-1.8,449.3,22
-4,-1.8,449.3,22
-4,-1.8,449.3,22
-4,-1.8,449.3,22
-4.3,-1.8,449.3,22
-4.3,-1.9,449.4,22
-4.3,-1.9,449.4,22
-4.3,-1.9,449.4,22
-4.3,-1.9,449.4,22
-4.3,-1.8,449.3,22
-4.3,-1.8,449.3,22
-4.3,-1.8,449.3,22
-4.1,-1.8,449.3,22
-4.1,-1.8,449.3,22
-4.1,-1.8,449.3,22
-4.1,-1.8,449.3,22
-4.3,-1.8,449.3,22
-4.3,-1.9,449.4,22
-4.3,-1.9,449.4,22
-4.3,-1.9,449.4,22
-4.3,-1.9,449.4,22
-4.2,-1.9,449.4,22
-4.2,-1.8,449.3,22
-4.2,-1.8,449.3,22
-4.2,-1.8,449.3,22
-4.3,-1.8,449.4,22
-4.3,-1.8,449.4,22
-4.3,-1.8,449.4,22
-4.3,-1.8,449.4,22
-4.3,-1.8,449.4,22
-4.3,-1.8,449.4,22
-4.3,-1.8,449.4,22
-4.3,-1.8,449.4,22
-4.3,-1.9,449.4,22
-4.3,-1.9,449.4,22
-4.3,-1.9,449.4,22
-4.3,-1.9,449.4,22
-4.3,-1.9,449.4,22
-4.3,-1.9,449.4,22
-4.3,-1.9,449.4,22
-4.3,-1.9,449.4,22
-4.3,-1.8,449.4,22
-4.3,-1.8,449.4,22
-4.3,-1.8,449.4,22
-4.3,-1.8,449.4,22
-4.2,-1.8,449.4,22
-4.2,-1.8,449.4,22
-4.2,-1.8,449.4,22
-4.2,-1.8,449.4,22
-4.2,-1.8,449.4,22
-4.2,-1.8,449.4,22
-4.2,-1.8,449.4,22
-4.2,-1.8,449.4,22
-4.2,-1.8,449.4,22
-4.2,-1.9,449.4,22
-4.2,-1.9,449.4,22
-4.2,-1.9,449.4,22
-4.2,-1.9,449.4,22
-4.2,-1.9,449.4,22
-4.2,-1.9,449.4,22
-4.2,-1.9,449.4,22
-4.2,-1.9,449.4,22
-4.1,-1.8,449.4,22
-4.1,-1.8,449.4,22
-4.1,-1.8,449.4,22
-4.1,-1.8,449.4,22
-4.1,-1.8,449.4,22
-4.1,-1.8,449.4,22
-4.1,-1.8,449.4,22
-4.1,-1.8,449.4,22
-4.2,-1.8,449.4,22
-4.2,-1.8,449.4,22
-4.2,-1.8,449.4,22
-4.1,-1.8,449.4,22
-4.1,-1.8,449.4,22
-4.1,-1.8,449.4,22
-4.1,-1.8,449.4,22
-4.1,-1.8,449.4,22
-4.2,-1.8,449.4,22
-4.2,-1.8,449.4,22
-4.2,-1.8,449.4,22
-4.2,-1.7,449.4,22
-4.2,-1.7,449.4,22
-4.2,-1.7,449.4,22
-4.2,-1.7,449.4,22
-4,-1.8,449.4,22
-4,-1.8,449.4,22
-4,-1.8,449.4,22
-4,-1.8,449.4,22
-4.1,-1.8,449.4,22
-4.1,-1.8,449.4,22
-4.1,-1.8,449.4,22
-4.1,-1.8,449.4,22
-4.1,-1.8,449.4,22
-4.3,-1.9,449.5,22
-4.3,-1.9,449.5,22
-4.3,-1.9,449.5,22
-4.3,-1.9,449.5,22
-4.3,-1.9,449.5,22
-4.3,-1.9,449.5,22
-4.3,-1.9,449.5,22
-4.3,-1.9,449.5,22
-4.3,-1.9,449.5,22
-4.3,-1.7,449.5,22
-4.3,-1.7,449.5,22
-4.3,-1.7,449.5,22
-4.3,-1.7,449.5,22
-4.1,-1.7,449.4,22
-4.1,-1.7,449.4,22
-4.1,-1.7,449.4,22
-4.1,-1.7,449.4,22
-4,-1.8,449.4,22
-4,-1.8,449.5,22
-4,-1.8,449.5,22
-4,-1.8,449.5,22
-4,-1.8,449.5,22
-4,-1.8,449.5,22
-4,-1.8,449.5,22
-4,-1.8,449.5,22
-4.2,-1.8,449.5,22
-4.2,-1.9,449.5,22
-4.2,-1.9,449.5,22
-4.2,-1.9,449.5,22
-4.1,-1.9,449.5,22
-4.1,-1.9,449.5,22
-4.1,-1.9,449.5,22
-4.1,-1.9,449.5,22
-4.1,-1.9,449.5,22
-4.3,-1.9,449.5,22
-4.3,-1.9,449.5,22
-4.3,-1.9,449.5,22
-4.1,-1.8,449.5,22
-4.1,-1.8,449.5,22
-4.1,-1.8,449.5,22
-4.1,-1.8,449.5,22
-4.1,-1.8,449.5,22
-4.1,-1.8,449.5,22
-4.1,-1.8,449.5,22
-4.1,-1.8,449.5,22
-4.1,-1.8,449.5,22
-4.2,-1.8,449.5,22
-4.2,-1.8,449.5,22
-4.2,-1.8,449.5,22
-4.2,-1.8,449.5,22
-3.9,-1.8,449.5,22
-3.9,-1.8,449.5,22
-3.9,-1.8,449.5,22
-3.9,-1.8,449.5,22
-3.9,-1.8,449.5,22
-4,-1.8,449.5,22
-4,-1.8,449.5,22
-4,-1.8,449.5,22
-4,-1.8,449.5,22
-4,-1.7,449.5,22
-4,-1.7,449.5,22
-4,-1.7,449.5,22
-4.1,-1.7,449.5,22
-4.1,-1.8,449.5,22
-4.1,-1.8,449.5,22
-4.1,-1.8,449.5,22
-4.1,-1.8,449.5,22
-4.1,-1.9,449.5,22
-4.1,-1.9,449.6,22
-4.1,-1.9,449.6,22
-4.1,-1.9,449.6,22
-4.2,-1.9,449.6,22
-4.2,-1.9,449.6,22
-4.2,-1.9,449.6,22
-4.2,-1.9,449.6,22
-4.2,-1.9,449.6,22
-4.1,-1.7,449.6,22
-4.1,-1.7,449.5,22
-4.1,-1.7,449.5,22
-4.1,-1.7,449.5,22
-4.1,-1.7,449.5,22
-4.1,-1.8,449.5,22
-4.1,-1.8,449.5,22
-4.1,-1.8,449.5,22
-4.1,-1.8,449.5,22
-4.1,-1.8,449.5,22
-4.1,-1.8,449.6,22
-4.1,-1.8,449.6,22
-4.1,-1.8,449.6,22
-4,-1.7,449.5,22
-4,-1.7,449.5,22
-4,-1.7,449.5,22
-4.1,-1.8,449.5,22
-4.1,-1.8,449.6,22
-4.1,-1.8,449.6,22
-4.1,-1.8,449.6,22
-4.2,-1.8,449.6,22
-4.2,-1.8,449.6,22
-4.2,-1.8,449.6,22
-4.2,-1.8,449.6,22
-4.1,-1.8,449.6,22
-4.1,-1.8,449.5,22
-4.1,-1.8,449.5,22
-4.1,-1.8,449.5,22
-4.1,-1.8,449.6,22
-4.1,-1.8,449.6,22
-4.1,-1.8,449.6,22
-4.1,-1.8,449.6,22
-4.2,-1.8,449.6,22
-4.2,-1.8,449.6,22
-4.2,-1.8,449.6,22
-4.2,-1.8,449.6,22
-4.1,-1.7,449.6,22
-4.1,-1.7,449.6,22
-4.1,-1.7,449.6,22
-4.1,-1.7,449.6,22
-4.2,-1.7,449.6,22
-4.2,-1.7,449.6,22
-4.2,-1.7,449.6,22
-4.2,-1.7,449.6,22
-4.2,-1.8,449.6,22
-4.2,-1.8,449.6,22
-4.2,-1.8,449.6,22
-4.2,-1.8,449.6,22
-4.2,-1.8,449.6,22
-4.2,-1.8,449.6,22
-4.2,-1.8,449.6,22
-4.2,-1.8,449.6,22
-4.3,-1.8,449.6,22
-4.3,-1.8,449.6,22
-4.3,-1.8,449.6,22
-4.3,-1.8,449.6,22
-4.1,-1.8,449.6,22
-4.1,-1.8,449.6,22
-4.1,-1.8,449.6,22
-4.1,-1.8,449.6,22
-4,-1.7,449.6,22
-4,-1.7,449.6,22
-4,-1.7,449.6,22
-4,-1.7,449.6,22
-4.1,-1.7,449.6,22
-4.1,-1.8,449.6,22
-4.1,-1.8,449.6,22
-4.1,-1.8,449.6,22
-4.2,-1.8,449.6,22
-4.2,-1.8,449.6,22
-4.2,-1.8,449.6,22
-4.3,-1.8,449.6,22
-4.3,-1.9,449.7,22
-4.3,-1.9,449.7,22
-4.3,-1.9,449.7,22
-4.1,-1.8,449.6,22
-4.1,-1.8,449.6,22
-4.1,-1.8,449.6,22
-4.1,-1.8,449.6,22
-4.1,-1.8,449.6,22
-4.1,-1.8,449.6,22
-4.1,-1.8,449.6,22
-4.1,-1.8,449.6,22
-4.3,-1.9,449.6,22
-4.3,-1.9,449.7,22
-4.3,-1.9,449.7,22
-4.3,-1.9,449.7,22
-4.3,-1.9,449.7,22
-4.3,-1.8,449.7,22
-4.3,-1.8,449.7,22
-4.3,-1.8,449.7,22
-4.3,-1.8,449.7,22
-4.3,-1.8,449.7,22
-4.1,-1.8,449.6,22
-4.1,-1.8,449.6,22
-4.1,-1.8,449.6,22
-4.1,-1.8,449.6,22
-4.3,-1.8,449.6,22
-4.3,-1.8,449.7,22
-4.3,-1.8,449.7,22
-4.3,-1.8,449.7,22
-4.3,-1.8,449.7,22
-4.3,-1.8,449.7,22
-4.3,-1.8,449.7,22
-4.3,-1.8,449.7,22
-4.2,-1.9,449.7,22
-4.2,-1.9,449.7,22
-4.2,-1.9,449.7,22
-4.2,-1.9,449.7,22
-4.2,-1.9,449.7,22
-4.2,-1.9,449.7,22
-4.2,-1.9,449.7,22
-4.2,-1.9,449.7,22
-4.3,-1.8,449.7,22
-4.3,-1.8,449.7,22
-4.3,-1.8,449.7,22
-4.3,-1.8,449.7,22
-4.3,-1.8,449.7,22
-4.3,-1.8,449.7,22
-4.3,-1.8,449.7,22
-4.3,-1.8,449.7,22
-4.3,-1.9,449.7,22
-4.3,-1.9,449.7,22
-4.3,-1.9,449.7,22
-4.3,-1.9,449.7,22
-4.3,-1.8,449.7,22
-4.3,-1.8,449.7,22
-4.3,-1.8,449.7,22
-4.3,-1.8,449.7,22
-4.1,-1.9,449.7,22
-4.1,-1.9,449.7,22
-4.1,-1.9,449.7,22
-4.1,-1.9,449.7,22
-4.1,-1.8,449.7,22
-4.1,-1.8,449.7,22
-4.1,-1.8,449.7,22
-4.1,-1.8,449.7,22
-4.2,-1.9,449.7,22
-4.2,-1.9,449.7,22
-4.2,-1.9,449.7,22
-4.1,-1.9,449.7,22
-4.1,-1.8,449.7,22
-4.1,-1.8,449.7,22
-4.1,-1.8,449.7,22
-4.1,-1.8,449.7,22
-4.2,-1.8,449.7,22
-4.2,-1.8,449.7,22
-4.2,-1.8,449.7,22
-4.2,-1.8,449.7,22
-4.2,-1.8,449.7,22
-4.1,-1.8,449.7,22
-4.1,-1.8,449.7,22
-4.1,-1.8,449.7,22
-4.1,-1.8,449.7,22
-4.1,-1.8,449.7,22
-4.1,-1.8,449.7,22
-4.1,-1.8,449.7,22
-4.1,-1.8,449.7,22
-4.1,-1.7,449.7,22
-4.1,-1.7,449.7,22
-4.1,-1.7,449.7,22
-4.1,-1.7,449.7,22
-3.9,-1.7,449.7,22
-3.9,-1.8,449.7,22
-3.9,-1.8,449.7,22
-3.9,-1.8,449.7,22
-4.2,-1.8,449.7,22
-4.2,-1.8,449.7,22
-4.2,-1.8,449.7,22
-4.2,-1.8,449.7,22
-4,-1.8,449.7,22
-4,-1.8,449.7,22
-4,-1.8,449.7,22
-4.2,-1.8,449.7,22
-4.2,-1.8,449.8,22
-4.2,-1.8,449.8,22
-4.1,-1.8,449.8,22
-4.1,-1.9,449.8,22
-4.1,-1.9,449.8,22
-4.1,-1.9,449.8,22
-4.1,-1.9,449.8,22
-4.3,-1.9,449.8,22
-4.3,-1.9,449.8,22
-4.3,-1.9,449.8,22
-4.3,-1.9,449.8,22
-4.3,-1.9,449.8,22
-4.3,-1.9,449.8,22
-4.3,-1.9,449.8,22
-4.3,-1.9,449.8,22
-4.3,-1.9,449.8,22
-4.1,-1.8,449.8,22
-4.1,-1.8,449.8,22
-4.1,-1.8,449.8,22
-4.3,-1.8,449.8,22
-4.3,-1.8,449.8,22
-4.3,-1.8,449.8,22
-4.3,-1.8,449.8,22
-4.3,-1.8,449.8,22
-4,-1.7,449.8,22
-4,-1.7,449.8,22
-4,-1.7,449.8,22
-4,-1.7,449.8,22
-4.1,-1.8,449.8,22
-4.1,-1.8,449.8,22
-4.1,-1.8,449.8,22
-4.1,-1.8,449.8,22
-4.2,-1.8,449.8,22
-4.2,-1.9,449.8,22
-4.2,-1.9,449.8,22
-4.2,-1.9,449.8,22
-4.2,-1.9,449.8,22
-4.1,-1.9,449.8,22
-4.1,-1.7,449.8,22
-4.1,-1.7,449.8,22
-4.1,-1.7,449.8,22
-4.1,-1.7,449.8,22
-4,-1.7,449.8,22
-4,-1.7,449.8,22
-4,-1.7,449.8,22
-4.2,-1.7,449.8,22
-4.2,-1.7,449.8,22
-4.2,-1.7,449.8,22
-4.2,-1.7,449.8,22
-4.3,-1.8,449.8,22
-4.3,-1.8,449.8,22
-4.3,-1.8,449.8,22
-4.2,-1.8,449.8,22
-4.2,-1.8,449.8,22
-4.2,-1.8,449.8,22
-4.2,-1.8,449.8,22
-4.2,-1.8,449.8,22
-4.2,-1.8,449.8,22
-4.2,-1.8,449.8,22
-4.2,-1.8,449.8,22
-4.3,-1.8,449.8,22
-4.3,-1.9,449.9,22
-4.3,-1.9,449.9,22
-4.3,-1.9,449.9,22
-4.3,-1.9,449.9,22
-4.1,-1.9,449.9,22
-4.1,-1.7,449.8,22
-4.1,-1.7,449.8,22
-4.1,-1.7,449.8,22
-4.1,-1.7,449.8,22
-4.1,-1.8,449.8,22
-4.1,-1.8,449.8,22
-4.1,-1.8,449.8,22
-4.1,-1.8,449.8,22
-4.1,-1.8,449.8,22
-4.1,-1.8,449.8,22
-4.1,-1.8,449.8,22
-4.1,-1.8,449.8,22
-3.9,-1.8,449.8,22
-3.9,-1.8,449.8,22
-3.9,-1.8,449.8,22
-3.9,-1.8,449.8,22
-4.1,-1.8,449.8,22
-4.1,-1.8,449.8,22
-4.1,-1.8,449.8,22
-4.1,-1.8,449.8,22
-4.1,-1.8,449.9,22
-4.1,-1.8,449.9,22
-4.1,-1.8,449.9,22
-3.9,-1.8,449.9,22
-3.9,-1.8,449.8,22
-3.9,-1.8,449.8,22
-3.9,-1.8,449.8,22
-3.9,-1.8,449.8,22
-4.1,-1.8,449.9,22
-4.1,-1.8,449.9,22
-4.1,-1.8,449.9,22
-4.1,-1.8,449.9,22
-4.1,-1.8,449.9,22
-4.3,-1.8,449.9,22
-4.3,-1.8,449.9,22
-4.3,-1.8,449.9,22
-4.2,-1.8,449.9,22
-4.2,-1.9,449.9,22
-4.2,-1.9,449.9,22
-4.2,-1.9,449.9,22
-4.2,-1.9,449.9,22
-4.3,-1.8,449.8,22
-4.3,-1.8,449.8,22
-4.3,-1.8,449.8,22
-4.3,-1.8,449.8,22
-4.1,-1.7,449.8,22
-4.1,-1.7,449.8,22
-4.1,-1.7,449.8,22
-4.1,-1.7,449.8,22
-4.1,-1.7,449.8,22
-4.1,-1.8,449.8,22
-4.1,-1.8,449.8,22
-4.1,-1.8,449.8,22
-4.1,-1.8,449.8,22
-4.1,-1.9,449.8,22
-4.1,-1.9,449.8,22
-4.1,-1.9,449.8,22
-4.1,-1.9,449.8,22
-4.2,-1.9,449.8,22
-4.2,-1.8,449.8,22
-4.2,-1.8,449.8,22
-4.2,-1.8,449.8,22
-4.2,-1.8,449.8,22
-4.1,-1.8,449.8,22
-4.1,-1.8,449.8,22
-4.1,-1.8,449.8,22
-4.1,-1.8,449.8,22
-4,-1.8,449.8,22
-4,-1.8,449.8,22
-4,-1.8,449.8,22
-4,-1.8,449.8,22
-4,-1.8,449.8,22
-4.2,-1.9,449.8,22
-4.2,-1.9,449.9,22
-4.2,-1.9,449.9,22
-4.2,-1.9,449.9,22
-4.2,-1.9,449.9,22
-4.2,-1.9,449.9,22
-4.2,-1.9,449.9,22
-4.2,-1.9,449.9,22
-4.3,-1.9,449.9,22
-4.3,-1.8,449.9,22
-4.3,-1.8,449.9,22
-4.3,-1.8,449.9,22
-4.3,-1.8,449.9,22
-4.1,-1.8,449.8,22
-4.1,-1.8,449.8,22
-4.1,-1.8,449.8,22
-4.1,-1.8,449.8,22
-3.9,-1.7,449.8,22
-3.9,-1.7,449.8,22
-3.9,-1.7,449.8,22
-3.9,-1.7,449.8,22
-4.1,-1.8,449.8,22
-4.1,-1.8,449.8,22
-4.1,-1.8,449.8,22
-4.1,-1.8,449.8,22
-3.9,-1.7,449.8,22
-3.9,-1.7,449.9,22
-3.9,-1.7,449.9,22
-3.9,-1.7,449.9,22
-4.1,-1.8,449.9,22
-4.1,-1.8,449.9,22
-4.1,-1.8,449.9,22
-4.1,-1.8,449.9,22
-4.1,-1.8,449.9,22
-4.3,-1.9,449.9,22
-4.3,-1.9,449.9,22
-4.3,-1.9,449.9,22
-4.3,-1.9,449.9,22
-4.3,-1.9,449.9,22
-4.3,-1.7,449.9,22
-4.3,-1.7,449.9,22
-4.3,-1.7,449.9,22
-4.3,-1.7,449.9,22
-4.1,-1.8,449.9,22
-4.1,-1.8,449.9,22
-4.1,-1.8,449.9,22
-4.1,-1.8,449.9,22
-4.1,-1.8,449.9,22
-4.1,-1.8,449.9,22
-4.1,-1.8,449.9,22
-4.1,-1.8,449.9,22
-3.9,-1.8,449.9,22
-3.9,-1.8,449.9,22
-3.9,-1.8,449.9,22
-3.9,-1.8,449.9,22
-4.1,-1.7,449.9,22
-4.1,-1.7,449.9,22
-4.1,-1.7,449.9,22
-4.1,-1.7,449.9,22
-4.1,-1.8,449.9,22
-4.1,-1.8,449.9,22
-4.1,-1.8,449.9,22
-4.1,-1.8,449.9,22
-4.1,-1.8,449.9,22
-4.1,-1.8,449.9,22
-4.1,-1.8,449.9,22
-4.1,-1.8,449.9,22
-4.1,-1.9,449.9,22
-4.1,-1.9,450,22
-4.1,-1.9,450,22
-4.1,-1.9,450,22
-4.2,-1.9,450,22
-4.2,-1.8,450,22
-4.2,-1.8,450,22
-4.2,-1.8,450,22
-4,-1.8,450,22
-4,-1.8,450,22
-4,-1.8,450,22
-4,-1.8,450,22
-4,-1.8,450,22
-4.2,-1.8,450,22
-4.2,-1.8,449.9,22
-4.2,-1.8,449.9,22
-4.2,-1.8,449.9,22
-4.3,-1.8,450,22
-4.3,-1.8,450,22
-4.3,-1.8,450,22
-4.3,-1.8,450,22
-3.9,-1.8,450,22
-3.9,-1.8,449.9,22
-3.9,-1.8,449.9,22
-3.9,-1.8,449.9,22
-4,-1.8,449.9,22
-4,-1.8,449.9,22
-4,-1.8,449.9,22
-4,-1.8,449.9,22
-4.1,-1.8,449.9,22
-4.1,-1.8,450,22
-4.1,-1.8,450,22
-4.1,-1.8,450,22
-4.1,-1.8,450,22
-4.3,-1.9,450,22
-4.3,-1.9,450,22
-4.3,-1.9,450,22
-4.3,-1.9,450,22
-4.3,-1.9,450,22
-4.1,-1.8,450,22
-4.1,-1.8,450,22
-4.1,-1.8,450,22
-4.1,-1.8,450,22
-4.1,-1.8,450,22
-4.1,-1.8,450,22
-4.1,-1.8,450,22
-4.1,-1.8,450,22
-4,-1.8,450,22
-4,-1.7,450,22
-4,-1.7,450,22
-4,-1.7,450,22
-4,-1.7,450,22
-4.1,-1.9,450,22
-4.1,-1.9,450,22
-4.1,-1.9,450,22
-4.1,-1.9,450,22
-4.1,-1.8,450,22
-4.1,-1.8,450,22
-4.1,-1.8,450,22
-4.1,-1.8,450,22
-4.1,-1.9,450,22
-4.1,-1.9,450,22
-4.1,-1.9,450,22
-4.1,-1.9,450,22
-4.3,-1.9,450,22
-4.3,-1.8,450,22
-4.3,-1.8,450,22
-4.3,-1.8,450,22
-4.3,-1.8,450,22
-4.1,-1.8,450,22
-4.1,-1.8,450,22
-4.1,-1.8,450,22
-4.1,-1.8,450,22
-4.1,-1.8,450,22
-4.1,-1.8,450,22
-4.1,-1.8,450,22
-4.1,-1.8,450,22
-4.2,-1.8,450,22
-4.2,-1.8,450,22
-4.2,-1.8,450,22
-4.2,-1.8,450,22
-4,-1.8,450,22
-4,-1.9,450,22
-4,-1.9,450,22
-4,-1.9,450,22
-4,-1.9,450,22
-4.3,-1.8,450.1,22
-4.3,-1.8,450.1,22
-4.3,-1.8,450.1,22
-4.3,-1.8,450.1,22
-4.3,-1.8,450.1,22
-4.1,-1.8,450.1,22
-4.1,-1.8,450.1,22
-4.1,-1.8,450.1,22
-4.1,-1.8,450.1,22
-4.1,-1.8,450,22
-4.1,-1.8,450,22
-4.1,-1.8,450,22
-4.3,-1.8,450,22
-4.3,-1.8,450.1,22
-4.3,-1.8,450.1,22
-4.3,-1.8,450.1,22
-4.2,-1.9,450.1,22
-4.2,-1.9,450.1,22
-4.2,-1.9,450.1,22
-4.2,-1.9,450.1,22
-4.2,-1.9,450.1,22
-4.2,-1.9,450.1,22
-4.2,-1.9,450.1,22
-4.1,-1.9,450.1,22
-4.1,-1.9,450.1,22
-4.1,-1.9,450.1,22
-4.1,-1.9,450.1,22
-4.1,-1.9,450.1,22
-4.3,-1.8,450.1,22
-4.3,-1.8,450.1,22
-4.3,-1.8,450.1,22
-4.3,-1.8,450.1,22
-4.3,-1.8,450.1,22
-4.1,-1.8,450.1,22
-4.1,-1.8,450.1,22
-4.1,-1.8,450.1,22
-4.1,-1.8,450.1,22
-4.1,-1.8,450.1,22
-4.1,-1.8,450.1,22
-4.1,-1.8,450.1,22
-4.1,-1.8,450.1,22
-4.2,-1.8,450.1,22
-4.2,-1.9,450.1,22
-4.2,-1.9,450.1,22
-4.2,-1.9,450.1,22
-4.2,-1.9,450.1,22
-4.2,-1.8,450.1,22
-4.2,-1.8,450.1,22
-4.2,-1.8,450.1,22
-4.2,-1.8,450.1,22
-4.2,-1.8,450.1,22
-4.2,-1.8,450.1,22
-4.2,-1.8,450.1,22
-4.2,-1.8,450.1,22
-4.2,-1.8,450.1,22
-4.1,-1.8,450.1,22
-4.1,-1.8,450.1,22
-4.1,-1.8,450.1,22
-4.1,-1.8,450.1,22
-4.1,-1.9,450.1,22
-4.1,-1.9,450.1,22
-4.1,-1.9,450.1,22
-4.1,-1.9,450.1,22
-4.3,-1.9,450.1,22
-4.3,-1.9,450.1,22
-4.3,-1.9,450.1,22
-4.3,-1.9,450.1,22
-4.2,-1.9,450.1,22
-4.2,-1.9,450.2,22
-4.2,-1.9,450.2,22
-4.2,-1.9,450.2,22
-4.2,-1.9,450.2,22
-4.3,-1.9,450.2,22
-4.3,-1.9,450.2,22
-4.3,-1.9,450.2,22
-4.2,-1.9,450.2,22
-4.2,-1.8,450.2,22
-4.2,-1.8,450.2,22
-4.2,-1.8,450.2,22
-4.2,-1.8,450.2,22
-4.3,-1.9,450.2,22
-4.3,-1.9,450.2,22
-4.3,-1.9,450.2,22
-4,-1.9,450.2,22
-4,-1.9,450.2,22
-4,-1.9,450.2,22
-4,-1.9,450.2,22
-4.1,-1.9,450.2,22
-4.1,-1.9,450.2,22
-4.1,-1.9,450.2,22
-4.1,-1.9,450.2,22
-4.2,-1.9,450.2,22
-4.2,-1.8,450.2,22
-4.2,-1.8,450.2,22
-4.2,-1.8,450.2,22
-4.2,-1.8,450.2,22
-4.3,-1.8,450.2,22
-4.3,-1.8,450.2,22
-4.3,-1.8,450.2,22
-4.3,-1.8,450.2,22
-4.2,-1.8,450.2,22
-4.2,-1.8,450.2,22
-4.2,-1.8,450.2,22
-4.2,-1.8,450.2,22
-4.3,-1.8,450.2,22
-4.3,-1.8,450.2,22
-4.3,-1.8,450.2,22
-4.3,-1.8,450.2,22
-4.3,-1.8,450.2,22
-4.3,-1.8,450.2,22
-4.3,-1.8,450.2,22
-4.3,-1.8,450.2,22
-4.2,-1.8,450.2,22
-4.2,-1.8,450.2,22
-4.2,-1.8,450.2,22
-4.2,-1.8,450.2,22
-4.2,-1.8,450.2,22
-4,-1.8,450.2,22
-4,-1.8,450.2,22
-4,-1.8,450.2,22
-4,-1.8,450.2,22
-4.1,-1.8,450.2,22
-4.1,-1.9,450.2,22
-4.1,-1.9,450.2,22
-4.1,-1.9,450.2,22
-4.1,-1.9,450.2,22
-4.3,-1.9,450.2,22
-4.3,-1.9,450.2,22
-4.3,-1.9,450.2,22
-4.2,-1.8,450.2,22
-4.2,-1.8,450.2,22
-4.2,-1.8,450.2,22
-4.2,-1.8,450.2,22
-4.1,-1.8,450.2,22
-4.1,-1.8,450.2,22
-4.1,-1.8,450.2,22
-4.1,-1.8,450.2,22
-4.3,-1.9,450.2,22
-4.3,-1.9,450.2,22
-4.3,-1.9,450.2,22
-4.3,-1.9,450.2,22
-4.3,-1.9,450.2,22
-4.3,-1.9,450.2,22
-4.1,-1.8,450.2,22
-4.1,-1.8,450.2,22
-4.1,-1.8,450.2,22
-4.1,-1.8,450.2,22
-4.1,-1.8,450.2,22
-4.1,-1.8,450.2,22
-4.1,-1.8,450.2,22
-4.1,-1.8,450.2,22
-4.1,-1.8,450.2,22
-4.1,-1.8,450.2,22
-4.1,-1.8,450.2,22
-4.1,-1.8,450.2,22
-4.1,-1.8,450.2,22
-4.1,-1.8,450.2,22
-4.1,-1.8,450.2,22
-4.3,-1.8,450.2,22
-4.3,-1.8,450.3,22
-4.3,-1.8,450.3,22
-4.3,-1.8,450.3,22
-4.3,-1.8,450.3,22
-4,-1.8,450.2,22
-4,-1.8,450.2,22
-4,-1.8,450.2,22
-4,-1.8,450.2,22
-4,-1.8,450.2,22
-4,-1.8,450.3,22
-4,-1.8,450.3,22
-4,-1.8,450.3,22
-4,-1.8,450.3,22
-4.3,-1.9,450.3,22
-4.3,-1.9,450.3,22
-4.3,-1.9,450.3,22
-4.3,-1.9,450.3,22
-4.2,-1.9,450.3,22
-4.2,-1.9,450.3,22
-4.2,-1.9,450.3,22
-4.3,-1.9,450.3,22
-4.3,-1.9,450.3,22
-4.3,-1.9,450.3,22
-4.3,-1.9,450.3,22
-4.3,-1.9,450.3,22
-4.3,-1.8,450.3,22
-4.3,-1.8,450.3,22
-4.3,-1.8,450.3,22
-4.3,-1.8,450.3,22
-4.3,-1.8,450.3,22
-4.3,-1.8,450.3,22
-4.3,-1.8,450.3,22
-4.3,-1.8,450.3,22
-4.3,-1.8,450.3,22
-4.3,-1.8,450.3,22
-4.3,-1.8,450.3,22
-4.3,-1.8,450.3,22
-4.1,-1.8,450.3,22
-4.1,-1.8,450.3,22
-4.1,-1.8,450.3,22
-4.1,-1.8,450.3,22
-4.1,-1.8,450.3,22
-4,-1.8,450.3,22
-4,-1.8,450.3,22
-4,-1.8,450.3,22
-4.1,-1.8,450.3,22
-4.1,-1.8,450.3,22
-4.1,-1.8,450.3,22
-4.1,-1.8,450.3,22
-4.1,-1.8,450.3,22
-4.1,-1.8,450.3,22
-4.1,-1.8,450.3,22
-4.1,-1.8,450.3,22
-4.1,-1.8,450.3,22
-4.2,-1.8,450.3,22
-4.2,-1.9,450.3,22
-4.2,-1.9,450.3,22
-4.2,-1.9,450.3,22
-4,-1.8,450.3,22
-4,-1.8,450.3,22
-4,-1.8,450.3,22
-4,-1.8,450.3,22
-4,-1.8,450.3,22
-4.3,-1.8,450.3,22
-4.3,-1.8,450.3,22
-4.3,-1.8,450.3,22
-4.3,-1.8,450.3,22
-4.2,-1.8,450.3,22
-4.2,-1.8,450.3,22
-4.2,-1.8,450.3,22
-4.2,-1.8,450.3,22
-4.2,-1.8,450.4,22
-4.2,-1.8,450.4,22
-4.2,-1.8,450.4,22
-4.2,-1.8,450.4,22
-4.1,-1.8,450.4,22
-4.1,-1.8,450.3,22
-4.1,-1.8,450.3,22
-4.1,-1.8,450.3,22
-4.1,-1.8,450.3,22
-4.2,-1.8,450.4,22
-4.2,-1.8,450.4,22
-4.2,-1.8,450.4,22
-4.2,-1.8,450.4,22
-4.3,-1.8,450.4,22
-4.3,-1.9,450.4,22
-4.3,-1.9,450.4,22
-4.3,-1.9,450.4,22
-4.3,-1.9,450.4,22
-4.3,-1.9,450.4,22
-4.3,-1.9,450.4,22
-4.3,-1.9,450.4,22
-4.3,-1.9,450.4,22
-4.3,-1.9,450.4,22
-4.3,-1.9,450.4,22
-4.3,-1.9,450.4,22
-4.3,-1.9,450.4,22
-4.3,-1.9,450.4,22
-4.3,-1.9,450.4,22
-4.3,-1.9,450.4,22
-4.3,-1.9,450.4,22
-4.3,-1.8,450.4,22
-4.3,-1.8,450.4,22
-4.3,-1.8,450.4,22
-4.3,-1.8,450.4,22
-4.2,-1.8,450.4,22
-4.2,-1.8,450.4,22
-4.2,-1.8,450.4,22
-4.2,-1.8,450.4,22
-4.2,-1.8,450.4,22
-4.2,-1.8,450.4,22
-4.2,-1.8,450.4,22
-4.2,-1.8,450.4,22
-4,-1.8,450.4,22
-4,-1.9,450.4,22
-4,-1.9,450.4,22
-4,-1.9,450.4,22
-4,-1.9,450.4,22
-4.2,-1.9,450.4,22
-4.2,-1.9,450.4,22
-4.2,-1.9,450.4,22
-4.2,-1.9,450.4,22
-4.2,-1.9,450.4,22
-4.2,-1.8,450.4,22
-4.2,-1.8,450.4,22
-4.2,-1.8,450.4,22
-4.2,-1.8,450.4,22
-4.2,-1.8,450.4,22
-4.2,-1.8,450.4,22
-4.2,-1.8,450.4,22
-4.3,-1.8,450.4,22
-4.3,-1.8,450.4,22
-4.3,-1.8,450.4,22
-4.3,-1.8,450.4,22
-4.3,-1.9,450.4,22
-4.3,-1.9,450.4,22
-4.3,-1.9,450.4,22
-4.3,-1.9,450.4,22
-4.3,-1.9,450.4,22
-4.3,-1.9,450.4,22
-4.3,-1.9,450.4,22
-4.3,-1.9,450.4,22
-4.3,-1.9,450.4,22
-4.1,-1.8,450.4,22
-4.1,-1.8,450.4,22
-4.1,-1.8,450.4,22
-4.1,-1.8,450.4,22
-4.1,-1.8,450.4,22
-4.1,-1.8,450.4,22
-4.1,-1.8,450.4,22
-4.1,-1.8,450.4,22
-4.1,-1.8,450.4,22
-4.1,-1.8,450.4,22
-4.1,-1.8,450.4,22
-4.1,-1.8,450.4,22
-4.1,-1.8,450.4,22
-4.1,-1.8,450.4,22
-4.1,-1.8,450.4,22
-4.1,-1.8,450.4,22
-4.1,-1.8,450.4,22
-4.1,-1.8,450.4,22
-4.1,-1.8,450.4,22
-4.1,-1.8,450.4,22
-4.1,-1.8,450.4,22
-4.3,-1.8,450.4,22
-4.3,-1.8,450.5,22
-4.3,-1.8,450.5,22
-4.3,-1.8,450.5,22
-4.1,-1.8,450.4,22
-4.1,-1.8,450.4,22
-4.1,-1.8,450.4,22
-4.1,-1.8,450.4,22
-4.1,-1.8,450.4,22
-4.2,-1.8,450.4,22
-4.2,-1.9,450.5,22
-4.2,-1.9,450.5,22
-4.2,-1.9,450.5,22
-4.3,-1.9,450.5,22
-4.3,-1.9,450.5,22
-4.3,-1.9,450.5,22
-4.3,-1.9,450.5,22
-4.3,-1.9,450.5,22
-4.4,-1.8,450.5,22
-4.4,-1.8,450.5,22
-4.4,-1.8,450.5,22
-4.4,-1.8,450.5,22
-4.2,-1.8,450.5,22
-4.2,-1.8,450.5,22
-4.2,-1.8,450.5,22
-4.2,-1.8,450.5,22
-4.2,-1.8,450.5,22
-4.1,-1.8,450.5,22
-4.1,-1.8,450.5,22
-4.1,-1.8,450.5,22
-4.1,-1.8,450.5,22
-4.3,-1.8,450.5,22
-4.3,-1.9,450.5,22
-4.3,-1.9,450.5,22
-4.3,-1.9,450.5,22
-4.3,-1.9,450.5,22
-4.2,-1.8,450.5,22
-4.2,-1.8,450.5,22
-4.2,-1.8,450.5,22
-4.2,-1.8,450.5,22
-4.2,-1.8,450.5,22
-4.2,-1.8,450.5,22
-4.2,-1.8,450.5,22
-4.4,-1.8,450.5,22
-4.4,-1.8,450.5,22
-4.4,-1.8,450.5,22
-4.4,-1.8,450.5,22
-4.3,-1.9,450.5,22
-4.3,-1.9,450.5,22
-4.3,-1.9,450.5,22
-4.3,-1.9,450.5,22
-4.2,-1.9,450.5,22
-4.2,-1.8,450.5,22
-4.2,-1.8,450.5,22
-4.2,-1.8,450.5,22
-4.3,-1.9,450.5,22
-4.3,-1.9,450.5,22
-4.3,-1.9,450.5,22
-4.3,-1.9,450.5,22
-4.3,-1.9,450.5,22
-4.3,-1.9,450.5,22
-4.3,-1.9,450.5,22
-4.3,-1.9,450.5,22
-4.3,-1.8,450.5,22
-4.3,-1.8,450.5,22
-4.3,-1.8,450.5,22
-4.3,-1.8,450.5,22
-4.2,-1.9,450.5,22
-4.2,-1.9,450.5,22
-4.2,-1.9,450.5,22
-4.2,-1.9,450.5,22
-4.2,-1.8,450.5,22
-4.2,-1.8,450.5,22
-4.1,-1.8,450.5,22
-4.1,-1.8,450.5,22
-4.1,-1.8,450.5,22
-4.1,-1.8,450.5,22
-4.1,-1.8,450.5,22
-4.1,-1.8,450.5,22
-4.1,-1.8,450.5,22
-4.1,-1.8,450.5,22
-4.1,-1.8,450.5,22
-4.1,-1.8,450.5,22
-4.1,-1.8,450.5,22
-4.1,-1.8,450.5,22
-4.1,-1.8,450.5,22
-4.1,-1.8,450.5,22
-4.4,-1.9,450.6,22
-4.4,-1.9,450.6,22
-4.4,-1.9,450.6,22
-4.4,-1.9,450.6,22
-4.1,-1.9,450.6,22
-4.1,-1.8,450.5,22
-4.1,-1.8,450.5,22
-4.1,-1.8,450.5,22
-4.1,-1.8,450.5,22
-4.1,-1.8,450.5,22
-4.1,-1.8,450.5,22
-4.1,-1.8,450.5,22
-4.1,-1.8,450.5,22
-4,-1.8,450.5,22
-4,-1.8,450.5,22
-4,-1.8,450.5,22
-4,-1.8,450.5,22
-4.3,-1.8,450.5,22
-4.3,-1.9,450.6,22
-4.3,-1.9,450.6,22
-4.3,-1.9,450.6,22
-4.2,-1.9,450.6,22
-4.2,-1.8,450.6,22
-4.2,-1.8,450.6,22
-4.2,-1.8,450.6,22
-4.2,-1.8,450.6,22
-4.3,-1.8,450.6,22
-4.3,-1.8,450.6,22
-4.3,-1.8,450.6,22
-4.3,-1.8,450.6,22
-4.3,-1.8,450.6,22
-4.1,-1.8,450.6,22
-4.1,-1.8,450.6,22
-4.1,-1.8,450.6,22
-4.1,-1.8,450.6,22
-4.1,-1.8,450.6,22
-4.1,-1.8,450.6,22
-4.1,-1.8,450.6,22
-4.2,-1.8,450.6,22
-4.2,-1.8,450.6,22
-4.2,-1.8,450.6,22
-4.2,-1.8,450.6,22
-4.2,-1.8,450.6,22
-4.1,-1.8,450.6,22
-4.1,-1.8,450.6,22
-4.1,-1.8,450.6,22
-4.1,-1.8,450.6,22
-4.3,-1.8,450.6,22
-4.3,-1.9,450.6,22
-4.3,-1.9,450.6,22
-4.3,-1.9,450.6,22
-4.3,-1.9,450.6,22
-4.3,-1.8,450.6,22
-4.3,-1.8,450.6,22
-4.3,-1.8,450.6,22
-4.2,-1.8,450.6,22
-4.2,-1.8,450.6,22
-4.2,-1.8,450.6,22
-4.2,-1.8,450.6,22
-4.2,-1.8,450.6,22
-4,-1.8,450.6,22
-4,-1.8,450.6,22
-4,-1.8,450.6,22
-4,-1.8,450.6,22
-4,-1.8,450.6,22
-4.4,-1.8,450.6,22
-4.4,-1.8,450.6,22
-4.4,-1.8,450.6,22
-4.4,-1.8,450.6,22
-4.4,-1.8,450.6,22
-4.1,-1.8,450.6,22
-4.1,-1.8,450.6,22
-4.1,-1.8,450.6,22
-4.1,-1.8,450.6,22
-4.1,-1.8,450.6,22
-4.1,-1.8,450.6,22
-4.1,-1.8,450.6,22
-4.1,-1.8,450.6,22
-4.1,-1.8,450.6,22
-4.1,-1.8,450.6,22
-4.1,-1.8,450.6,22
-4.1,-1.8,450.6,22
-4.1,-1.8,450.6,22
-4.1,-1.8,450.6,22
-4.1,-1.8,450.6,22
-4.1,-1.8,450.6,22
-4.2,-1.8,450.6,22
-4.2,-1.8,450.6,22
-4.2,-1.8,450.6,22
-4.2,-1.8,450.6,22
-4.2,-1.8,450.6,22
-4.2,-1.9,450.7,22
-4.2,-1.9,450.7,22
-4.2,-1.9,450.7,22
-4.2,-1.9,450.7,22
-4.2,-1.9,450.7,22
-4.2,-1.9,450.7,22
-4.2,-1.9,450.7,22
-4,-1.8,450.7,22
-4,-1.8,450.6,22
-4,-1.8,450.6,22
-4,-1.8,450.6,22
-4.1,-1.7,450.6,22
-4.1,-1.7,450.6,22
-4.1,-1.7,450.6,22
-4.1,-1.7,450.6,22
-4.1,-1.8,450.7,22
-4.1,-1.8,450.7,22
-4.1,-1.8,450.7,22
-4.1,-1.8,450.7,22
-4,-1.8,450.7,22
-4,-1.8,450.7,22
-4,-1.8,450.7,22
-4,-1.8,450.7,22
-4.1,-1.7,450.7,22
-4.1,-1.7,450.7,22
-4.1,-1.7,450.7,22
-4.1,-1.7,450.7,22
-4,-1.8,450.7,22
-4,-1.8,450.7,22
-4,-1.8,450.7,22
-4,-1.8,450.7,22
-4,-1.8,450.7,22
-4,-1.9,450.7,22
-4,-1.9,450.7,22
-4,-1.9,450.7,22
-4.2,-1.9,450.7,22
-4.2,-1.8,450.7,22
-4.2,-1.8,450.7,22
-4.2,-1.8,450.7,22
-4.2,-1.8,450.7,22
-4.2,-1.9,450.7,22
-4.2,-1.9,450.7,22
-4.1,-1.9,450.7,22
-4.1,-1.8,450.7,22
-4.1,-1.8,450.7,22
-4.1,-1.8,450.7,22
-4.1,-1.8,450.7,22
-4,-1.8,450.7,22
-4,-1.8,450.7,22
-4,-1.8,450.7,22
-4,-1.8,450.7,22
-4,-1.8,450.7,22
-4,-1.8,450.7,22
-4,-1.8,450.7,22
-4,-1.8,450.7,22
-4.1,-1.8,450.7,22
-4.1,-1.8,450.7,22
-4.1,-1.8,450.7,22
-4.3,-1.8,450.7,22
-4.3,-1.8,450.7,22
-4.3,-1.8,450.7,22
-4.3,-1.8,450.7,22
-4.3,-1.8,450.7,22
-4.1,-1.8,450.7,22
-4.1,-1.8,450.7,22
-4.1,-1.8,450.7,22
-4.1,-1.8,450.7,22
-3.9,-1.8,450.7,22
-3.9,-1.8,450.7,22
-3.9,-1.8,450.7,22
-3.9,-1.8,450.7,22
-4,-1.8,450.7,22
-4,-1.8,450.7,22
-4,-1.8,450.7,22
-4,-1.8,450.7,22
-4.2,-1.9,450.7,22
-4.2,-1.9,450.8,22
-4.2,-1.9,450.8,22
-4.2,-1.9,450.8,22
-4.2,-1.9,450.8,22
-4.3,-1.8,450.8,22
-4.3,-1.8,450.8,22
-4.3,-1.8,450.8,22
-4.3,-1.8,450.8,22
-4.2,-1.8,450.8,22
-4.2,-1.8,450.7,22
-4.2,-1.8,450.7,22
-4.2,-1.8,450.7,22
-4.2,-1.8,450.7,22
-4,-1.9,450.8,22
-4,-1.9,450.8,22
-4,-1.9,450.8,22
-4,-1.9,450.8,22
-4.2,-1.9,450.8,22
-4.2,-1.9,450.8,22
-4.2,-1.9,450.8,22
-4.2,-1.9,450.8,22
-4.2,-1.9,450.8,22
-4.3,-1.8,450.8,22
-4.3,-1.8,450.8,22
-4.3,-1.8,450.8,22
-4.3,-1.8,450.8,22
-4.3,-1.9,450.8,22
-4.3,-1.9,450.8,22
-4.3,-1.9,450.8,22
-4.3,-1.9,450.8,22
-4.3,-1.9,450.8,22
-4.3,-1.9,450.8,22
-4.3,-1.9,450.8,22
-4,-1.8,450.8,22
-4,-1.8,450.8,22
-4,-1.8,450.8,22
-4,-1.8,450.8,22
-4.2,-1.9,450.8,22
-4.2,-1.9,450.8,22
-4.2,-1.9,450.8,22
-4.2,-1.9,450.8,22
-4.2,-1.9,450.8,22
-4.2,-1.8,450.8,22
-4.2,-1.8,450.8,22
-4.2,-1.8,450.8,22
-4.2,-1.8,450.8,22
-4.2,-1.8,450.8,22
-4.2,-1.8,450.8,22
-4.2,-1.8,450.8,22
-4.2,-1.8,450.8,22
-4.3,-1.9,450.8,22
-4.3,-1.9,450.8,22
-4.3,-1.9,450.8,22
-4.3,-1.9,450.8,22
-4.2,-1.9,450.8,22
-4.2,-1.9,450.8,22
-4.2,-1.9,450.8,22
-4.2,-1.9,450.8,22
-4.2,-1.8,450.8,22
-4.2,-1.8,450.8,22
-4.2,-1.8,450.8,22
-4.2,-1.8,450.8,22
-4,-1.8,450.8,22
-4,-1.8,450.8,22
-4,-1.8,450.8,22
-4,-1.8,450.8,22
-4.1,-1.8,450.8,22
-4.1,-1.8,450.8,22
-4.1,-1.8,450.8,22
-4.1,-1.8,450.8,22
-4.1,-1.8,450.8,22
-4.1,-1.8,450.8,22
-4.1,-1.8,450.8,22
-4.1,-1.8,450.8,22
-4.1,-1.8,450.8,22
-4.3,-1.9,450.8,22
-4.3,-1.9,450.9,22
-4.3,-1.9,450.9,22
-4.3,-1.9,450.9,22
-4.2,-1.8,450.9,22
-4.2,-1.8,450.9,22
-4.2,-1.8,450.9,22
-4.1,-1.8,450.9,22
-4.1,-1.8,450.8,22
-4.1,-1.8,450.8,22
-4.1,-1.8,450.8,22
-4.1,-1.8,450.8,22
-4.1,-1.8,450.8,22
-4.1,-1.8,450.8,22
-4.1,-1.8,450.8,22
-4.1,-1.8,450.8,22
-4.3,-1.8,450.8,22
-4.3,-1.9,450.9,22
-4.3,-1.9,450.9,22
-4.3,-1.9,450.9,22
-4.2,-1.8,450.9,22
-4.2,-1.8,450.9,22
-4.2,-1.8,450.9,22
-4.2,-1.8,450.9,22
-4.2,-1.8,450.9,22
-4.1,-1.8,450.9,22
-4.1,-1.8,450.9,22
-4.1,-1.8,450.9,22
-4.1,-1.8,450.9,22
-4.1,-1.8,450.9,22
-4.1,-1.9,450.9,22
-4.1,-1.9,450.9,22
-4.1,-1.9,450.9,22
-4.1,-1.9,450.9,22
-4.2,-1.8,450.8,22
-4.2,-1.8,450.8,22
-4.2,-1.8,450.8,22
-4.2,-1.8,450.8,22
-4.3,-1.9,450.8,22
-4.3,-1.9,450.9,22
-4.3,-1.9,450.9,22
-4.3,-1.9,450.9,22
-4.3,-1.9,450.9,22
-4.2,-1.8,450.9,22
-4.2,-1.8,450.9,22
-4.2,-1.8,450.9,22
-4.2,-1.8,450.9,22
-4.2,-1.8,450.9,22
-4.2,-1.8,450.9,22
-4.2,-1.8,450.9,22
-4.3,-1.8,450.9,22
-4.3,-1.8,450.9,22
-4.3,-1.8,450.9,22
-4.3,-1.8,450.9,22
-4.3,-1.8,450.9,22
-4.3,-1.8,450.9,22
-4.3,-1.8,450.9,22
-4.3,-1.8,450.9,22
-4.3,-1.8,450.9,22
-4.3,-1.8,450.9,22
-4.3,-1.8,450.9,22
-4.3,-1.8,450.9,22
-4.2,-1.8,450.9,22
-4.2,-1.8,450.9,22
-4.2,-1.8,450.9,22
-4.1,-1.8,450.9,22
-4.1,-1.8,450.9,22
-4.1,-1.8,450.9,22
-4.1,-1.8,450.9,22
-4.1,-1.8,450.9,22
-4.2,-1.9,450.9,22
-4.2,-1.9,450.9,22
-4.2,-1.9,450.9,22
-4.2,-1.9,450.9,22
-4.2,-1.9,450.9,22
-4.2,-1.8,450.9,22
-4.2,-1.8,450.9,22
-4.2,-1.8,450.9,22
-4.2,-1.8,450.9,22
-4,-1.8,450.9,22
-4,-1.8,450.9,22
-4,-1.8,450.9,22
-4,-1.8,450.9,22
-4.1,-1.8,450.9,22
-4.1,-1.8,450.9,22
-4.1,-1.8,450.9,22
-4.1,-1.8,450.9,22
-4.1,-1.8,450.9,22
-4.1,-1.8,450.9,22
-4.1,-1.8,450.9,22
-4.1,-1.8,450.9,22
-4.1,-1.8,450.9,22
-4.1,-1.8,450.9,22
-4.1,-1.8,450.9,22
-4.1,-1.8,450.9,22
-4,-1.8,450.9,22
-4,-1.9,450.9,22
-4,-1.9,450.9,22
-4,-1.9,450.9,22
-4,-1.8,450.9,22
-4,-1.8,450.9,22
-4,-1.8,450.9,22
-4,-1.8,450.9,22
-4.1,-1.8,450.9,22
-4.1,-1.8,450.9,22
-4.1,-1.8,450.9,22
-4.1,-1.8,450.9,22
-4.1,-1.8,450.9,22
-4.1,-1.8,450.9,22
-4.1,-1.8,450.9,22
-4.1,-1.8,450.9,22
-4,-1.8,450.9,22
-4,-1.8,450.9,22
-4,-1.8,450.9,22
-4,-1.8,450.9,22
-4,-1.8,450.9,22
-4.3,-1.9,450.9,22
-4.3,-1.9,451,22
-4.3,-1.9,451,22
-4.3,-1.9,451,22
-4.2,-1.9,451,22
-4.2,-1.9,451,22
-4.2,-1.9,451,22
-4.2,-1.9,451,22
-4.3,-1.9,451,22
-4.3,-1.8,450.9,22
-4.3,-1.8,450.9,22
-4.3,-1.8,450.9,22
-4.3,-1.8,450.9,22
-4.1,-1.8,451,22
-4.1,-1.8,451,22
-4.1,-1.8,451,22
-4.1,-1.8,451,22
-4,-1.8,451,22
-4,-1.8,450.9,22
-4,-1.8,450.9,22
-4,-1.8,450.9,22
-4,-1.8,450.9,22
-4.3,-1.9,451,22
-4.3,-1.9,451,22
-4.3,-1.9,451,22
-4.3,-1.9,451,22
-4.3,-1.8,451,22
-4.3,-1.8,451,22
-4.3,-1.8,451,22
-4.3,-1.8,451,22
-4.3,-1.8,451,22
-4.3,-1.8,451,22
-4.3,-1.8,451,22
-4.3,-1.8,451,22
-4.3,-1.8,451,22
-4,-1.8,451,22
-4,-1.8,451,22
-4,-1.8,451,22
-4,-1.8,451,22
-4,-1.8,451,22
-4.3,-1.9,451,22
-4.3,-1.9,451,22
-4.3,-1.9,451,22
-4.3,-1.9,451,22
-4.2,-1.8,451,22
-4.2,-1.8,451,22
-4.2,-1.8,451,22
-4.2,-1.8,451,22
-4.2,-1.8,451,22
-4,-1.8,451,22
-4,-1.8,451,22
-4,-1.8,451,22
-4,-1.8,451,22
-4,-1.8,451,22
-4,-1.8,451,22
-4,-1.8,451,22
-4.2,-1.8,451,22
-4.2,-1.8,451,22
-4.2,-1.8,451,22
-4.2,-1.8,451,22
-4.2,-1.8,451,22
-4,-1.8,451,22
-4,-1.8,451,22
-4,-1.8,451,22
-4,-1.8,451,22
-4,-1.8,451,22
-4,-1.8,451,22
-4,-1.8,451,22
-4,-1.8,451,22
-4,-1.8,451,22
-4.3,-1.9,451,22
-4.3,-1.9,451,22
-4.3,-1.9,451,22
-4.3,-1.9,451,22
-4.3,-1.8,451.1,22
-4.3,-1.8,451.1,22
-4.3,-1.8,451.1,22
-4.3,-1.8,451.1,22
-3.9,-1.8,451.1,22
-3.9,-1.8,451,22
-3.9,-1.8,451,22
-3.9,-1.8,451,22
-4.2,-1.8,451,22
-4.2,-1.8,451,22
-4.2,-1.8,451,22
-4.2,-1.8,451,22
-4.2,-1.8,451,22
-4.1,-1.9,451,22
-4.1,-1.9,451,22
-4.1,-1.9,451,22
-4.1,-1.9,451,22
-4.1,-1.9,451,22
-4.3,-1.8,451.1,22
-4.3,-1.8,451.1,22
-4.3,-1.8,451.1,22
-4.3,-1.8,451.1,22
-4.2,-1.8,451.1,22
-4.2,-1.8,451.1,22
-4.2,-1.8,451.1,22
-4.2,-1.8,451.1,22
-4.2,-1.8,451.1,22
-4.2,-1.8,451,22
-4.2,-1.8,451,22
-4.2,-1.8,451,22
-4.3,-1.8,451,22
-4.3,-1.8,451,22
-4.3,-1.8,451,22
-4.3,-1.8,451,22
-4.2,-1.8,451,22
-4.2,-1.8,451,22
-4.2,-1.8,451,22
-4.2,-1.8,451,22
-4.2,-1.8,451,22
-4.2,-1.8,451.1,22
-4.2,-1.8,451.1,22
-4.2,-1.8,451.1,22
-4.2,-1.8,451.1,22
-4.1,-1.8,451.1,22
-4.1,-1.8,451.1,22
-4.1,-1.8,451.1,22
-4.1,-1.8,451.1,22
-4.2,-1.9,451.1,22
-4.2,-1.9,451.1,22
-4.2,-1.9,451.1,22
-4.2,-1.9,451.1,22
-4.2,-1.9,451.1,22
-4.2,-1.8,451.1,22
-4.2,-1.8,451.1,22
-4.2,-1.8,451.1,22
-4.2,-1.8,451.1,22
-4.1,-1.8,451.1,22
-4.1,-1.8,451.1,22
-4.1,-1.8,451.1,22
-4.1,-1.8,451.1,22
-4.1,-1.8,451.1,22
-4.2,-1.8,451.1,22
-4.2,-1.8,451.1,22
-4.2,-1.8,451.1,22
-4.2,-1.8,451.1,22
-4.3,-1.8,451.1,22
-4.3,-1.9,451.1,22
-4.3,-1.9,451.1,22
-4.3,-1.9,451.1,22
-4.3,-1.9,451.1,22
-4.3,-1.9,451.1,22
-4.3,-1.9,451.1,22
-4.3,-1.9,451.1,22
-4.3,-1.9,451.1,22
-4.2,-1.8,451.1,22
-4.2,-1.8,451.1,22
-4.2,-1.8,451.1,22
-4.2,-1.8,451.1,22
-4,-1.8,451.1,22
-4,-1.8,451.1,22
-4,-1.8,451.1,22
-4,-1.8,451.1,22
-4.2,-1.8,451.1,22
-4.2,-1.8,451.1,22
-4.2,-1.8,451.1,22
-4.2,-1.8,451.1,22
-4,-1.8,451.1,22
-4,-1.8,451.1,22
-4,-1.8,451.1,22
-4,-1.8,451.1,22
-4,-1.8,451.1,22
-4,-1.8,451.1,22
-4,-1.8,451.1,22
-4,-1.8,451.1,22
-4,-1.8,451.1,22
-4.2,-1.9,451.1,22
-4.2,-1.9,451.1,22
-4.2,-1.9,451.1,22
-4.2,-1.9,451.1,22
-4.2,-1.9,451.1,22
-4.2,-1.8,451.1,22
-4.2,-1.8,451.1,22
-4.2,-1.8,451.1,22
-4.2,-1.8,451.1,22
-4.2,-1.8,451.1,22
-4.2,-1.8,451.1,22
-4.2,-1.8,451.1,22
-4.2,-1.8,451.1,22
-4.2,-1.8,451.1,22
-4.2,-1.8,451.1,22
-4.2,-1.8,451.1,22
-4.2,-1.8,451.1,22
-4.2,-1.8,451.1,22
-4.1,-1.8,451.1,22
-4.1,-1.8,451.1,22
-4.1,-1.8,451.1,22
-4.1,-1.8,451.1,22
-4.3,-1.9,451.1,22
-4.3,-1.9,451.2,22
-4.3,-1.9,451.2,22
-4.3,-1.9,451.2,22
-4.3,-1.9,451.2,22
-4.3,-1.8,451.2,22
-4.3,-1.8,451.2,22
-4.3,-1.8,451.2,22
-4.3,-1.8,451.2,22
-3.9,-1.8,451.2,22
-3.9,-1.8,451.1,22
-3.9,-1.8,451.1,22
-3.9,-1.8,451.1,22
-3.9,-1.8,451.1,22
-4.1,-1.8,451.1,22
-4.1,-1.8,451.1,22
-4.1,-1.8,451.1,22
-4.1,-1.8,451.1,22
-4.1,-1.7,451.1,22
-4.1,-1.7,451.1,22
-4.1,-1.7,451.1,22
-4.2,-1.8,451.1,22
-4.2,-1.8,451.2,22
-4.2,-1.8,451.2,22
-4.2,-1.8,451.2,22
-4.2,-1.8,451.2,22
-4,-1.8,451.2,22
-4,-1.8,451.2,22
-4,-1.8,451.2,22
-4,-1.8,451.2,22
-4.3,-1.9,451.2,22
-4.3,-1.9,451.2,22
-4.3,-1.9,451.2,22
-4.3,-1.9,451.2,22
-4.3,-1.9,451.2,22
-4.3,-1.9,451.2,22
-4.3,-1.9,451.2,22
-4.3,-1.9,451.2,22
-4.3,-1.9,451.2,22
-4.2,-1.8,451.2,22
-4.2,-1.8,451.2,22
-4.2,-1.8,451.2,22
-4.2,-1.8,451.2,22
-4.3,-1.8,451.2,22
-4.3,-1.8,451.2,22
-4.3,-1.8,451.2,22
-4.3,-1.8,451.2,22
-4.3,-1.8,451.2,22
-4,-1.8,451.3,22
-4,-1.8,451.3,22
-4,-1.8,451.3,22
-4,-1.8,451.3,22
-4.1,-1.9,451.3,22
-4.1,-1.9,451.3,22
-4.1,-1.9,451.3,22
-4.1,-1.9,451.3,22
-4.1,-1.9,451.3,22
-4.3,-1.8,451.3,22
-4.3,-1.8,451.3,22
-4.3,-1.8,451.3,22
-4.3,-1.8,451.3,22
-4.3,-1.8,451.3,22
-4.3,-1.8,451.3,22
-4.3,-1.8,451.3,22
-4.3,-1.8,451.3,22
-4.2,-1.8,451.3,22
-4.2,-1.8,451.3,22
-4.2,-1.8,451.3,22
-4.2,-1.8,451.3,22
-4.2,-1.8,451.3,22
-4.2,-1.8,451.3,22
-4.2,-1.8,451.3,22
-4.2,-1.8,451.3,22
-4.1,-1.8,451.3,22
-4.1,-1.8,451.3,22
-4.1,-1.8,451.3,22
-4.1,-1.8,451.3,22
-4.1,-1.8,451.3,22
-4.1,-1.9,451.3,22
-4.1,-1.9,451.3,22
-4.1,-1.9,451.3,22
-4.1,-1.9,451.3,22
-4.3,-1.9,451.3,22
-4.3,-1.9,451.3,22
-4.3,-1.9,451.3,22
-4.3,-1.9,451.3,22
-4.3,-1.9,451.3,22
-4.3,-1.8,451.3,22
-4.3,-1.8,451.3,22
-4.3,-1.8,451.3,22
-4.3,-1.8,451.3,22
-4.1,-1.8,451.3,22
-4.1,-1.8,451.3,22
-4.1,-1.8,451.3,22
-4.1,-1.8,451.3,22
-4.1,-1.8,451.3,22
-4.1,-1.8,451.3,22
-4.1,-1.8,451.3,22
-4.1,-1.8,451.3,22
-4.1,-1.8,451.3,22
-4.2,-1.9,451.3,22
-4.2,-1.9,451.3,22
-4.2,-1.9,451.3,22
-4.2,-1.9,451.3,22
-4.2,-1.9,451.3,22
-4.1,-1.9,451.3,22
-4.1,-1.8,451.3,22
-4.1,-1.8,451.3,22
-4.1,-1.8,451.3,22
-4.1,-1.8,451.3,22
-4.1,-1.8,451.3,22
-4.1,-1.8,451.3,22
-4.1,-1.8,451.3,22
-3.9,-1.8,451.3,22
-3.9,-1.7,451.3,22
-3.9,-1.7,451.3,22
-3.9,-1.7,451.3,22
-4.1,-1.7,451.3,22
-4.1,-1.8,451.3,22
-4.1,-1.8,451.3,22
-4.1,-1.8,451.3,22
-4.1,-1.8,451.3,22
-4.3,-1.9,451.3,22
-4.3,-1.9,451.4,22
-4.3,-1.9,451.4,22
-4.3,-1.9,451.4,22
-4,-1.8,451.3,22
-4,-1.8,451.3,22
-4,-1.8,451.3,22
-4,-1.8,451.3,22
-4.4,-1.8,451.3,22
-4.4,-1.8,451.3,22
-4.4,-1.8,451.3,22
-4.4,-1.8,451.3,22
-4.4,-1.8,451.3,22
-4.3,-1.9,451.3,22
-4.3,-1.9,451.3,22
-4.3,-1.9,451.3,22
-4.3,-1.9,451.3,22
-4.1,-1.9,451.3,22
-4.1,-1.8,451.3,22
-4.1,-1.8,451.3,22
-4.1,-1.8,451.3,22
-4.1,-1.8,451.3,22
-4.3,-1.9,451.3,22
-4.3,-1.9,451.4,22
-4.3,-1.9,451.4,22
-4.3,-1.9,451.4,22
-4.2,-1.9,451.4,22
-4.2,-1.8,451.4,22
-4.2,-1.8,451.4,22
-4.2,-1.8,451.4,22
-4.3,-1.9,451.4,22
-4.3,-1.9,451.4,22
-4.3,-1.9,451.4,22
-4.3,-1.9,451.4,22
-4.3,-1.8,451.4,22
-4.3,-1.8,451.4,22
-4.3,-1.8,451.4,22
-4.3,-1.8,451.4,22
-4.3,-1.8,451.4,22
-4.1,-1.8,451.4,22
-4.1,-1.8,451.3,22
-4.1,-1.8,451.3,22
-4.1,-1.8,451.3,22
-4,-1.8,451.3,22
-4,-1.8,451.4,22
-4,-1.8,451.4,22
-4,-1.8,451.4,22
-4,-1.8,451.4,22
-4.2,-1.9,451.4,22
-4.2,-1.9,451.4,22
-4.2,-1.9,451.4,22
-4.2,-1.9,451.4,22
-4.3,-1.9,451.4,22
-4.3,-1.9,451.4,22
-4.3,-1.9,451.4,22
-4.3,-1.9,451.4,22
-4.3,-1.8,451.4,22
-4.3,-1.8,451.4,22
-4.3,-1.8,451.4,22
-4.3,-1.8,451.4,22
-4.3,-1.8,451.4,22
-4.1,-1.8,451.3,22
-4.1,-1.8,451.3,22
-4.1,-1.8,451.3,22
-4.1,-1.8,451.3,22
-4.1,-1.8,451.3,22
-4.1,-1.9,451.4,22
-4.1,-1.9,451.4,22
-4.1,-1.9,451.4,22
-4.1,-1.9,451.4,22
-4.3,-1.9,451.4,22
-4.3,-1.9,451.4,22
-4.3,-1.9,451.4,22
-4.3,-1.9,451.4,22
-4.2,-1.8,451.4,22
-4.2,-1.8,451.4,22
-4.2,-1.8,451.4,22
-4.2,-1.8,451.4,22
-4.2,-1.8,451.4,22
-4,-1.8,451.4,22
-4,-1.8,451.4,22
-4,-1.8,451.4,22
-4,-1.8,451.4,22
-4.1,-1.8,451.4,22
-4.1,-1.9,451.4,22
-4.1,-1.9,451.4,22
-4.1,-1.9,451.4,22
-4.1,-1.9,451.4,22
-4.1,-1.8,451.4,22
-4.1,-1.8,451.4,22
-4.1,-1.8,451.4,22
-4.1,-1.8,451.4,22
-4.3,-1.9,451.4,22
-4.3,-1.9,451.4,22
-4.3,-1.9,451.4,22
-4.3,-1.9,451.4,22
-4.3,-1.9,451.4,22
-4.3,-1.9,451.4,22
-4.3,-1.9,451.4,22
-4.2,-1.9,451.4,22
-4.2,-1.9,451.4,22
-4.2,-1.9,451.4,22
-4.2,-1.9,451.4,22
-4,-1.8,451.4,22
-4,-1.8,451.4,22
-4,-1.8,451.4,22
-4,-1.8,451.4,22
-4.2,-1.8,451.4,22
-4.2,-1.9,451.4,22
-4.2,-1.9,451.4,22
-4.2,-1.9,451.4,22
-4.2,-1.9,451.4,22
-4.3,-1.8,451.4,22
-4.3,-1.8,451.4,22
-4.3,-1.8,451.4,22
-4.3,-1.8,451.4,22
-4.2,-1.8,451.4,22
-4.2,-1.8,451.4,22
-4.2,-1.8,451.4,22
-4.2,-1.8,451.4,22
-4.2,-1.8,451.4,22
-4.1,-1.8,451.4,22
-4.1,-1.8,451.4,22
-4.1,-1.8,451.4,22
-4.1,-1.8,451.4,22
-4.1,-1.8,451.4,22
-4.3,-1.9,451.5,22
-4.3,-1.9,451.5,22
-4.3,-1.9,451.5,22
-4.3,-1.9,451.5,22
-4.2,-1.8,451.5,22
-4.2,-1.8,451.4,22
-4.2,-1.8,451.4,22
-4.2,-1.8,451.4,22
-4.2,-1.8,451.4,22
-4.1,-1.8,451.4,22
-4.1,-1.8,451.4,22
-4.1,-1.8,451.4,22
-4.1,-1.8,451.4,22
-4,-1.9,451.4,22
-4,-1.9,451.5,22
-4,-1.9,451.5,22
-4,-1.9,451.5,22
-4,-1.9,451.5,22
-4.4,-1.9,451.5,22
-4.4,-1.9,451.5,22
-4.4,-1.9,451.5,22
-4.4,-1.9,451.5,22
-4.3,-1.8,451.5,22
-4.3,-1.8,451.5,22
-4.3,-1.8,451.5,22
-4.3,-1.8,451.5,22
-4.3,-1.8,451.5,22
-4.3,-1.8,451.5,22
-4.3,-1.8,451.5,22
-4.2,-1.8,451.5,22
-4.2,-1.8,451.5,22
-4.2,-1.8,451.5,22
-4.2,-1.8,451.5,22
-4.1,-1.8,451.5,22
-4.1,-1.8,451.5,22
-4.1,-1.8,451.5,22
-4.1,-1.8,451.5,22
-4.2,-1.8,451.5,22
-4.2,-1.9,451.5,22
-4.2,-1.9,451.5,22
-4.2,-1.9,451.5,22
-4.2,-1.9,451.5,22
-4.2,-1.9,451.5,22
-4.2,-1.9,451.5,22
-4.2,-1.9,451.5,22
-4.2,-1.9,451.5,22
-4.2,-1.8,451.5,22
-4.2,-1.8,451.5,22
-4.2,-1.8,451.5,22
-4.2,-1.8,451.5,22
-4.2,-1.7,451.5,22
-4.2,-1.7,451.5,22
-4.2,-1.7,451.5,22
-4.2,-1.7,451.5,22
-4,-1.7,451.5,22
-4,-1.8,451.4,22
-4,-1.8,451.4,22
-4,-1.8,451.4,22
-4.1,-1.8,451.4,22
-4.1,-1.8,451.4,22
-4.1,-1.8,451.4,22
-4.1,-1.8,451.4,22
-4.1,-1.8,451.4,22
-4.1,-1.8,451.5,22
-4.1,-1.8,451.5,22
-4.1,-1.8,451.5,22
-4.1,-1.8,451.5,22
-4.2,-1.8,451.5,22
-4.2,-1.8,451.5,22
-4.2,-1.8,451.5,22
-4.2,-1.8,451.5,22
-4.2,-1.8,451.5,22
-4.2,-1.8,451.5,22
-4.2,-1.8,451.5,22
-4.2,-1.8,451.5,22
-4.2,-1.8,451.5,22
-4.2,-1.8,451.5,22
-4.2,-1.8,451.5,22
-4,-1.8,451.5,22
-4,-1.8,451.5,22
-4,-1.8,451.5,22
-4,-1.8,451.5,22
-4.1,-1.8,451.5,22
-4.1,-1.8,451.5,22
-4.1,-1.8,451.5,22
-4.1,-1.8,451.5,22
-4.3,-1.8,451.5,22
-4.3,-1.8,451.5,22
-4.3,-1.8,451.5,22
-4.3,-1.8,451.5,22
-4,-1.8,451.5,22
-4,-1.8,451.5,22
-4,-1.8,451.5,22
-4,-1.8,451.5,22
-4,-1.8,451.5,22
-4.2,-1.9,451.5,22
-4.2,-1.9,451.5,22
-4.2,-1.9,451.5,22
-4.2,-1.9,451.5,22
-4.1,-1.9,451.5,22
-4.1,-1.9,451.5,22
-4.1,-1.9,451.5,22
-4.1,-1.9,451.5,22
-4.3,-1.9,451.5,22
-4.3,-1.9,451.6,22
-4.3,-1.9,451.6,22
-4.3,-1.9,451.6,22
-4.3,-1.9,451.6,22
-4.2,-1.8,451.5,22
-4.2,-1.8,451.5,22
-4.2,-1.8,451.5,22
-4.2,-1.8,451.5,22
-4.1,-1.8,451.5,22
-4.1,-1.8,451.5,22
-4.1,-1.8,451.5,22
-4.1,-1.8,451.5,22
-4.1,-1.8,451.5,22
-4.1,-1.8,451.5,22
-4.1,-1.8,451.5,22
-4.1,-1.8,451.5,22
-4.2,-1.8,451.5,22
-4.2,-1.8,451.6,22
-4.2,-1.8,451.6,22
-4.2,-1.8,451.6,22
-4.2,-1.8,451.6,22
-4.3,-1.8,451.6,22
-4.3,-1.9,451.6,22
-4.3,-1.9,451.6,22
-4.3,-1.9,451.6,22
-4.3,-1.9,451.6,22
-4.2,-1.8,451.5,22
-4.2,-1.8,451.5,22
-4.2,-1.8,451.5,22
-4.2,-1.8,451.5,22
-4,-1.8,451.5,22
-4,-1.8,451.5,22
-4,-1.8,451.5,22
-4,-1.8,451.5,22
-4.1,-1.8,451.5,22
-4.1,-1.8,451.5,22
-4.1,-1.8,451.5,22
-4.1,-1.8,451.5,22
-4.1,-1.8,451.5,22
-4.3,-1.8,451.5,22
-4.3,-1.8,451.6,22
-4.3,-1.8,451.6,22
-4.3,-1.8,451.6,22
-4.3,-1.8,451.6,22
-4.1,-1.8,451.5,22
-4.1,-1.8,451.5,22
-4.1,-1.8,451.5,22
-4.1,-1.8,451.5,22
-4.1,-1.8,451.5,22
-4.1,-1.8,451.5,22
-4.1,-1.8,451.5,22
-4.1,-1.8,451.5,22
-4.1,-1.8,451.5,22
-4.3,-1.9,451.6,22
-4.3,-1.9,451.6,22
-4.3,-1.9,451.6,22
-4.3,-1.9,451.6,22
-4.3,-1.9,451.6,22
-4.3,-1.9,451.6,22
-4.3,-1.9,451.6,22
-4.3,-1.9,451.6,22
-4.2,-1.9,451.6,22
-4.2,-1.8,451.6,22
-4.2,-1.8,451.6,22
-4.2,-1.8,451.6,22
-4.3,-1.8,451.6,22
-4.3,-1.8,451.6,22
-4.3,-1.8,451.6,22
-4.3,-1.8,451.6,22
-4.3,-1.8,451.6,22
-4.3,-1.8,451.6,22
-4.3,-1.8,451.6,22
-4.3,-1.8,451.6,22
-4.3,-1.8,451.6,22
-4.1,-1.8,451.6,22
-4.1,-1.8,451.6,22
-4.1,-1.8,451.6,22
-4.3,-1.9,451.6,22
-4.3,-1.9,451.6,22
-4.3,-1.9,451.6,22
-4.3,-1.9,451.6,22
-4.3,-1.8,451.6,22
-4.3,-1.8,451.6,22
-4.3,-1.8,451.6,22
-4,-1.8,451.6,22
-4,-1.8,451.6,22
-4,-1.8,451.6,22
-4,-1.8,451.6,22
-4.2,-1.8,451.6,22
-4.2,-1.8,451.6,22
-4.2,-1.8,451.6,22
-4.2,-1.8,451.6,22
-4,-1.8,451.6,22
-4,-1.8,451.6,22
-4,-1.8,451.6,22
-4,-1.8,451.6,22
-4,-1.8,451.6,22
-4.3,-1.9,451.6,22
-4.3,-1.9,451.6,22
-4.3,-1.9,451.6,22
-4.3,-1.9,451.6,22
-4.3,-1.9,451.6,22
-4.1,-1.8,451.6,22
-4.1,-1.8,451.6,22
-4.1,-1.8,451.6,22
-4.1,-1.8,451.6,22
-4.1,-1.8,451.6,22
-4.2,-1.9,451.7,22
-4.2,-1.9,451.7,22
-4.2,-1.9,451.7,22
-4.2,-1.9,451.7,22
-4.3,-1.9,451.6,22
-4.3,-1.9,451.6,22
-4.3,-1.9,451.6,22
-4.3,-1.9,451.6,22
-4.3,-1.9,451.7,22
-4.3,-1.9,451.7,22
-4.3,-1.9,451.7,22
-4.3,-1.9,451.7,22
-4.3,-1.8,451.7,22
-4.3,-1.8,451.7,22
-4.3,-1.8,451.7,22
-4.3,-1.8,451.7,22
-4.3,-1.9,451.7,22
-4.3,-1.9,451.7,22
-4.3,-1.9,451.7,22
-4.3,-1.9,451.7,22
-4.3,-1.9,451.7,22
-4,-1.8,451.6,22
-4,-1.8,451.6,22
-4,-1.8,451.6,22
-4,-1.8,451.6,22
-4,-1.8,451.6,22
-4,-1.8,451.6,22
-4,-1.8,451.6,22
-4.2,-1.8,451.6,22
-4.2,-1.8,451.6,22
-4.2,-1.8,451.6,22
-4.2,-1.8,451.6,22
-4.2,-1.8,451.6,22
-4.2,-1.8,451.6,22
-4.2,-1.8,451.6,22
-4.2,-1.8,451.6,22
-4.3,-1.8,451.6,22
-4.3,-1.8,451.7,22
-4.3,-1.8,451.7,22
-4.3,-1.8,451.7,22
-4.2,-1.8,451.7,22
-4.2,-1.8,451.6,22
-4.2,-1.8,451.6,22
-4.2,-1.8,451.6,22
-4.2,-1.8,451.6,22
-4,-1.8,451.6,22
-4,-1.8,451.6,22
-4,-1.8,451.6,22
-4,-1.8,451.6,22
-4.1,-1.8,451.6,22
-4.1,-1.9,451.6,22
-4.1,-1.9,451.6,22
-4.1,-1.9,451.6,22
-4.1,-1.8,451.6,22
-4.1,-1.8,451.6,22
-4.1,-1.8,451.6,22
-4.1,-1.8,451.6,22
-4,-1.8,451.6,22
-4,-1.8,451.6,22
-4,-1.8,451.6,22
-4,-1.8,451.6,22
-4,-1.8,451.6,22
-4.3,-1.9,451.7,22
-4.3,-1.9,451.7,22
-4.3,-1.9,451.7,22
-4.3,-1.9,451.7,22
-4.2,-1.9,451.7,22
-4.2,-1.9,451.7,22
-4.2,-1.9,451.7,22
-4.2,-1.9,451.7,22
-4.2,-1.8,451.7,22
-4.2,-1.8,451.7,22
-4.2,-1.8,451.7,22
-4.2,-1.8,451.7,22
-4.3,-1.9,451.7,22
-4.3,-1.9,451.7,22
-4.3,-1.9,451.7,22
-4.1,-1.8,451.7,22
-4.1,-1.8,451.7,22
-4.1,-1.8,451.7,22
-4.1,-1.8,451.7,22
-4,-1.7,451.7,22
-4,-1.7,451.7,22
-4,-1.7,451.7,22
-4.3,-1.9,451.7,22
-4.3,-1.9,451.7,22
-4.3,-1.9,451.7,22
-4.3,-1.9,451.7,22
-4.2,-1.9,451.7,22
-4.2,-1.9,451.7,22
-4.2,-1.9,451.7,22
-4.2,-1.9,451.7,22
-4.3,-1.8,451.7,22
-4.3,-1.8,451.7,22
-4.3,-1.8,451.7,22
-4.3,-1.8,451.7,22
-4.3,-1.9,451.7,22
-4.3,-1.9,451.7,22
-4.3,-1.9,451.7,22
-4.3,-1.9,451.7,22
-4.2,-1.9,451.7,22
-4.2,-1.9,451.7,22
-4.2,-1.9,451.7,22
-4.1,-1.9,451.7,22
-4.1,-1.8,451.7,22
-4.1,-1.8,451.7,22
-4.1,-1.8,451.7,22
-4.1,-1.8,451.7,22
-4.2,-1.8,451.7,22
-4.2,-1.8,451.7,22
-4.2,-1.8,451.7,22
-4.2,-1.8,451.7,22
-4.3,-1.9,451.7,22
-4.3,-1.9,451.7,22
-4.3,-1.9,451.7,22
-4.3,-1.9,451.7,22
-4.3,-1.9,451.7,22
-4.1,-1.8,451.7,22
-4.1,-1.8,451.7,22
-4.1,-1.8,451.7,22
-4.1,-1.8,451.7,22
-4.1,-1.8,451.7,22
-4.1,-1.8,451.7,22
-4.1,-1.8,451.7,22
-4.1,-1.8,451.7,22
-4,-1.8,451.7,22
-4,-1.8,451.7,22
-4,-1.8,451.7,22
-4,-1.8,451.7,22
-4.1,-1.8,451.7,22
-4.1,-1.8,451.7,22
-4.1,-1.8,451.7,22
-4.1,-1.8,451.7,22
-4.1,-1.8,451.7,22
-4.1,-1.8,451.7,22
-4.1,-1.8,451.7,22
-4.3,-1.8,451.7,22
-4.3,-1.8,451.7,22
-4.3,-1.8,451.7,22
-4.3,-1.8,451.7,22
-4.3,-1.8,451.7,22
-4,-1.8,451.7,22
-4,-1.8,451.7,22
-4,-1.8,451.7,22
-4,-1.8,451.7,22
-4.1,-1.8,451.7,22
-4.1,-1.8,451.7,22
-4.1,-1.8,451.7,22
-4.1,-1.8,451.7,22
-4.1,-1.8,451.7,22
-4.3,-1.8,451.7,22
-4.3,-1.8,451.8,22
-4.3,-1.8,451.8,22
-4.3,-1.8,451.8,22
-4.3,-1.8,451.8,22
-4.3,-1.8,451.8,22
-4.3,-1.8,451.8,22
-4.3,-1.8,451.8,22
-4.2,-1.9,451.8,22
-4.2,-1.9,451.8,22
-4.2,-1.9,451.8,22
-4.2,-1.9,451.8,22
-4.2,-1.9,451.8,22
-4.2,-1.9,451.8,22
-4.2,-1.9,451.8,22
-4.2,-1.9,451.8,22
-4.3,-1.9,451.8,22
-4.3,-1.9,451.8,22
-4.3,-1.9,451.8,22
-4.3,-1.9,451.8,22
-4.3,-1.9,451.8,22
-4,-1.8,451.7,22
-4,-1.8,451.7,22
-4,-1.8,451.7,22
-4,-1.8,451.7,22
-4.1,-1.8,451.7,22
-4.1,-1.8,451.8,22
-4.1,-1.8,451.8,22
-4.1,-1.8,451.8,22
-4,-1.8,451.7,22
-4,-1.8,451.7,22
-4,-1.8,451.7,22
-4,-1.8,451.7,22
-4.1,-1.8,451.7,22
-4.1,-1.8,451.7,22
-4.1,-1.8,451.7,22
-4.3,-1.8,451.7,22
-4.3,-1.8,451.8,22
-4.3,-1.8,451.8,22
-4.3,-1.8,451.8,22
-4.3,-1.8,451.8,22
-4.1,-1.8,451.7,22
-4.1,-1.8,451.7,22
-4.1,-1.8,451.7,22
-4.1,-1.8,451.7,22
-4,-1.8,451.8,22
-4,-1.8,451.8,22
-4,-1.8,451.8,22
-4,-1.8,451.8,22
-4,-1.8,451.8,22
-4,-1.8,451.8,22
-4,-1.8,451.8,22
-4,-1.8,451.8,22
-4.1,-1.8,451.8,22
-4.1,-1.8,451.8,22
-4.1,-1.8,451.8,22
-4.1,-1.8,451.8,22
-4,-1.8,451.8,22
-4,-1.8,451.8,22
-4,-1.8,451.8,22
-4,-1.8,451.8,22
-4.1,-1.8,451.8,22
-4.1,-1.8,451.8,22
-4.1,-1.8,451.8,22
-4.1,-1.8,451.8,22
-4.1,-1.8,451.8,22
-4.1,-1.8,451.8,22
-4.1,-1.8,451.8,22
-4.1,-1.8,451.8,22
-4.1,-1.8,451.8,22
-4.1,-1.8,451.8,22
-4.1,-1.8,451.8,22
-4.1,-1.8,451.8,22
-4.1,-1.8,451.8,22
-4.1,-1.8,451.8,22
-4.1,-1.8,451.8,22
-4.1,-1.8,451.8,22
-4.2,-1.8,451.8,22
-4.2,-1.9,451.8,22
-4.2,-1.9,451.8,22
-4.2,-1.9,451.8,22
-4.2,-1.9,451.8,22
-4.3,-1.9,451.9,22
-4.3,-1.9,451.9,22
-4.3,-1.9,451.9,22
-4.3,-1.9,451.9,22
-4.3,-1.9,451.9,22
-4.3,-1.9,451.9,22
-4.3,-1.9,451.9,22
-4.3,-1.9,451.9,22
-4.3,-1.9,451.8,22
-4.3,-1.9,451.8,22
-4.3,-1.9,451.8,22
-4.3,-1.9,451.8,22
-4.3,-1.9,451.9,22
-4.3,-1.9,451.9,22
-4.3,-1.9,451.9,22
-4.3,-1.9,451.9,22
-4.1,-1.9,451.9,22
-4.1,-1.8,451.8,22
-4.1,-1.8,451.8,22
-4.1,-1.8,451.8,22
-4.1,-1.8,451.8,22
-4.1,-1.8,451.8,22
-4.1,-1.8,451.8,22
-4.1,-1.8,451.8,22
-4.1,-1.8,451.8,22
-4.1,-1.8,451.8,22
-4.1,-1.8,451.8,22
-4.1,-1.8,451.8,22
-4.1,-1.8,451.8,22
-4.1,-1.8,451.8,22
-4.1,-1.8,451.8,22
-4.1,-1.8,451.8,22
-4.1,-1.8,451.8,22
-4.1,-1.8,451.8,22
-4.1,-1.8,451.8,22
-4.1,-1.8,451.8,22
-4.1,-1.8,451.8,22
-4.1,-1.8,451.8,22
-4.1,-1.8,451.8,22
-4.1,-1.8,451.8,22
-4.1,-1.8,451.8,22
-4.1,-1.8,451.9,22
-4.1,-1.8,451.9,22
-4.1,-1.8,451.9,22
-4.1,-1.8,451.9,22
-4.1,-1.8,451.8,22
-4.1,-1.8,451.8,22
-4.1,-1.8,451.8,22
-4.1,-1.8,451.8,22
-3.9,-1.8,451.9,22
-3.9,-1.8,451.9,22
-3.9,-1.8,451.9,22
-3.9,-1.8,451.9,22
-4.2,-1.9,451.9,22
-4.2,-1.9,451.9,22
-4.2,-1.9,451.9,22
-4.2,-1.9,451.9,22
-4.4,-1.9,451.9,22
-4.4,-1.9,451.9,22
-4.4,-1.9,451.9,22
-4.4,-1.9,451.9,22
-4.1,-1.8,451.9,22
-4.1,-1.8,451.9,22
-4.1,-1.8,451.9,22
-4.1,-1.8,451.9,22
-4.1,-1.9,451.9,22
-4.1,-1.9,451.9,22
-4.1,-1.9,451.9,22
-4.1,-1.9,451.9,22
-4.3,-1.9,451.9,22
-4.3,-1.9,451.9,22
-4.3,-1.9,451.9,22
-4.3,-1.9,451.9,22
-4.3,-1.9,451.9,22
-4.3,-1.9,451.9,22
-4.3,-1.9,451.9,22
-4.3,-1.9,451.9,22
-4.3,-1.9,451.9,22
-4.2,-1.8,451.9,22
-4.2,-1.8,451.9,22
-4.2,-1.8,451.9,22
-4.2,-1.8,451.9,22
-4,-1.8,451.9,22
-4,-1.8,451.9,22
-4,-1.8,451.9,22
-4,-1.8,451.9,22
-4.1,-1.8,451.9,22
-4.1,-1.8,451.9,22
-4.1,-1.8,451.9,22
-4.1,-1.8,451.9,22
-4.1,-1.8,451.9,22
-4.1,-1.8,451.9,22
-4.1,-1.8,451.9,22
-4.1,-1.8,451.9,22
-4.1,-1.7,451.9,22
-4.1,-1.7,451.9,22
-4.1,-1.7,451.9,22
-4.1,-1.7,451.9,22
-4,-1.7,451.9,22
-4,-1.8,451.9,22
-4,-1.8,451.9,22
-4,-1.8,451.9,22
-4,-1.8,451.9,22
-4,-1.8,451.9,22
-4,-1.8,451.9,22
-4,-1.8,451.9,22
-4,-1.8,451.9,22
-4.2,-1.8,451.9,22
-4.2,-1.8,451.9,22
-4.2,-1.8,451.9,22
-4,-1.8,451.9,22
-4,-1.9,451.9,22
-4,-1.9,451.9,22
-4,-1.9,451.9,22
-4.1,-1.9,451.9,22
-4.1,-1.8,451.9,22
-4.1,-1.8,451.9,22
-4.1,-1.8,451.9,22
-4.1,-1.8,451.9,22
-4.1,-1.8,451.9,22
-4.1,-1.8,451.9,22
-4.1,-1.8,451.9,22
-4,-1.8,451.9,22
-4,-1.8,451.9,22
-4,-1.8,451.9,22
-4.3,-1.8,451.9,22
-4.3,-1.8,451.9,22
-4.3,-1.8,451.9,22
-4.3,-1.8,451.9,22
-4.3,-1.9,451.9,22
-4.3,-1.9,451.9,22
-4.3,-1.9,451.9,22
-4.3,-1.9,451.9,22
-4.3,-1.9,451.9,22
-4.1,-1.8,451.9,22
-4.1,-1.8,451.9,22
-4.1,-1.8,451.9,22
-4.1,-1.8,451.9,22
-4.1,-1.8,451.9,22
-4.1,-1.8,451.9,22
-4.1,-1.8,451.9,22
-4.2,-1.8,451.9,22
-4.2,-1.8,451.9,22
-4.2,-1.8,451.9,22
-4.2,-1.8,451.9,22
-4.2,-1.8,451.9,22
-4.1,-1.8,451.9,22
-4.1,-1.8,451.9,22
-4.1,-1.8,451.9,22
-4.1,-1.8,451.9,22
-4.2,-1.8,451.9,22
-4.2,-1.8,451.9,22
-4.2,-1.8,451.9,22
-4.2,-1.8,451.9,22
-4.2,-1.8,451.9,22
-4.4,-1.9,452,22
-4.4,-1.9,452,22
-4.4,-1.9,452,22
-4.4,-1.9,452,22
-4.3,-1.9,452,22
-4.3,-1.9,452,22
-4.3,-1.9,452,22
-4.2,-1.9,452,22
-4.2,-1.9,451.9,22
-4.2,-1.9,451.9,22
-4.2,-1.9,451.9,22
-4.1,-1.9,451.9,22
-4.1,-1.9,452,22
-4.1,-1.9,452,22
-4.1,-1.9,452,22
-4.1,-1.8,451.9,22
-4.1,-1.8,451.9,22
-4.1,-1.8,451.9,22
-4.1,-1.8,451.9,22
-4.1,-1.8,451.9,22
-4.3,-1.9,452,22
-4.3,-1.9,452,22
-4.3,-1.9,452,22
-4.3,-1.9,452,22
-4.3,-1.8,452,22
-4.3,-1.8,452,22
-4.3,-1.8,452,22
-4.3,-1.8,452,22
-4.2,-1.8,452,22
-4.2,-1.8,452,22
-4.2,-1.8,452,22
-4.2,-1.8,452,22
-4.3,-1.8,452,22
-4.3,-1.8,452,22
-4.3,-1.8,452,22
-4.3,-1.8,452,22
-4.3,-1.8,452,22
-4.3,-1.8,452,22
-4.3,-1.8,452,22
-4.1,-1.9,452,22
-4.1,-1.9,452,22
-4.1,-1.9,452,22
-4.1,-1.9,452,22
-4.2,-1.8,452,22
-4.2,-1.8,452,22
-4.2,-1.8,452,22
-4.2,-1.8,452,22
-4.2,-1.8,452,22
-4.1,-1.8,452,22
-4.1,-1.8,452,22
-4.1,-1.8,452,22
-4.1,-1.8,452,22
-4.1,-1.8,452,22
-4.1,-1.8,452,22
-4.1,-1.8,452,22
-4.1,-1.8,452,22
-4.2,-1.8,452,22
-4.2,-1.8,452,22
-4.2,-1.8,452,22
-4.2,-1.8,452,22
-4.3,-1.8,452,22
-4.3,-1.8,452,22
-4.3,-1.8,452,22
-4.3,-1.8,452,22
-4.3,-1.8,452,22
-4.3,-1.8,452,22
-4.3,-1.8,452,22
-4.3,-1.8,452,22
-4.3,-1.9,452,22
-4.3,-1.9,452,22
-4.3,-1.9,452,22
-4.2,-1.9,452,22
-4.2,-1.9,452,22
-4.2,-1.9,452,22
-4.2,-1.9,452,22
-4,-1.8,452,22
-4,-1.8,452,22
-4,-1.8,452,22
-4,-1.8,452,22
-4,-1.8,452,22
-4.3,-1.9,452,22
-4.3,-1.9,452,22
-4.3,-1.9,452,22
-4.3,-1.9,452,22
-4.1,-1.8,452,22
-4.1,-1.8,452,22
-4.1,-1.8,452,22
-4.1,-1.8,452,22
-4.3,-1.8,452.1,22
-4.3,-1.8,452.1,22
-4.3,-1.8,452.1,22
-4.3,-1.8,452.1,22
-4.3,-1.8,452.1,22
-4.3,-1.8,452,22
-4.3,-1.8,452,22
-4.3,-1.8,452,22
-4.2,-1.8,452,22
-4.2,-1.8,452,22
-4.2,-1.8,452,22
-4.2,-1.8,452,22
-4.1,-1.8,452,22
-4.1,-1.8,452,22
-4.1,-1.8,452,22
-4.1,-1.8,452,22
-4.1,-1.8,452,22
-4.1,-1.8,452,22
-4.1,-1.8,452,22
-4.1,-1.8,452,22
-4.1,-1.8,452,22
-4.3,-1.8,452,22
-4.3,-1.9,452.1,22
-4.3,-1.9,452.1,22
-4.3,-1.9,452.1,22
-4.1,-1.9,452,22
-4.1,-1.9,452,22
-4.1,-1.9,452,22
-4.1,-1.9,452,22
-4.1,-1.8,452,22
-4.1,-1.8,452.1,22
-4.1,-1.8,452.1,22
-4.1,-1.8,452.1,22
-4.4,-1.8,452.1,22
-4.4,-1.9,452.1,22
-4.4,-1.9,452.1,22
-4.4,-1.9,452.1,22
-4.4,-1.9,452.1,22
-4.4,-1.9,452.1,22
-4.4,-1.9,452.1,22
-4.4,-1.9,452.1,22
-4.3,-1.9,452.1,22
-4.3,-1.9,452.1,22
-4.3,-1.9,452.1,22
-4.3,-1.9,452.1,22
-4.2,-1.9,452.1,22
-4.2,-1.9,452.1,22
-4.2,-1.9,452.1,22
-4.2,-1.9,452.1,22
-4.2,-1.9,452.1,22
-4.2,-1.8,452.1,22
-4.2,-1.8,452.1,22
-4.2,-1.8,452.1,22
-4.2,-1.8,452.1,22
-4.2,-1.8,452.1,22
-4.2,-1.8,452.1,22
-4.2,-1.8,452.1,22
-4.3,-1.8,452.1,22
-4.3,-1.9,452.1,22
-4.3,-1.9,452.1,22
-4.3,-1.9,452.1,22
-4.3,-1.9,452.1,22
-4.1,-1.8,452.1,22
-4.1,-1.8,452,22
-4.1,-1.8,452,22
-4.1,-1.8,452,22
-4.1,-1.8,452,22
-4,-1.9,452.1,22
-4,-1.9,452.1,22
-4,-1.9,452.1,22
-4,-1.9,452.1,22
-4.2,-1.9,452.1,22
-4.2,-1.8,452.1,22
-4.2,-1.8,452.1,22
-4.2,-1.8,452.1,22
-4.1,-1.8,452.1,22
-4.1,-1.8,452.1,22
-4.1,-1.8,452.1,22
-4.1,-1.8,452.1,22
-4.1,-1.8,452.1,22
-4.1,-1.8,452.1,22
-4.1,-1.8,452.1,22
-4,-1.8,452.1,22
-4,-1.8,452.1,22
-4,-1.8,452.1,22
-4,-1.8,452.1,22
-4,-1.8,452.1,22
-4.3,-1.8,452.1,22
-4.3,-1.8,452.1,22
-4.3,-1.8,452.1,22
-4.3,-1.8,452.1,22
-4.2,-1.8,452.1,22
-4.2,-1.8,452.1,22
-4.2,-1.8,452.1,22
-4.2,-1.8,452.1,22
-4.4,-1.9,452.1,22
-4.4,-1.9,452.1,22
-4.4,-1.9,452.1,22
-4.4,-1.9,452.1,22
-4.3,-1.8,452.1,22
-4.3,-1.8,452.1,22
-4.3,-1.8,452.1,22
-4.3,-1.8,452.1,22
-4.2,-1.8,452.1,22
-4.2,-1.8,452.1,22
-4.2,-1.8,452.1,22
-4.2,-1.8,452.1,22
-4.3,-1.8,452.1,22
-4.3,-1.8,452.1,22
-4.3,-1.8,452.1,22
-4.3,-1.8,452.1,22
-4.3,-1.8,452.1,22
-4.1,-1.8,452.1,22
-4.1,-1.8,452.1,22
-4.1,-1.8,452.1,22
-4.1,-1.8,452.1,22
-4.1,-1.8,452.1,22
-4.3,-1.9,452.2,22
-4.3,-1.9,452.2,22
-4.3,-1.9,452.2,22
-4.3,-1.9,452.2,22
-4.3,-1.9,452.2,22
-4.3,-1.9,452.2,22
-4.3,-1.9,452.2,22
-4.3,-1.9,452.2,22
-4.2,-1.8,452.2,22
-4.2,-1.8,452.1,22
-4.2,-1.8,452.1,22
-4.2,-1.8,452.1,22
-4.2,-1.8,452.1,22
-4.1,-1.8,452.1,22
-4.1,-1.8,452.1,22
-4.1,-1.8,452.1,22
-4.1,-1.8,452.1,22
-4,-1.8,452.1,22
-4,-1.8,452.1,22
-4,-1.8,452.1,22
-4,-1.8,452.1,22
-4.2,-1.9,452.1,22
-4.2,-1.9,452.1,22
-4.2,-1.9,452.1,22
-4.2,-1.9,452.1,22
-4.2,-1.9,452.1,22
-4.2,-1.9,452.2,22
-4.2,-1.9,452.2,22
-4.2,-1.9,452.2,22
-4.2,-1.9,452.2,22
-4.3,-1.8,452.2,22
-4.3,-1.8,452.2,22
-4.3,-1.8,452.2,22
-4.3,-1.8,452.2,22
-4.2,-1.8,452.2,22
-4.2,-1.8,452.2,22
-4.2,-1.8,452.2,22
-4.2,-1.8,452.2,22
-4.1,-1.8,452.2,22
-4.1,-1.8,452.2,22
-4.1,-1.8,452.2,22
-4.1,-1.8,452.2,22
-4.2,-1.8,452.2,22
-4.2,-1.8,452.2,22
-4.2,-1.8,452.2,22
-4.2,-1.8,452.2,22
-4.2,-1.8,452.2,22
-4.1,-1.8,452.2,22
-4.1,-1.8,452.2,22
-4.1,-1.8,452.2,22
-4.1,-1.8,452.2,22
-4.1,-1.8,452.2,22
-4.2,-1.9,452.2,22
-4.2,-1.9,452.2,22
-4.2,-1.9,452.2,22
-4.2,-1.9,452.2,22
-4.3,-1.9,452.2,22
-4.3,-1.9,452.2,22
-4.3,-1.9,452.2,22
-4.3,-1.9,452.2,22
-4.2,-1.8,452.2,22
-4.2,-1.8,452.1,22
-4.2,-1.8,452.1,22
-4.2,-1.8,452.1,22
-4.2,-1.8,452.1,22
-4.2,-1.8,452.2,22
-4.2,-1.8,452.2,22
-4.3,-1.8,452.2,22
-4.3,-1.9,452.2,22
-4.3,-1.9,452.2,22
-4.3,-1.9,452.2,22
-4.3,-1.9,452.2,22
-4.3,-1.9,452.2,22
-4.3,-1.9,452.2,22
-4.3,-1.9,452.2,22
-4.3,-1.9,452.2,22
-4.3,-1.9,452.2,22
-4.3,-1.9,452.2,22
-4.3,-1.9,452.2,22
-4.1,-1.9,452.2,22
-4.1,-1.9,452.2,22
-4.1,-1.9,452.2,22
-4.1,-1.9,452.2,22
-4.1,-1.9,452.2,22
-4.3,-1.9,452.2,22
-4.3,-1.9,452.2,22
-4.3,-1.9,452.2,22
-4.1,-1.9,452.2,22
-4.1,-1.9,452.2,22
-4.1,-1.9,452.2,22
-4.1,-1.9,452.2,22
-4.1,-1.9,452.2,22
-4.3,-1.9,452.2,22
-4.3,-1.9,452.2,22
-4.3,-1.9,452.2,22
-4.3,-1.9,452.2,22
-4.2,-1.8,452.2,22
-4.2,-1.8,452.2,22
-4.2,-1.8,452.2,22
-4.2,-1.8,452.2,22
-4.2,-1.8,452.2,22
-4.2,-1.8,452.2,22
-4.2,-1.8,452.2,22
-4.2,-1.8,452.2,22
-4.2,-1.8,452.2,22
-4.1,-1.8,452.2,22
-4.1,-1.8,452.2,22
-4.1,-1.8,452.2,22
-4.1,-1.8,452.2,22
-4,-1.8,452.2,22
-4,-1.8,452.2,22
-4,-1.8,452.2,22
-4,-1.8,452.2,22
-4.1,-1.9,452.2,22
-4.1,-1.9,452.2,22
-4.1,-1.9,452.2,22
-4.1,-1.9,452.2,22
-4,-1.8,452.2,22
-4,-1.8,452.2,22
-4,-1.8,452.2,22
-4.3,-1.9,452.3,22
-4.3,-1.9,452.3,22
-4.3,-1.9,452.3,22
-4.3,-1.9,452.3,22
-4,-1.9,452.3,22
-4,-1.8,452.2,22
-4,-1.8,452.2,22
-4,-1.8,452.2,22
-3.9,-1.8,452.2,22
-3.9,-1.8,452.2,22
-3.9,-1.8,452.2,22
-3.9,-1.8,452.2,22
-3.9,-1.8,452.2,22
-4.2,-1.9,452.2,22
-4.2,-1.9,452.2,22
-4.2,-1.9,452.2,22
-4.2,-1.9,452.2,22
-4.1,-1.9,452.2,22
-4.1,-1.9,452.2,22
-4.1,-1.9,452.2,22
-4.1,-1.9,452.2,22
-4.1,-1.8,452.2,22
-4.1,-1.8,452.2,22
-4.1,-1.8,452.2,22
-4.1,-1.8,452.2,22
-4.3,-1.9,452.2,22
-4.3,-1.9,452.3,22
-4.3,-1.9,452.3,22
-4.3,-1.9,452.3,22
-4.1,-1.8,452.3,22
-4.1,-1.8,452.3,22
-4.1,-1.8,452.3,22
-4.1,-1.8,452.3,22
-4.1,-1.8,452.3,22
-4.2,-1.8,452.3,22
-4.2,-1.8,452.3,22
-4.2,-1.8,452.3,22
-4.2,-1.8,452.3,22
-4.2,-1.9,452.3,22
-4.2,-1.9,452.3,22
-4.2,-1.9,452.3,22
-4.2,-1.9,452.3,22
-4.3,-1.8,452.3,22
-4.3,-1.8,452.3,22
-4.3,-1.8,452.3,22
-4.3,-1.8,452.3,22
-4.1,-1.8,452.3,22
-4.1,-1.8,452.3,22
-4.1,-1.8,452.3,22
-4.3,-1.9,452.3,22
-4.3,-1.9,452.3,22
-4.3,-1.9,452.3,22
-4.3,-1.9,452.3,22
-4.4,-1.9,452.3,22
-4.4,-1.8,452.3,22
-4.4,-1.8,452.3,22
-4.4,-1.8,452.3,22
-4.2,-1.8,452.3,22
-4.2,-1.8,452.2,22
-4.2,-1.8,452.2,22
-4.2,-1.8,452.2,22
-4.2,-1.8,452.2,22
-4.1,-1.8,452.2,22
-4.1,-1.8,452.2,22
-4.1,-1.8,452.2,22
-4.1,-1.8,452.2,22
-4.1,-1.8,452.2,22
-4.1,-1.9,452.2,22
-4.1,-1.9,452.2,22
-4.1,-1.9,452.2,22
-4.1,-1.9,452.2,22
-4.1,-1.9,452.2,22
-4,-1.9,452.2,22
-4,-1.8,452.2,22
-4,-1.8,452.2,22
-4,-1.8,452.2,22
-4,-1.8,452.2,22
-4.1,-1.8,452.2,22
-4.1,-1.8,452.2,22
-4.1,-1.8,452.2,22
-4.1,-1.8,452.2,22
-4.3,-1.9,452.2,22
-4.3,-1.9,452.2,22
-4.3,-1.9,452.2,22
-4.3,-1.9,452.2,22
-4.1,-1.9,452.2,22
-4.1,-1.9,452.2,22
-4.1,-1.9,452.2,22
-4.1,-1.9,452.2,22
-4.2,-1.9,452.3,22
-4.2,-1.9,452.3,22
-4.2,-1.9,452.3,22
-4.2,-1.9,452.3,22
-4.3,-1.9,452.3,22
-4.3,-1.9,452.3,22
-4.3,-1.9,452.3,22
-4.3,-1.9,452.3,22
-4.3,-1.8,452.2,22
-4.3,-1.8,452.2,22
-4.3,-1.8,452.2,22
-4.3,-1.8,452.2,22
-4.3,-1.9,452.3,22
-4.3,-1.9,452.3,22
-4.3,-1.9,452.3,22
-4.3,-1.9,452.3,22
-4.1,-1.9,452.2,22
-4.1,-1.9,452.2,22
-4.1,-1.9,452.2,22
-4.1,-1.9,452.2,22
-4.1,-1.9,452.3,22
-4.1,-1.9,452.3,22
-4.1,-1.9,452.3,22
-4.1,-1.9,452.3,22
-4.3,-1.9,452.3,22
-4.3,-1.9,452.3,22
-4.3,-1.9,452.3,22
-4.3,-1.9,452.3,22
-4.3,-1.9,452.3,22
-4.3,-1.9,452.3,22
-4.3,-1.9,452.3,22
-4.3,-1.9,452.3,22
-4.3,-1.9,452.3,22
-4.1,-1.8,452.2,22
-4.1,-1.8,452.2,22
-4.1,-1.8,452.2,22
-4.1,-1.8,452.2,22
-4,-1.8,452.2,22
-4,-1.8,452.2,22
-4,-1.8,452.2,22
-4,-1.8,452.2,22
-4,-1.8,452.2,22
-4,-1.8,452.2,22
-4,-1.8,452.2,22
-4,-1.8,452.2,22
-4.1,-1.8,452.2,22
-4.1,-1.8,452.2,22
-4.1,-1.8,452.2,22
-4.1,-1.8,452.2,22
-4.1,-1.8,452.2,22
-4.2,-1.9,452.3,22
-4.2,-1.9,452.3,22
-4.2,-1.9,452.3,22
-4.2,-1.9,452.3,22
-4.3,-1.8,452.3,22
-4.3,-1.8,452.3,22
-4.3,-1.8,452.3,22
-4.3,-1.8,452.3,22
-4.3,-1.8,452.3,22
-4.3,-1.8,452.2,22
-4.3,-1.8,452.2,22
-4.3,-1.8,452.2,22
-4.3,-1.8,452.2,22
-4,-1.8,452.3,22
-4,-1.8,452.3,22
-4,-1.8,452.3,22
-4,-1.8,452.3,22
-4.1,-1.8,452.3,22
-4.1,-1.8,452.3,22
-4.1,-1.8,452.3,22
-4.1,-1.8,452.3,22
-4.1,-1.8,452.3,22
-4.1,-1.8,452.3,22
-4.1,-1.8,452.3,22
-4.1,-1.8,452.3,22
-4.1,-1.8,452.3,22
-4.1,-1.8,452.3,22
-4.1,-1.8,452.3,22
-4.1,-1.8,452.3,22
-4.1,-1.8,452.3,22
-4.3,-1.9,452.3,22
-4.3,-1.9,452.3,22
-4.3,-1.9,452.3,22
-4.3,-1.9,452.3,22
-4.2,-1.9,452.3,22
-4.2,-1.8,452.3,22
-4.2,-1.8,452.3,22
-4.2,-1.8,452.3,22
-4.2,-1.8,452.3,22
-4,-1.8,452.3,22
-4,-1.9,452.3,22
-4,-1.9,452.3,22
-4,-1.9,452.3,22
-4,-1.9,452.3,22
-4.4,-1.8,452.3,22
-4.4,-1.8,452.3,22
-4.4,-1.8,452.3,22
-4.4,-1.8,452.3,22
-4.4,-1.8,452.3,22
-4,-1.8,452.3,22
-4,-1.8,452.3,22
-4,-1.8,452.3,22
-4,-1.8,452.3,22
-4.1,-1.8,452.3,22
-4.1,-1.8,452.3,22
-4.1,-1.8,452.3,22
-4.1,-1.8,452.3,22
-4.1,-1.8,452.3,22
-4.3,-1.9,452.4,22
-4.3,-1.9,452.4,22
-4.3,-1.9,452.4,22
-4.3,-1.9,452.4,22
-4.1,-1.9,452.4,22
-4.1,-1.8,452.3,22
-4.1,-1.8,452.3,22
-4.1,-1.8,452.3,22
-4.1,-1.8,452.3,22
-4.1,-1.8,452.3,22
-4.1,-1.8,452.3,22
-4.1,-1.8,452.3,22
-4.1,-1.8,452.3,22
-4.1,-1.8,452.4,22
-4.1,-1.8,452.4,22
-4.1,-1.8,452.4,22
-4.3,-1.8,452.4,22
-4.3,-1.8,452.4,22
-4.3,-1.8,452.4,22
-4.3,-1.8,452.4,22
-4.2,-1.9,452.4,22
-4.2,-1.9,452.4,22
-4.2,-1.9,452.4,22
-4.2,-1.9,452.4,22
-4.2,-1.9,452.4,22
-4.1,-1.8,452.3,22
-4.1,-1.8,452.3,22
-4.1,-1.8,452.3,22
-4.3,-1.8,452.3,22
-4.3,-1.8,452.4,22
-4.3,-1.8,452.4,22
-4.3,-1.8,452.4,22
-4.3,-1.8,452.4,22
-3.9,-1.7,452.3,22
-3.9,-1.7,452.3,22
-3.9,-1.7,452.3,22
-4.3,-1.9,452.3,22
-4.3,-1.9,452.4,22
-4.3,-1.9,452.4,22
-4.3,-1.9,452.4,22
-4.3,-1.9,452.4,22
-4,-1.8,452.4,22
-4,-1.8,452.4,22
-4,-1.8,452.4,22
-4,-1.8,452.4,22
-4.1,-1.8,452.4,22
-4.1,-1.8,452.4,22
-4.1,-1.8,452.4,22
-4.1,-1.8,452.4,22
-4.1,-1.8,452.4,22
-4.2,-1.8,452.4,22
-4.2,-1.8,452.4,22
-4.2,-1.8,452.4,22
-4.2,-1.8,452.4,22
-4.2,-1.8,452.4,22
-4.1,-1.8,452.4,22
-4.1,-1.8,452.4,22
-4.1,-1.8,452.4,22
-4.1,-1.8,452.4,22
-4.1,-1.8,452.4,22
-4.1,-1.8,452.4,22
-4.1,-1.8,452.4,22
-4.3,-1.8,452.4,22
-4.3,-1.8,452.4,22
-4.3,-1.8,452.4,22
-4.3,-1.8,452.4,22
-4.3,-1.9,452.4,22
-4.3,-1.9,452.4,22
-4.3,-1.9,452.4,22
-4.3,-1.9,452.4,22
-4.3,-1.9,452.4,22
-4.3,-1.8,452.4,22
-4.3,-1.8,452.4,22
-4.3,-1.8,452.4,22
-4.3,-1.8,452.4,22
-4,-1.9,452.4,22
-4,-1.9,452.4,22
-4,-1.9,452.4,22
-4,-1.9,452.4,22
-4.1,-1.8,452.4,22
-4.1,-1.8,452.4,22
-4.1,-1.8,452.4,22
-4.1,-1.8,452.4,22
-4.1,-1.8,452.4,22
-4.1,-1.9,452.4,22
-4.1,-1.9,452.4,22
-4.1,-1.9,452.4,22
-4.1,-1.9,452.4,22
-4.3,-1.9,452.4,22
-4.3,-1.9,452.4,22
-4.3,-1.9,452.4,22
-4.3,-1.9,452.4,22
-4.3,-1.9,452.4,22
-4.3,-1.9,452.4,22
-4.3,-1.9,452.4,22
-4.3,-1.9,452.4,22
-4.3,-1.9,452.4,22
-4.3,-1.9,452.4,22
-4.3,-1.9,452.4,22
-4.3,-1.9,452.4,22
-4.1,-1.9,452.4,22
-4.1,-1.8,452.4,22
-4.1,-1.8,452.4,22
-4.1,-1.8,452.4,22
-4.1,-1.8,452.4,22
-4.1,-1.8,452.4,22
-4.1,-1.8,452.4,22
-4.1,-1.8,452.4,22
-4.3,-1.8,452.4,22
-4.3,-1.8,452.4,22
-4.3,-1.8,452.4,22
-4.3,-1.8,452.4,22
-4.3,-1.8,452.4,22
-4.1,-1.8,452.4,22
-4.1,-1.8,452.4,22
-4.1,-1.8,452.4,22
-4.1,-1.8,452.4,22
-4.1,-1.8,452.4,22
-4.1,-1.8,452.4,22
-4.1,-1.8,452.4,22
-4.3,-1.9,452.4,22
-4.3,-1.9,452.5,22
-4.3,-1.9,452.5,22
-4.3,-1.9,452.5,22
-4.1,-1.9,452.5,22
-4.1,-1.8,452.5,22
-4.1,-1.8,452.5,22
-4.1,-1.8,452.5,22
-4.4,-1.9,452.5,22
-4.4,-1.9,452.5,22
-4.4,-1.9,452.5,22
-4.4,-1.9,452.5,22
-4.4,-1.9,452.5,22
-4.1,-1.9,452.4,22
-4.1,-1.9,452.4,22
-4.1,-1.9,452.4,22
-4.1,-1.9,452.4,22
-4.2,-1.9,452.4,22
-4.2,-1.9,452.5,22
-4.2,-1.9,452.5,22
-4.2,-1.9,452.5,22
-4.2,-1.9,452.5,22
-4.2,-1.9,452.5,22
-4.2,-1.9,452.5,22
-4.2,-1.9,452.5,22
-4.2,-1.9,452.5,22
-4.1,-1.8,452.5,22
-4.1,-1.8,452.5,22
-4.1,-1.8,452.5,22
-4.1,-1.8,452.5,22
-4.1,-1.8,452.5,22
-4,-1.9,452.5,22
-4,-1.9,452.5,22
-4,-1.9,452.5,22
-4,-1.9,452.5,22
-4.1,-1.9,452.5,22
-4.1,-1.9,452.5,22
-4.1,-1.9,452.5,22
-4.1,-1.9,452.5,22
-4.3,-1.9,452.5,22
-4.3,-1.9,452.5,22
-4.3,-1.9,452.5,22
-4.3,-1.9,452.5,22
-4.3,-1.9,452.5,22
-4.3,-1.9,452.5,22
-4.3,-1.9,452.5,22
-4.3,-1.9,452.5,22
-4.2,-1.9,452.5,22
-4.2,-1.9,452.5,22
-4.2,-1.9,452.5,22
-4.2,-1.9,452.5,22
-4.2,-1.9,452.5,22
-4.2,-1.9,452.5,22
-4,-1.8,452.5,22
-4,-1.8,452.5,22
-4,-1.8,452.5,22
-4,-1.8,452.5,22
-3.9,-1.8,452.5,22
-3.9,-1.8,452.5,22
-3.9,-1.8,452.5,22
-3.9,-1.8,452.5,22
-4,-1.7,452.5,22
-4,-1.7,452.5,22
-4,-1.7,452.5,22
-4,-1.7,452.5,22
-4,-1.8,452.5,22
-4,-1.8,452.5,22
-4,-1.8,452.5,22
-4,-1.8,452.5,22
-4.3,-1.8,452.5,22
-4.3,-1.9,452.5,22
-4.3,-1.9,452.5,22
-4.3,-1.9,452.5,22
-4.3,-1.9,452.5,22
-4.3,-1.9,452.5,22
-4.3,-1.9,452.5,22
-4.3,-1.9,452.5,22
-4.3,-1.9,452.5,22
-4.3,-1.9,452.5,22
-4.3,-1.9,452.5,22
-4.3,-1.9,452.5,22
-4.3,-1.9,452.5,22
-4.3,-1.8,452.5,22
-4.3,-1.8,452.5,22
-4.3,-1.8,452.5,22
-4.3,-1.8,452.5,22
-4.3,-1.9,452.5,22
-4.3,-1.9,452.5,22
-4.3,-1.9,452.5,22
-4.3,-1.9,452.5,22
-4.3,-1.9,452.5,22
-4.3,-1.9,452.5,22
-4.3,-1.9,452.5,22
-4.3,-1.9,452.5,22
-4.1,-1.8,452.5,22
-4.1,-1.8,452.5,22
-4.1,-1.8,452.5,22
-4.1,-1.8,452.5,22
-4.1,-1.8,452.5,22
-4.1,-1.8,452.5,22
-4.1,-1.8,452.5,22
-4.1,-1.8,452.5,22
-4.1,-1.8,452.5,22
-4.1,-1.8,452.5,22
-4.1,-1.8,452.5,22
-4.1,-1.8,452.5,22
-4.2,-1.8,452.5,22
-4.2,-1.8,452.5,22
-4.2,-1.8,452.5,22
-4.2,-1.8,452.5,22
-4.1,-1.8,452.5,22
-4.1,-1.8,452.5,22
-4.1,-1.8,452.5,22
-4.1,-1.8,452.5,22
-4.1,-1.8,452.5,22
-4.1,-1.8,452.5,22
-4.1,-1.8,452.5,22
-4.1,-1.8,452.5,22
-4,-1.8,452.5,22
-4,-1.9,452.5,22
-4,-1.9,452.5,22
-4,-1.9,452.5,22
-4,-1.8,452.5,22
-4,-1.8,452.5,22
-4,-1.8,452.5,22
-4,-1.8,452.5,22
-4.1,-1.8,452.5,22
-4.1,-1.8,452.5,22
-4.1,-1.8,452.5,22
-4.1,-1.8,452.5,22
-4.1,-1.8,452.5,22
-4.3,-1.9,452.5,22
-4.3,-1.9,452.6,22
-4.3,-1.9,452.6,22
-4.3,-1.9,452.6,22
-4.3,-1.9,452.6,22
-4.3,-1.9,452.6,22
-4.3,-1.9,452.6,22
-4.3,-1.9,452.6,22
-4.3,-1.9,452.6,22
-4.3,-1.9,452.6,22
-4.3,-1.9,452.6,22
-4.3,-1.9,452.6,22
-4.2,-1.9,452.6,22
-4.2,-1.9,452.6,22
-4.2,-1.9,452.6,22
-4.2,-1.9,452.6,22
-4.3,-1.9,452.6,22
-4.3,-1.9,452.6,22
-4.3,-1.9,452.6,22
-4.3,-1.9,452.6,22
-4.3,-1.9,452.6,22
-4.3,-1.8,452.6,22
-4.3,-1.8,452.6,22
-4.3,-1.8,452.6,22
-4.3,-1.9,452.6,22
-4.3,-1.9,452.6,22
-4.3,-1.9,452.6,22
-4.3,-1.9,452.6,22
-4.1,-1.9,452.6,22
-4.1,-1.9,452.6,22
-4.1,-1.9,452.6,22
-4.1,-1.9,452.6,22
-4.3,-1.9,452.6,22
-4.3,-1.9,452.6,22
-4.3,-1.9,452.6,22
-4.3,-1.9,452.6,22
-4.2,-1.9,452.6,22
-4.2,-1.8,452.6,22
-4.2,-1.8,452.6,22
-4.2,-1.8,452.6,22
-4.3,-1.9,452.6,22
-4.3,-1.9,452.6,22
-4.3,-1.9,452.6,22
-4.3,-1.9,452.6,22
-4.2,-1.9,452.6,22
-4.2,-1.9,452.6,22
-4.2,-1.9,452.6,22
-4.2,-1.9,452.6,22
-4.1,-1.9,452.6,22
-4.1,-1.8,452.6,22
-4.1,-1.8,452.6,22
-4.1,-1.8,452.6,22
-4.1,-1.8,452.6,22
-4.1,-1.8,452.6,22
-4.1,-1.8,452.6,22
-4.1,-1.8,452.6,22
-4.2,-1.8,452.6,22
-4.2,-1.8,452.6,22
-4.2,-1.8,452.6,22
-4.2,-1.8,452.6,22
-4.2,-1.8,452.6,22
-4.2,-1.8,452.6,22
-4.2,-1.9,452.6,22
-4.2,-1.9,452.6,22
-4.2,-1.9,452.6,22
-4.2,-1.9,452.6,22
-4.2,-1.9,452.6,22
-4.2,-1.9,452.6,22
-4.2,-1.9,452.6,22
-4.2,-1.9,452.6,22
-4.3,-1.9,452.7,22
-4.3,-1.9,452.7,22
-4.3,-1.9,452.7,22
-4.1,-1.9,452.7,22
-4.1,-1.9,452.7,22
-4.1,-1.9,452.7,22
-4.1,-1.9,452.7,22
-4.2,-1.9,452.7,22
-4.2,-1.9,452.6,22
-4.2,-1.9,452.6,22
-4.2,-1.9,452.6,22
-4,-1.8,452.6,22
-4,-1.8,452.6,22
-4,-1.8,452.6,22
-4.3,-1.8,452.6,22
-4.3,-1.8,452.6,22
-4.3,-1.8,452.6,22
-4.3,-1.8,452.6,22
-4.1,-1.7,452.6,22
-4.1,-1.7,452.6,22
-4.1,-1.7,452.6,22
-4.1,-1.7,452.6,22
-4.1,-1.7,452.6,22
-4.1,-1.8,452.6,22
-4.1,-1.8,452.6,22
-4.1,-1.8,452.6,22
-4.1,-1.8,452.6,22
-4.3,-1.9,452.6,22
-4.3,-1.9,452.7,22
-4.3,-1.9,452.7,22
-4.3,-1.9,452.7,22
-4.2,-1.9,452.6,22
-4.2,-1.9,452.6,22
-4.2,-1.9,452.6,22
-4.2,-1.9,452.6,22
-4.1,-1.9,452.6,22
-4.1,-1.9,452.6,22
-4.1,-1.9,452.6,22
-4.1,-1.9,452.6,22
-4.1,-1.9,452.6,22
-4.3,-1.8,452.7,22
-4.3,-1.8,452.7,22
-4.3,-1.8,452.7,22
-4.3,-1.8,452.7,22
-4.1,-1.8,452.7,22
-4.1,-1.8,452.6,22
-4.1,-1.8,452.6,22
-4.1,-1.8,452.6,22
-4.1,-1.8,452.6,22
-4.1,-1.9,452.6,22
-4.1,-1.9,452.6,22
-4.1,-1.9,452.6,22
-4.1,-1.9,452.6,22
-4.1,-1.9,452.6,22
-4.1,-1.9,452.6,22
-4.1,-1.9,452.6,22
-4.1,-1.9,452.6,22
-4.1,-1.8,452.7,22
-4.1,-1.8,452.7,22
-4.1,-1.8,452.7,22
-4.1,-1.8,452.7,22
-4.1,-1.8,452.7,22
-4.1,-1.8,452.7,22
-4.2,-1.9,452.7,22
-4.2,-1.9,452.7,22
-4.2,-1.9,452.7,22
-4.2,-1.9,452.7,22
-4.3,-1.9,452.7,22
-4.3,-1.9,452.7,22
-4.3,-1.9,452.7,22
-4.3,-1.9,452.7,22
-4.3,-1.9,452.7,22
-4.3,-1.9,452.7,22
-4.3,-1.9,452.7,22
-4.3,-1.9,452.7,22
-4.3,-1.9,452.7,22
-4.2,-1.8,452.7,22
-4.2,-1.8,452.7,22
-4.2,-1.8,452.7,22
-4.2,-1.8,452.7,22
-4.2,-1.8,452.7,22
-4.2,-1.8,452.7,22
-4.2,-1.8,452.7,22
-4.2,-1.8,452.7,22
-4.1,-1.8,452.7,22
-4.1,-1.8,452.7,22
-4.1,-1.8,452.7,22
-4.1,-1.8,452.7,22
-4,-1.8,452.7,22
-4,-1.9,452.7,22
-4,-1.9,452.7,22
-4,-1.9,452.7,22
-4,-1.9,452.7,22
-4.3,-1.9,452.7,22
-4.3,-1.9,452.7,22
-4.3,-1.9,452.7,22
-4.3,-1.9,452.7,22
-4.3,-1.9,452.7,22
-4.3,-1.8,452.7,22
-4.3,-1.8,452.7,22
-4.3,-1.8,452.7,22
-4.2,-1.9,452.7,22
-4.2,-1.9,452.7,22
-4.2,-1.9,452.7,22
-4.2,-1.9,452.7,22
-4.2,-1.9,452.7,22
-4.1,-1.8,452.7,22
-4.1,-1.8,452.7,22
-4.1,-1.8,452.7,22
-4.1,-1.8,452.7,22
-4,-1.8,452.7,22
-4,-1.8,452.7,22
-4,-1.8,452.7,22
-4,-1.8,452.7,22
-4.1,-1.8,452.7,22
-4.1,-1.8,452.7,22
-4.1,-1.8,452.7,22
-4.1,-1.8,452.7,22
-4.2,-1.8,452.7,22
-4.2,-1.8,452.7,22
-4.2,-1.8,452.7,22
-4.2,-1.8,452.7,22
-4.1,-1.8,452.7,22
-4.1,-1.8,452.7,22
-4.1,-1.8,452.7,22
-4.1,-1.8,452.7,22
-4.2,-1.8,452.7,22
-4.2,-1.8,452.7,22
-4.2,-1.8,452.7,22
-4.3,-1.8,452.7,22
-4.3,-1.8,452.7,22
-4.3,-1.8,452.7,22
-4.3,-1.8,452.7,22
-4.3,-1.8,452.7,22
-4.2,-1.8,452.7,22
-4.2,-1.8,452.7,22
-4.2,-1.8,452.7,22
-4.2,-1.8,452.7,22
-4.3,-1.8,452.7,22
-4.3,-1.9,452.8,22
-4.3,-1.9,452.8,22
-4.3,-1.9,452.8,22
-4.3,-1.9,452.8,22
-4,-1.8,452.7,22
-4,-1.8,452.7,22
-4,-1.8,452.7,22
-4,-1.8,452.7,22
-4.3,-1.9,452.7,22
-4.3,-1.9,452.8,22
-4.3,-1.9,452.8,22
-4.3,-1.9,452.8,22
-4.1,-1.9,452.8,22
-4.1,-1.8,452.7,22
-4.1,-1.8,452.7,22
-4.1,-1.8,452.7,22
-4.1,-1.8,452.7,22
-4,-1.9,452.7,22
-4,-1.9,452.7,22
-4,-1.9,452.7,22
-4,-1.9,452.7,22
-4.3,-1.9,452.7,22
-4.3,-1.9,452.8,22
-4.3,-1.9,452.8,22
-4.3,-1.9,452.8,22
-4.3,-1.9,452.8,22
-4.1,-1.8,452.7,22
-4.1,-1.8,452.7,22
-4.1,-1.8,452.7,22
-4.3,-1.8,452.8,22
-4.3,-1.8,452.8,22
-4.3,-1.8,452.8,22
-4.3,-1.8,452.8,22
-4.1,-1.9,452.8,22
-4.1,-1.9,452.8,22
-4.1,-1.9,452.8,22
-4.1,-1.9,452.8,22
-4.3,-1.9,452.8,22
-4.3,-1.9,452.8,22
-4.3,-1.9,452.8,22
-4.3,-1.9,452.8,22
-4.2,-1.9,452.8,22
-4.2,-1.9,452.8,22
-4.2,-1.9,452.8,22
-4.2,-1.9,452.8,22
-4.2,-1.9,452.8,22
-4.2,-1.9,452.8,22
-4.1,-1.9,452.8,22
-4.1,-1.9,452.8,22
-4.1,-1.9,452.8,22
-4.1,-1.9,452.8,22
-4.1,-1.9,452.8,22
-4.1,-1.9,452.8,22
-4.1,-1.9,452.8,22
-4.1,-1.9,452.8,22
-4.1,-1.9,452.8,22
-4.1,-1.9,452.8,22
-4.1,-1.9,452.8,22
-4.1,-1.8,452.8,22
-4.1,-1.8,452.8,22
-4.1,-1.8,452.8,22
-4.1,-1.8,452.8,22
-4.2,-1.8,452.8,22
-4.2,-1.8,452.8,22
-4.2,-1.8,452.8,22
-4.2,-1.8,452.8,22
-4,-1.8,452.8,22
-4,-1.8,452.8,22
-4,-1.8,452.8,22
-4,-1.8,452.8,22
-4.3,-1.9,452.8,22
-4.3,-1.9,452.8,22
-4.3,-1.9,452.8,22
-4.3,-1.9,452.8,22
-4.3,-1.9,452.8,22
-4.3,-1.9,452.8,22
-4.3,-1.9,452.8,22
-4.2,-1.9,452.9,22
-4.2,-1.9,452.9,22
-4.2,-1.9,452.9,22
-4.2,-1.9,452.9,22
-4.2,-1.9,452.8,22
-4.2,-1.9,452.8,22
-4.2,-1.9,452.8,22
-4.2,-1.9,452.8,22
-4.2,-1.9,452.8,22
-4.2,-1.8,452.8,22
-4.2,-1.8,452.8,22
-4.2,-1.8,452.8,22
-4.2,-1.8,452.8,22
-4.1,-1.8,452.8,22
-4.1,-1.8,452.8,22
-4.1,-1.8,452.8,22
-4.1,-1.8,452.8,22
-4.1,-1.8,452.8,22
-4.1,-1.9,452.8,22
-4.1,-1.9,452.8,22
-4.1,-1.9,452.8,22
-4.1,-1.9,452.8,22
-4.2,-1.9,452.9,22
-4.2,-1.9,452.9,22
-4.2,-1.9,452.9,22
-4,-1.9,452.9,22
-4,-1.9,452.9,22
-4,-1.9,452.9,22
-4,-1.9,452.9,22
-4.2,-1.9,452.9,22
-4.2,-1.9,452.9,22
-4.2,-1.9,452.9,22
-4.2,-1.9,452.9,22
-4.3,-1.9,452.9,22
-4.3,-1.9,452.9,22
-4.3,-1.9,452.9,22
-4.3,-1.9,452.9,22
-4.3,-1.9,452.9,22
-4.2,-1.8,452.9,22
-4.2,-1.8,452.9,22
-4.2,-1.8,452.9,22
-4.2,-1.8,452.9,22
-4.2,-1.8,452.9,22
-4.2,-1.8,452.8,22
-4.2,-1.8,452.8,22
-4.3,-1.8,452.8,22
-4.3,-1.8,452.9,22
-4.3,-1.8,452.9,22
-4.3,-1.8,452.9,22
-4.4,-1.8,452.9,22
-4.4,-1.8,452.9,22
-4.4,-1.8,452.9,22
-4.4,-1.8,452.9,22
-4.4,-1.8,452.9,22
-4.1,-1.8,452.9,22
-4.1,-1.8,452.9,22
-4.1,-1.8,452.9,22
-4.1,-1.8,452.9,22
-4.2,-1.8,452.9,22
-4.2,-1.9,452.9,22
-4.2,-1.9,452.9,22
-4.2,-1.9,452.9,22
-4.2,-1.9,452.9,22
-4.2,-1.8,452.9,22
-4.2,-1.8,452.9,22
-4.2,-1.8,452.9,22
-4.2,-1.8,452.9,22
-3.9,-1.8,452.9,22
-3.9,-1.8,452.9,22
-3.9,-1.8,452.9,22
-3.9,-1.8,452.9,22
-4.1,-1.9,452.9,22
-4.1,-1.9,452.9,22
-4.1,-1.9,452.9,22
-4.1,-1.9,452.9,22
-4.1,-1.9,452.9,22
-4.1,-1.9,452.9,22
-4,-1.8,452.9,22
-4,-1.8,452.9,22
-4,-1.8,452.9,22
-4.1,-1.8,452.9,22
-4.1,-1.8,452.9,22
-4.1,-1.8,452.9,22
-4.1,-1.8,452.9,22
-4.1,-1.8,452.9,22
-4.1,-1.8,452.9,22
-4.2,-1.8,452.9,22
-4.2,-1.8,452.9,22
-4.2,-1.8,452.9,22
-4.3,-1.9,452.9,22
-4.3,-1.9,452.9,22
-4.3,-1.9,452.9,22
-4.3,-1.9,452.9,22
-4.3,-1.9,452.9,22
-4.3,-1.9,452.9,22
-4.3,-1.9,452.9,22
-4.3,-1.9,452.9,22
-4.2,-1.8,452.9,22
-4.2,-1.8,452.9,22
-4.2,-1.8,452.9,22
-4.2,-1.8,452.9,22
-4.3,-1.8,452.9,22
-4.3,-1.8,452.9,22
-4.3,-1.8,452.9,22
-4.3,-1.8,452.9,22
-4.3,-1.8,452.9,22
-4.3,-1.8,452.9,22
-4.3,-1.9,452.9,22
-4.3,-1.9,452.9,22
-4.3,-1.9,452.9,22
-4.3,-1.9,452.9,22
-4.3,-1.9,453,22
-4.3,-1.9,453,22
-4.3,-1.9,453,22
-4.3,-1.9,453,22
-4.1,-1.8,452.9,22
-4.1,-1.8,452.9,22
-4.1,-1.8,452.9,22
-4.1,-1.8,452.9,22
-4.1,-1.7,452.9,22
-4.1,-1.7,452.9,22
-4.1,-1.7,452.9,22
-4.1,-1.7,452.9,22
-4.2,-1.8,452.9,22
-4.2,-1.8,452.9,22
-4.2,-1.8,452.9,22
-4.2,-1.8,452.9,22
-4.1,-1.8,452.9,22
-4.1,-1.8,452.9,22
-4.1,-1.8,452.9,22
-4.1,-1.8,452.9,22
-4.3,-1.8,452.9,22
-4.3,-1.8,453,22
-4.3,-1.8,453,22
-4.3,-1.8,453,22
-4.3,-1.8,453,22
-4,-1.9,452.9,22
-4,-1.9,452.9,22
-4,-1.9,452.9,22
-4,-1.9,452.9,22
-4.3,-1.9,453,22
-4.3,-1.9,453,22
-4.3,-1.9,453,22
-4.2,-1.8,453,22
-4.2,-1.8,453,22
-4.2,-1.8,453,22
-4.2,-1.8,453,22
-4.1,-1.8,453,22
-4.1,-1.8,452.9,22
-4.1,-1.8,452.9,22
-4.1,-1.8,452.9,22
-4.1,-1.8,452.9,22
-4.1,-1.8,453,22
-4.1,-1.8,453,22
-4.1,-1.8,453,22
-4.1,-1.8,453,22
-4.1,-1.8,453,22
-4.1,-1.8,453,22
-4.1,-1.8,453,22
-4.2,-1.8,453,22
-4.2,-1.9,453,22
-4.2,-1.9,453,22
-4.2,-1.9,453,22
-4.2,-1.9,453,22
-4.2,-1.9,453,22
-4.3,-1.9,453,22
-4.3,-1.9,453,22
-4.3,-1.9,453,22
-4.3,-1.9,453,22
-4,-1.9,453,22
-4,-1.9,453,22
-4,-1.9,453,22
-4,-1.9,453,22
-4.1,-1.9,453,22
-4.1,-1.7,453,22
-4.1,-1.7,453,22
-4.1,-1.7,453,22
-4.1,-1.7,453,22
-4.1,-1.8,453,22
-4.1,-1.8,453,22
-4.1,-1.8,453,22
-4.2,-1.9,453,22
-4.2,-1.9,453,22
-4.2,-1.9,453,22
-4.2,-1.9,453,22
-4.2,-1.9,453,22
-4.2,-1.9,453,22
-4.2,-1.9,453,22
-4.3,-1.9,453,22
-4.3,-1.9,453,22
-4.3,-1.9,453,22
-4.3,-1.9,453,22
-4.3,-1.9,453,22
-4.3,-1.8,453,22
-4.3,-1.8,453,22
-4.3,-1.8,453,22
-4.3,-1.9,453,22
-4.3,-1.9,453,22
-4.3,-1.9,453,22
-4.3,-1.9,453,22
-4.3,-1.9,453,22
-4.3,-1.9,453,22
-4.3,-1.9,453,22
-4.3,-1.9,453,22
-4.3,-1.9,453,22
-4.3,-1.9,453,22
-4.3,-1.9,453,22
-4.3,-1.9,453,22
-4.3,-1.9,453,22
-4.1,-1.7,453,22
-4.1,-1.7,453,22
-4.1,-1.7,453,22
-4.1,-1.7,453,22
-4.1,-1.8,453,22
-4.1,-1.8,453,22
-4.1,-1.8,453,22
-4.1,-1.8,453,22
-4,-1.9,453,22
-4,-1.9,453,22
-4,-1.9,453,22
-4,-1.9,453,22
-4,-1.9,453,22
-4.1,-1.9,453,22
-4.1,-1.8,453,22
-4.1,-1.8,453,22
-4.1,-1.8,453,22
-4.1,-1.8,453,22
-4.1,-1.8,453,22
-4.1,-1.8,453,22
-4.3,-1.9,453.1,22
-4.3,-1.9,453.1,22
-4.3,-1.9,453.1,22
-4.3,-1.9,453.1,22
-4.3,-1.9,453.1,22
-4.1,-1.9,453,22
-4.1,-1.9,453,22
-4.1,-1.9,453,22
-4.1,-1.9,453,22
-4.1,-1.9,453.1,22
-4.1,-1.9,453.1,22
-4.1,-1.9,453.1,22
-4.1,-1.9,453.1,22
-4.1,-1.9,453,22
-4.1,-1.9,453,22
-4.1,-1.9,453,22
-4.1,-1.9,453,22
-4.3,-1.9,453.1,22
-4.3,-1.9,453.1,22
-4.3,-1.9,453.1,22
-4.3,-1.9,453.1,22
-4.1,-1.9,453.1,22
-4.1,-1.9,453.1,22
-4.1,-1.9,453.1,22
-4.2,-1.9,453.1,22
-4.2,-1.9,453,22
-4.2,-1.9,453,22
-4.2,-1.9,453,22
-4.2,-1.9,453,22
-4.3,-1.9,453.1,22
-4.3,-1.9,453.1,22
-4.3,-1.9,453.1,22
-4.3,-1.9,453.1,22
-4.3,-1.9,453.1,22
-4.3,-1.9,453.1,22
-4.3,-1.9,453.1,22
-4.3,-1.9,453.1,22
-4.2,-1.8,453.1,22
-4.2,-1.8,453.1,22
-4.2,-1.8,453.1,22
-4.2,-1.8,453.1,22
-4,-1.8,453.1,22
-4,-1.8,453.1,22
-4,-1.8,453.1,22
-4,-1.8,453.1,22
-4.1,-1.8,453.1,22
-4.1,-1.8,453.1,22
-4.1,-1.8,453.1,22
-4.1,-1.8,453.1,22
-4.1,-1.8,453.1,22
-4.1,-1.9,453.1,22
-4.1,-1.9,453.1,22
-4.1,-1.9,453.1,22
-4.1,-1.9,453.1,22
-4.1,-1.9,453.1,22
-4.1,-1.9,453.1,22
-4.1,-1.9,453.1,22
-4.1,-1.9,453.1,22
-4.3,-1.9,453.1,22
-4.3,-1.9,453.1,22
-4.3,-1.9,453.1,22
-4.3,-1.9,453.1,22
-4.3,-1.9,453.1,22
-4.3,-1.9,453.1,22
-4.3,-1.9,453.1,22
-4.3,-1.9,453.1,22
-4.2,-1.9,453.1,22
-4.2,-1.9,453.1,22
-4.2,-1.9,453.1,22
-4.2,-1.9,453.1,22
-4.3,-1.9,453.1,22
-4.3,-1.9,453.1,22
-4.3,-1.9,453.1,22
-4.3,-1.9,453.1,22
-4.2,-1.9,453.1,22
-4.2,-1.8,453.1,22
-4.2,-1.8,453.1,22
-4.2,-1.8,453.1,22
-4.2,-1.8,453.1,22
-4.2,-1.8,453.1,22
-4.2,-1.8,453.1,22
-4.2,-1.8,453.1,22
-4.1,-1.8,453.1,22
-4.1,-1.8,453.1,22
-4.1,-1.8,453.1,22
-4.1,-1.8,453.1,22
-4,-1.8,453.1,22
-4,-1.9,453.1,22
-4,-1.9,453.1,22
-4,-1.9,453.1,22
-4,-1.9,453.1,22
-4.2,-1.9,453.1,22
-4.2,-1.9,453.1,22
-4.2,-1.9,453.1,22
-4.2,-1.9,453.1,22
-4.3,-1.9,453.1,22
-4.3,-1.9,453.2,22
-4.3,-1.9,453.2,22
-4.3,-1.9,453.2,22
-4.2,-1.9,453.1,22
-4.2,-1.9,453.1,22
-4.2,-1.9,453.1,22
-4,-1.9,453.1,22
-4,-1.8,453.1,22
-4,-1.8,453.1,22
-4,-1.8,453.1,22
-4,-1.8,453.1,22
-4.2,-1.8,453.1,22
-4.2,-1.9,453.2,22
-4.2,-1.9,453.2,22
-4.2,-1.9,453.2,22
-4.2,-1.9,453.2,22
-4.2,-1.8,453.1,22
-4.2,-1.8,453.1,22
-4.2,-1.8,453.1,22
-4.2,-1.8,453.1,22
-4.1,-1.8,453.1,22
-4.1,-1.8,453.1,22
-4.1,-1.8,453.1,22
-4.1,-1.8,453.1,22
-4.1,-1.8,453.1,22
-4.1,-1.8,453.1,22
-4.1,-1.8,453.1,22
-4.1,-1.8,453.1,22
-4.1,-1.8,453.1,22
-4.1,-1.8,453.1,22
-4.1,-1.8,453.1,22
-4.1,-1.8,453.1,22
-4.1,-1.8,453.1,22
-4.1,-1.8,453.1,22
-4.1,-1.8,453.1,22
-4.1,-1.8,453.1,22
-4.1,-1.8,453.1,22
-4.1,-1.9,453.1,22
-4.1,-1.9,453.1,22
-4.1,-1.9,453.1,22
-4.1,-1.9,453.1,22
-4.3,-1.8,453.1,22
-4.3,-1.8,453.2,22
-4.3,-1.8,453.2,22
-4.3,-1.8,453.2,22
-4.3,-1.8,453.2,22
-4.3,-1.8,453.2,22
-4.3,-1.9,453.2,22
-4.3,-1.9,453.2,22
-4.3,-1.9,453.2,22
-4.3,-1.9,453.2,22
-4.1,-1.9,453.2,22
-4.1,-1.8,453.2,22
-4.1,-1.8,453.2,22
-4.1,-1.8,453.2,22
-4.1,-1.8,453.2,22
-4.1,-1.9,453.2,22
-4.1,-1.9,453.2,22
-4.1,-1.9,453.2,22
-4.1,-1.9,453.2,22
-4.1,-1.9,453.2,22
-4.1,-1.8,453.2,22
-4.1,-1.8,453.2,22
-4.1,-1.8,453.2,22
-4.1,-1.8,453.2,22
-4,-1.8,453.2,22
-4,-1.8,453.2,22
-4,-1.8,453.2,22
-4,-1.8,453.2,22
-4,-1.8,453.2,22
-4.3,-1.9,453.2,22
-4.3,-1.9,453.2,22
-4.3,-1.9,453.2,22
-4.3,-1.9,453.2,22
-4.3,-1.9,453.2,22
-4.2,-1.8,453.2,22
-4.2,-1.8,453.2,22
-4.2,-1.8,453.2,22
-4.2,-1.8,453.2,22
-4.1,-1.8,453.2,22
-4.1,-1.8,453.2,22
-4.1,-1.8,453.2,22
-4.1,-1.8,453.2,22
-4.1,-1.8,453.2,22
-4.1,-1.8,453.2,22
-4.1,-1.8,453.2,22
-4.1,-1.8,453.2,22
-4.1,-1.8,453.2,22
-4.2,-1.9,453.2,22
-4.2,-1.9,453.2,22
-4.2,-1.9,453.2,22
-4.2,-1.9,453.2,22
-4.1,-1.9,453.2,22
-4.1,-1.9,453.2,22
-4.1,-1.9,453.2,22
-4.1,-1.9,453.2,22
-4.2,-1.9,453.2,22
-4.2,-1.9,453.2,22
-4.2,-1.9,453.2,22
-4.2,-1.9,453.2,22
-4.2,-1.9,453.2,22
-4.2,-1.8,453.2,22
-4.2,-1.8,453.2,22
-4.2,-1.8,453.2,22
-4.2,-1.8,453.2,22
-3.9,-1.9,453.2,22
-3.9,-1.9,453.2,22
-3.9,-1.9,453.2,22
-3.9,-1.9,453.2,22
-4,-1.9,453.2,22
-4,-1.9,453.2,22
-4,-1.9,453.2,22
-4,-1.9,453.2,22
-4,-1.9,453.2,22
-4.2,-1.9,453.2,22
-4.2,-1.9,453.2,22
-4.2,-1.9,453.2,22
-4.2,-1.9,453.2,22
-4.1,-1.9,453.2,22
-4.1,-1.8,453.2,22
-4.1,-1.8,453.2,22
-4.1,-1.8,453.2,22
-4.1,-1.8,453.2,22
-4,-1.8,453.2,22
-4,-1.8,453.2,22
-4,-1.8,453.2,22
-4,-1.8,453.2,22
-4,-1.8,453.2,22
-4.3,-1.9,453.2,22
-4.3,-1.9,453.2,22
-4.3,-1.9,453.2,22
-4.3,-1.9,453.2,22
-4.1,-1.9,453.2,22
-4.1,-1.8,453.2,22
-4.1,-1.8,453.2,22
-4.1,-1.8,453.2,22
-4.2,-1.8,453.3,22
-4.2,-1.8,453.3,22
-4.2,-1.8,453.3,22
-4.2,-1.8,453.3,22
-4.3,-1.8,453.3,22
-4.3,-1.8,453.3,22
-4.3,-1.8,453.3,22
-4.3,-1.8,453.3,22
-4.3,-1.8,453.3,22
-4.3,-1.8,453.3,22
-4.3,-1.8,453.3,22
-4.3,-1.8,453.3,22
-4.1,-1.8,453.3,22
-4.1,-1.8,453.2,22
-4.1,-1.8,453.2,22
-4.1,-1.8,453.2,22
-4.1,-1.8,453.2,22
-4.2,-1.8,453.2,22
-4.2,-1.8,453.2,22
-4.2,-1.8,453.2,22
-4.2,-1.8,453.2,22
-4.3,-1.8,453.2,22
-4.3,-1.9,453.3,22
-4.3,-1.9,453.3,22
-4.3,-1.9,453.3,22
-4.3,-1.9,453.3,22
-4.3,-1.9,453.3,22
-4.3,-1.9,453.3,22
-4.3,-1.9,453.3,22
-4.3,-1.9,453.3,22
-4,-1.9,453.3,22
-4,-1.8,453.3,22
-4,-1.8,453.3,22
-4,-1.8,453.3,22
-4.2,-1.8,453.3,22
-4.2,-1.8,453.3,22
-4.2,-1.8,453.3,22
-4.2,-1.8,453.3,22
-4.2,-1.8,453.3,22
-4.1,-1.8,453.3,22
-4.1,-1.9,453.4,22
-4.1,-1.9,453.4,22
-4.1,-1.9,453.4,22
-4.1,-1.9,453.4,22
-4.2,-1.9,453.4,22
-4.2,-1.9,453.4,22
-4.2,-1.9,453.4,22
-4.3,-1.9,453.4,22
-4.3,-1.9,453.4,22
-4.3,-1.9,453.4,22
-4.3,-1.9,453.4,22
-4.3,-1.9,453.4,22
-4.2,-1.9,453.4,22
-4.2,-1.9,453.4,22
-4.2,-1.9,453.4,22
-4.2,-1.9,453.4,22
-4.3,-1.9,453.4,22
-4.3,-1.9,453.4,22
-4.3,-1.9,453.4,22
-4.3,-1.9,453.4,22
-4,-1.9,453.4,22
-4,-1.8,453.3,22
-4,-1.8,453.3,22
-4,-1.8,453.3,22
-4.1,-1.8,453.3,22
-4.1,-1.8,453.4,22
-4.1,-1.8,453.4,22
-4.1,-1.8,453.4,22
-4.1,-1.8,453.4,22
-4.2,-1.9,453.4,22
-4.2,-1.9,453.4,22
-4.2,-1.9,453.4,22
-4.2,-1.9,453.4,22
-4.2,-1.9,453.4,22
-4.2,-1.9,453.4,22
-4.2,-1.9,453.4,22
-4.2,-1.9,453.4,22
-4.2,-1.9,453.4,22
-4.2,-1.9,453.4,22
-4.2,-1.9,453.4,22
-4.2,-1.9,453.4,22
-4.2,-1.9,453.4,22
-4.1,-1.8,453.4,22
-4.1,-1.8,453.4,22
-4.1,-1.8,453.4,22
-4.1,-1.8,453.4,22
-4.2,-1.8,453.4,22
-4.2,-1.8,453.4,22
-4.2,-1.8,453.4,22
-4.2,-1.8,453.4,22
-4.2,-1.8,453.4,22
-4.1,-1.9,453.4,22
-4.1,-1.9,453.4,22
-4.1,-1.9,453.4,22
-4.1,-1.9,453.4,22
-4.3,-1.9,453.4,22
-4.3,-1.9,453.4,22
-4.3,-1.9,453.4,22
-4.3,-1.9,453.4,22
-4.3,-1.9,453.4,22
-4.1,-1.8,453.4,22
-4.1,-1.8,453.4,22
-4.1,-1.8,453.4,22
-4.1,-1.8,453.4,22
-4,-1.8,453.4,22
-4,-1.8,453.4,22
-4,-1.8,453.4,22
-4,-1.8,453.4,22
-3.9,-1.8,453.4,22
-3.9,-1.8,453.4,22
-3.9,-1.8,453.4,22
-3.9,-1.8,453.4,22
-3.9,-1.8,453.4,22
-3.9,-1.8,453.4,22
-4.3,-1.9,453.4,22
-4.3,-1.9,453.4,22
-4.3,-1.9,453.4,22
-4.3,-1.9,453.4,22
-4.2,-1.9,453.4,22
-4.2,-1.8,453.4,22
-4.2,-1.8,453.4,22
-4.2,-1.8,453.4,22
-4.1,-1.8,453.4,22
-4.1,-1.8,453.4,22
-4.1,-1.8,453.4,22
-4.1,-1.8,453.4,22
-4,-1.8,453.4,22
-4,-1.8,453.4,22
-4,-1.8,453.4,22
-4,-1.8,453.4,22
-4,-1.8,453.4,22
-4.1,-1.9,453.4,22
-4.1,-1.9,453.4,22
-4.1,-1.9,453.4,22
-4.1,-1.9,453.4,22
-4.1,-1.9,453.4,22
-4.3,-1.9,453.4,22
-4.3,-1.9,453.4,22
-4.3,-1.9,453.4,22
-4.3,-1.9,453.4,22
-4.3,-1.9,453.4,22
-4.3,-1.9,453.4,22
-4.3,-1.9,453.4,22
-4.3,-1.9,453.4,22
-4.3,-1.9,453.4,22
-4.3,-1.9,453.4,22
-4.2,-1.9,453.4,22
-4.2,-1.9,453.4,22
-4.2,-1.9,453.4,22
-4.2,-1.9,453.4,22
-4.2,-1.9,453.4,22
-4.2,-1.9,453.4,22
-4.2,-1.9,453.4,22
-4.2,-1.9,453.4,22
-4.2,-1.9,453.4,22
-4.1,-1.9,453.4,22
-4.1,-1.9,453.4,22
-4.1,-1.9,453.4,22
-4.1,-1.9,453.4,22
-4.1,-1.8,453.4,22
-4.1,-1.8,453.4,22
-4.1,-1.8,453.4,22
-4,-1.8,453.4,22
-4,-1.8,453.4,22
-4,-1.8,453.4,22
-4,-1.8,453.4,22
-4,-1.8,453.4,22
-4.3,-1.9,453.4,22
-4.3,-1.9,453.5,22
-4.3,-1.9,453.5,22
-4.3,-1.9,453.5,22
-4.2,-1.9,453.5,22
-4.2,-1.9,453.4,22
-4.2,-1.9,453.4,22
-4.2,-1.9,453.4,22
-4.3,-1.9,453.4,22
-4.3,-1.9,453.5,22
-4.3,-1.9,453.5,22
-4.3,-1.9,453.5,22
-4.1,-1.9,453.5,22
-4.1,-1.8,453.4,22
-4.1,-1.8,453.4,22
-4.1,-1.8,453.4,22
-4.1,-1.8,453.4,22
-4.1,-1.8,453.4,22
-4.1,-1.8,453.4,22
-4.1,-1.8,453.4,22
-4.1,-1.8,453.4,22
-4.1,-1.8,453.4,22
-4.3,-1.9,453.5,22
-4.3,-1.9,453.5,22
-4.3,-1.9,453.5,22
-4.3,-1.9,453.5,22
-4.3,-1.9,453.5,22
-4.3,-1.9,453.5,22
-4.3,-1.9,453.5,22
-4.3,-1.9,453.5,22
-4.3,-1.9,453.5,22
-4.3,-1.9,453.5,22
-4.3,-1.9,453.5,22
-4.3,-1.9,453.5,22
-4.3,-1.9,453.5,22
-4.1,-1.8,453.4,22
-4.1,-1.8,453.4,22
-4.1,-1.8,453.4,22
-4.1,-1.8,453.4,22
-4.1,-1.8,453.4,22
-4.1,-1.8,453.5,22
-4.1,-1.8,453.5,22
-4.1,-1.8,453.5,22
-4,-1.8,453.5,22
-4,-1.8,453.5,22
-4,-1.8,453.5,22
-4,-1.8,453.5,22
-4.1,-1.8,453.5,22
-4.1,-1.8,453.5,22
-4.1,-1.8,453.5,22
-4.1,-1.8,453.5,22
-4,-1.8,453.5,22
-4,-1.8,453.5,22
-4,-1.8,453.5,22
-4,-1.8,453.5,22
-4.1,-1.8,453.5,22
-4.1,-1.8,453.5,22
-4.1,-1.8,453.5,22
-4.1,-1.8,453.5,22
-4,-1.7,453.5,22
-4,-1.7,453.5,22
-4,-1.7,453.5,22
-4,-1.7,453.5,22
-4,-1.8,453.5,22
-4,-1.8,453.5,22
-4,-1.8,453.5,22
-4,-1.8,453.5,22
-4.1,-1.8,453.5,22
-4.1,-1.8,453.5,22
-4.1,-1.8,453.5,22
-4.1,-1.8,453.5,22
-4.1,-1.8,453.5,22
-4.2,-1.9,453.5,22
-4.2,-1.9,453.5,22
-4.2,-1.9,453.5,22
-4.2,-1.9,453.5,22
-3.9,-1.9,453.5,22
-3.9,-1.8,453.5,22
-3.9,-1.8,453.5,22
-3.9,-1.8,453.5,22
-3.9,-1.8,453.5,22
-4.2,-1.8,453.5,22
-4.2,-1.9,453.5,22
-4.2,-1.9,453.5,22
-4.2,-1.9,453.5,22
-4.2,-1.9,453.5,22
-4.2,-1.9,453.5,22
-4.2,-1.9,453.5,22
-4.2,-1.9,453.5,22
-4.2,-1.9,453.5,22
-4.2,-1.9,453.5,22
-4,-1.8,453.5,22
-4,-1.8,453.5,22
-4,-1.8,453.5,22
-4,-1.8,453.5,22
-4.1,-1.8,453.5,22
-4.1,-1.8,453.5,22
-4.1,-1.8,453.5,22
-4.1,-1.8,453.5,22
-4.1,-1.9,453.5,22
-4.1,-1.9,453.5,22
-4.1,-1.9,453.5,22
-4.1,-1.9,453.5,22
-4.2,-1.9,453.5,22
-4.2,-1.9,453.5,22
-4.2,-1.9,453.5,22
-4.2,-1.9,453.5,22
-4.2,-1.9,453.5,22
-4.2,-1.9,453.5,22
-4.2,-1.9,453.5,22
-4.2,-1.9,453.5,22
-4.2,-1.9,453.5,22
-4.3,-1.9,453.5,22
-4.3,-1.9,453.5,22
-4.3,-1.9,453.5,22
-4.3,-1.9,453.5,22
-4.2,-1.8,453.5,22
-4.2,-1.8,453.5,22
-4.2,-1.8,453.5,22
-4.2,-1.8,453.5,22
-4.2,-1.8,453.5,22
-4.1,-1.9,453.5,22
-4.1,-1.9,453.5,22
-4.1,-1.9,453.5,22
-4.1,-1.9,453.5,22
-4.1,-1.9,453.5,22
-4.3,-1.9,453.5,22
-4.3,-1.9,453.5,22
-4.3,-1.9,453.5,22
-4.3,-1.9,453.5,22
-4.1,-1.9,453.5,22
-4.1,-1.8,453.5,22
-4.1,-1.8,453.5,22
-4.1,-1.8,453.5,22
-4,-1.8,453.5,22
-4,-1.8,453.5,22
-4,-1.8,453.5,22
-4,-1.8,453.5,22
-4,-1.8,453.5,22
-4.2,-1.9,453.5,22
-4.2,-1.9,453.6,22
-4.2,-1.9,453.6,22
-4.2,-1.9,453.6,22
-4.2,-1.9,453.6,22
-4.2,-1.9,453.6,22
-4.2,-1.9,453.6,22
-4.2,-1.9,453.6,22
-4.3,-1.9,453.6,22
-4.3,-1.9,453.6,22
-4.3,-1.9,453.6,22
-4.3,-1.9,453.6,22
-4.3,-1.9,453.6,22
-4.3,-1.9,453.6,22
-4.3,-1.9,453.6,22
-4.3,-1.9,453.6,22
-4.3,-1.9,453.6,22
-4.3,-1.9,453.6,22
-4.3,-1.9,453.6,22
-4.3,-1.9,453.6,22
-4.3,-1.9,453.6,22
-4.2,-1.8,453.6,22
-4.2,-1.8,453.5,22
-4.2,-1.8,453.5,22
-4.2,-1.8,453.5,22
-4.1,-1.8,453.5,22
-4.1,-1.9,453.6,22
-4.1,-1.9,453.6,22
-4.1,-1.9,453.6,22
-4.1,-1.9,453.6,22
-4.1,-1.9,453.6,22
-4.1,-1.8,453.6,22
-4.1,-1.8,453.6,22
-4.1,-1.8,453.6,22
-4.1,-1.8,453.6,22
-4.1,-1.8,453.6,22
-4.1,-1.9,453.6,22
-4.1,-1.9,453.6,22
-4.1,-1.9,453.6,22
-4.1,-1.9,453.6,22
-4.3,-1.9,453.6,22
-4.3,-1.9,453.6,22
-4.3,-1.9,453.6,22
-4.3,-1.9,453.6,22
-4.2,-1.9,453.6,22
-4.2,-1.9,453.6,22
-4.2,-1.9,453.6,22
-4.2,-1.9,453.6,22
-4.2,-1.9,453.6,22
-4.2,-1.8,453.6,22
-4.2,-1.8,453.6,22
-4.2,-1.8,453.6,22
-4.2,-1.8,453.6,22
-3.9,-1.8,453.6,22
-3.9,-1.8,453.6,22
-3.9,-1.8,453.6,22
-3.9,-1.8,453.6,22
-4.1,-1.8,453.6,22
-4.1,-1.9,453.6,22
-4.1,-1.9,453.6,22
-4.1,-1.9,453.6,22
-4.1,-1.9,453.6,22
-4.2,-1.9,453.6,22
-4.2,-1.9,453.6,22
-4.2,-1.9,453.6,22
-4.2,-1.9,453.6,22
-4.1,-1.8,453.6,22
-4.1,-1.8,453.6,22
-4.1,-1.8,453.6,22
-4.1,-1.8,453.6,22
-4.1,-1.8,453.6,22
-4.1,-1.9,453.6,22
-4.1,-1.9,453.6,22
-4.1,-1.9,453.6,22
-4.1,-1.9,453.6,22
-4.2,-1.9,453.6,22
-4.2,-1.9,453.6,22
-4.2,-1.9,453.6,22
-4.2,-1.9,453.6,22
-4.3,-1.9,453.6,22
-4.3,-1.9,453.7,22
-4.3,-1.9,453.7,22
-4.3,-1.9,453.7,22
-4.2,-1.9,453.6,22
-4.2,-1.9,453.6,22
-4.2,-1.9,453.6,22
-4.2,-1.9,453.6,22
-4.3,-1.9,453.6,22
-4.3,-1.8,453.6,22
-4.3,-1.8,453.6,22
-4.3,-1.8,453.6,22
-4.3,-1.8,453.6,22
-4.1,-1.8,453.6,22
-4.1,-1.8,453.6,22
-4.1,-1.8,453.6,22
-4.1,-1.8,453.6,22
-4.1,-1.8,453.6,22
-4.1,-1.8,453.6,22
-4.1,-1.8,453.6,22
-4.1,-1.8,453.6,22
-4,-1.8,453.6,22
-4,-1.8,453.6,22
-4,-1.8,453.6,22
-4,-1.8,453.6,22
-4.2,-1.8,453.6,22
-4.2,-1.9,453.7,22
-4.2,-1.9,453.7,22
-4.2,-1.9,453.7,22
-4.2,-1.9,453.7,22
-4.3,-1.9,453.7,22
-4.3,-1.9,453.7,22
-4.3,-1.9,453.7,22
-4.3,-1.9,453.7,22
-4.3,-1.9,453.7,22
-4.3,-1.9,453.7,22
-4.3,-1.9,453.7,22
-4.3,-1.9,453.7,22
-4.2,-1.8,453.7,22
-4.2,-1.8,453.6,22
-4.2,-1.8,453.6,22
-4.2,-1.8,453.6,22
-4.2,-1.8,453.6,22
-4.1,-1.8,453.6,22
-4.1,-1.8,453.6,22
-4.1,-1.8,453.6,22
-4.1,-1.8,453.6,22
-4.2,-1.8,453.6,22
-4.2,-1.9,453.7,22
-4.2,-1.9,453.7,22
-4.2,-1.9,453.7,22
-4.2,-1.9,453.7,22
-4.2,-1.9,453.7,22
-4.2,-1.9,453.7,22
-4.2,-1.9,453.7,22
-4.2,-1.9,453.7,22
-4.2,-1.9,453.7,22
-4.2,-1.9,453.7,22
-4.2,-1.9,453.7,22
-4.2,-1.9,453.7,22
-4.3,-1.9,453.7,22
-4.3,-1.9,453.7,22
-4.3,-1.9,453.7,22
-4.3,-1.9,453.7,22
-4.2,-1.9,453.7,22
-4.2,-1.9,453.7,22
-4.2,-1.9,453.7,22
-4.2,-1.9,453.7,22
-4.2,-1.9,453.7,22
-4.2,-1.8,453.7,22
-4.2,-1.8,453.7,22
-4.2,-1.8,453.7,22
-4.2,-1.8,453.7,22
-4.2,-1.9,453.7,22
-4.2,-1.9,453.7,22
-4.2,-1.9,453.7,22
-4.2,-1.9,453.7,22
-4.3,-1.9,453.7,22
-4.3,-1.9,453.7,22
-4.3,-1.9,453.7,22
-4.3,-1.9,453.7,22
-4.2,-1.9,453.7,22
-4.2,-1.9,453.7,22
-4.2,-1.9,453.7,22
-4.2,-1.9,453.7,22
-4.3,-1.9,453.7,22
-4.3,-1.9,453.7,22
-4.3,-1.9,453.7,22
-4.3,-1.9,453.7,22
-4.3,-1.9,453.7,22
-4.3,-1.9,453.7,22
-4.3,-1.9,453.7,22
-4.3,-1.9,453.7,22
-4.3,-1.9,453.7,22
-4,-1.8,453.7,22
-4,-1.8,453.7,22
-4,-1.8,453.7,22
-4,-1.8,453.7,22
-4,-1.8,453.7,22
-4.3,-1.9,453.7,22
-4.3,-1.9,453.7,22
-4.3,-1.9,453.7,22
-4.3,-1.9,453.7,22
-4.4,-1.9,453.7,22
-4.4,-1.9,453.7,22
-4.4,-1.9,453.7,22
-4.4,-1.9,453.7,22
-4.4,-1.9,453.7,22
-4.1,-1.8,453.7,22
-4.1,-1.8,453.7,22
-4.1,-1.8,453.7,22
-4.1,-1.8,453.7,22
-4.2,-1.8,453.7,22
-4.2,-1.9,453.7,22
-4.2,-1.9,453.7,22
-4.2,-1.9,453.7,22
-4.2,-1.9,453.7,22
-4.2,-1.9,453.7,22
-4.2,-1.9,453.7,22
-4.2,-1.9,453.7,22
-4.2,-1.9,453.7,22
-4.2,-1.8,453.7,22
-4.2,-1.8,453.7,22
-4.2,-1.8,453.7,22
-4.2,-1.8,453.7,22
-4.2,-1.8,453.7,22
-4.2,-1.8,453.7,22
-4.2,-1.8,453.7,22
-4.2,-1.8,453.7,22
-4.2,-1.8,453.7,22
-4.2,-1.8,453.7,22
-4.2,-1.8,453.7,22
-4.2,-1.8,453.7,22
-4.2,-1.8,453.7,22
-4.2,-1.9,453.7,22
-4.2,-1.9,453.8,22
-4.2,-1.9,453.8,22
-4.2,-1.9,453.8,22
-4.2,-1.9,453.8,22
-4.2,-1.9,453.7,22
-4.2,-1.9,453.7,22
-4.2,-1.9,453.7,22
-4.2,-1.9,453.7,22
-4.2,-1.9,453.8,22
-4.2,-1.9,453.8,22
-4.2,-1.9,453.8,22
-4.2,-1.9,453.8,22
-4.2,-1.8,453.7,22
-4.2,-1.8,453.7,22
-4.2,-1.8,453.7,22
-4.2,-1.8,453.7,22
-4.1,-1.8,453.7,22
-4.1,-1.8,453.7,22
-4.1,-1.8,453.7,22
-4.1,-1.8,453.7,22
-4.1,-1.8,453.7,22
-4.1,-1.8,453.7,22
-4.1,-1.8,453.7,22
-4.1,-1.8,453.7,22
-4.1,-1.8,453.7,22
-4.1,-1.8,453.7,22
-4.1,-1.8,453.7,22
-4.1,-1.8,453.7,22
-4.1,-1.9,453.7,22
-4.1,-1.9,453.7,22
-4.1,-1.9,453.7,22
-4.1,-1.9,453.7,22
-4.1,-1.9,453.7,22
-4.3,-1.9,453.7,22
-4.3,-1.9,453.8,22
-4.3,-1.9,453.8,22
-4.3,-1.9,453.8,22
-4.3,-1.9,453.8,22
-4.3,-1.9,453.8,22
-4.3,-1.9,453.8,22
-4.3,-1.9,453.8,22
-4.3,-1.8,453.8,22
-4.3,-1.8,453.8,22
-4.3,-1.8,453.8,22
-4.3,-1.8,453.8,22
-4.2,-1.8,453.8,22
-4.2,-1.8,453.8,22
-4.2,-1.8,453.8,22
-4.2,-1.8,453.8,22
-4.2,-1.8,453.8,22
-4.2,-1.8,453.8,22
-4.2,-1.8,453.8,22
-4.2,-1.8,453.8,22
-4.3,-1.9,453.8,22
-4.3,-1.9,453.8,22
-4.3,-1.9,453.8,22
-4.3,-1.9,453.8,22
-4.3,-1.9,453.8,22
-4.3,-1.9,453.8,22
-4.3,-1.9,453.8,22
-4.3,-1.9,453.8,22
-4,-1.9,453.8,22
-4,-1.8,453.7,22
-4,-1.8,453.7,22
-4,-1.8,453.7,22
-4,-1.8,453.7,22
-4,-1.8,453.8,22
-4,-1.8,453.8,22
-4,-1.8,453.8,22
-4,-1.8,453.8,22
-4.3,-1.8,453.8,22
-4.3,-1.9,453.8,22
-4.3,-1.9,453.8,22
-4.3,-1.9,453.8,22
-4.3,-1.9,453.8,22
-4.2,-1.8,453.8,22
-4.2,-1.8,453.8,22
-4.2,-1.8,453.8,22
-4.2,-1.8,453.8,22
-4.2,-1.8,453.8,22
-4.2,-1.8,453.8,22
-4.2,-1.8,453.8,22
-4.2,-1.8,453.8,22
-4.2,-1.8,453.8,22
-4.2,-1.9,453.8,22
-4.2,-1.9,453.8,22
-4.2,-1.9,453.8,22
-4.2,-1.9,453.8,22
-4.3,-1.9,453.8,22
-4.3,-1.9,453.8,22
-4.3,-1.9,453.8,22
-4.3,-1.9,453.8,22
-4.3,-1.9,453.8,22
-4.2,-1.8,453.8,22
-4.2,-1.8,453.8,22
-4.2,-1.8,453.8,22
-4.2,-1.8,453.8,22
-4.2,-1.8,453.8,22
-4.2,-1.8,453.8,22
-4.2,-1.8,453.8,22
-4.2,-1.8,453.8,22
-4.2,-1.8,453.8,22
-4.2,-1.9,453.8,22
-4.2,-1.9,453.8,22
-4.2,-1.9,453.8,22
-4.1,-1.9,453.8,22
-4.1,-1.9,453.8,22
-4.1,-1.9,453.8,22
-4.1,-1.9,453.8,22
-4.1,-1.9,453.8,22
-4.3,-1.9,453.8,22
-4.3,-1.9,453.8,22
-4.3,-1.9,453.8,22
-4.3,-1.9,453.8,22
-4.3,-1.9,453.8,22
-4.3,-1.9,453.8,22
-4.3,-1.9,453.8,22
-4.3,-1.9,453.8,22
-4.3,-1.9,453.8,22
-4.3,-1.9,453.8,22
-4.3,-1.9,453.8,22
-4.3,-1.9,453.8,22
-4.3,-1.9,453.8,22
-4.1,-1.8,453.8,22
-4.1,-1.8,453.8,22
-4.1,-1.8,453.8,22
-4.1,-1.8,453.8,22
-4,-1.8,453.8,22
-4,-1.8,453.8,22
-4,-1.8,453.8,22
-4,-1.8,453.8,22
-4.1,-1.8,453.8,22
-4.1,-1.9,453.8,22
-4.1,-1.9,453.8,22
-4.1,-1.9,453.8,22
-4.1,-1.9,453.8,22
-4.3,-1.9,453.8,22
-4.3,-1.9,453.8,22
-4.3,-1.9,453.8,22
-4.3,-1.9,453.8,22
-4.3,-1.9,453.8,22
-4.1,-1.9,453.8,22
-4.1,-1.9,453.8,22
-4.1,-1.9,453.8,22
-4.1,-1.9,453.8,22
-4.2,-1.9,453.8,22
-4.2,-1.9,453.9,22
-4.2,-1.9,453.9,22
-4.2,-1.9,453.9,22
-4.2,-1.9,453.9,22
-4.3,-1.9,453.9,22
-4.3,-1.9,453.9,22
-4.3,-1.9,453.9,22
-4.3,-1.9,453.9,22
-4.3,-1.9,453.9,22
-4.3,-1.9,453.9,22
-4.3,-1.9,453.9,22
-4.3,-1.9,453.9,22
-4.2,-1.7,453.9,22
-4.2,-1.7,453.8,22
-4.2,-1.7,453.8,22
-4.3,-1.7,453.8,22
-4.3,-1.9,453.9,22
-4.3,-1.9,453.9,22
-4.3,-1.9,453.9,22
-4.3,-1.9,453.9,22
-4.3,-1.8,453.9,22
-4.3,-1.8,453.9,22
-4.3,-1.8,453.9,22
-4.3,-1.8,453.9,22
-4,-1.8,453.8,22
-4,-1.8,453.8,22
-4,-1.8,453.8,22
-4,-1.8,453.8,22
-4.1,-1.8,453.8,22
-4.1,-1.8,453.8,22
-4.1,-1.8,453.8,22
-4.1,-1.8,453.8,22
-4.1,-1.8,453.8,22
-4.2,-1.9,453.9,22
-4.2,-1.9,453.9,22
-4.2,-1.9,453.9,22
-4.2,-1.9,453.9,22
-4.3,-1.9,453.9,22
-4.3,-1.9,453.9,22
-4.3,-1.9,453.9,22
-4.3,-1.9,453.9,22
-4.2,-1.8,453.9,22
-4.2,-1.8,453.9,22
-4.2,-1.8,453.9,22
-4.2,-1.8,453.9,22
-4.2,-1.8,453.9,22
-4.2,-1.9,453.9,22
-4.2,-1.9,453.9,22
-4.2,-1.9,453.9,22
-4.2,-1.9,453.9,22
-4.2,-1.9,453.9,22
-4.3,-1.9,453.9,22
-4.3,-1.9,453.9,22
-4.3,-1.9,453.9,22
-4.3,-1.9,453.9,22
-4.3,-1.9,453.9,22
-4.3,-1.9,453.9,22
-4.3,-1.9,453.9,22
-4.3,-1.9,453.9,22
-4.3,-1.9,453.9,22
-4.3,-1.9,453.9,22
-4.3,-1.9,453.9,22
-4.3,-1.9,453.9,22
-4.1,-1.8,453.9,22
-4.1,-1.8,453.9,22
-4.1,-1.8,453.9,22
-4.3,-1.8,453.9,22
-4.3,-1.9,453.9,22
-4.3,-1.9,453.9,22
-4.3,-1.9,453.9,22
-4.3,-1.9,453.9,22
-4.3,-1.9,453.9,22
-4.3,-1.9,453.9,22
-4.3,-1.9,453.9,22
-4.3,-1.9,453.9,22
-4.3,-1.9,453.9,22
-4.3,-1.9,453.9,22
-4.3,-1.9,453.9,22
-4.3,-1.9,453.9,22
-4.1,-1.9,453.9,22
-4.1,-1.9,453.9,22
-4.1,-1.9,453.9,22
-4.1,-1.9,453.9,22
-4.1,-1.9,453.9,22
-4.1,-1.9,453.9,22
-4.1,-1.9,453.9,22
-4.1,-1.9,453.9,22
-4.1,-1.8,453.9,22
-4.1,-1.8,453.9,22
-4.1,-1.8,453.9,22
-4.1,-1.8,453.9,22
-4.3,-1.8,453.9,22
-4.3,-1.9,453.9,22
-4.3,-1.9,453.9,22
-4.3,-1.9,453.9,22
-4.3,-1.9,453.9,22
-4.3,-1.9,453.9,22
-4.3,-1.9,453.9,22
-4.3,-1.9,453.9,22
-4.3,-1.9,453.9,22
-4.2,-1.8,453.9,22
-4.2,-1.8,453.9,22
-4.2,-1.8,453.9,22
-4.2,-1.8,453.9,22
-4,-1.8,453.9,22
-4,-1.8,453.9,22
-4,-1.8,453.9,22
-4,-1.8,453.9,22
-4,-1.8,453.9,22
-4.1,-1.9,453.9,22
-4.1,-1.9,453.9,22
-4.1,-1.9,453.9,22
-4.1,-1.9,453.9,22
-4.3,-1.9,454,22
-4.3,-1.9,454,22
-4.3,-1.9,454,22
-4.3,-1.9,454,22
-4.2,-1.9,454,22
-4.2,-1.9,454,22
-4.2,-1.9,454,22
-4.2,-1.9,454,22
-4.2,-1.9,454,22
-4.2,-1.9,454,22
-4.2,-1.9,454,22
-4.2,-1.9,454,22
-4.1,-1.9,454,22
-4.1,-1.9,454,22
-4.1,-1.9,454,22
-4.1,-1.9,454,22
-4.3,-1.9,454,22
-4.3,-1.9,454,22
-4.3,-1.9,454,22
-4.3,-1.9,454,22
-4.3,-1.9,454,22
-4.3,-1.9,454,22
-4.3,-1.9,454,22
-4.3,-1.9,454,22
-4.3,-1.9,454,22
-4.3,-1.9,454,22
-4.1,-1.8,454,22
-4.1,-1.8,453.9,22
-4.1,-1.8,453.9,22
-4.1,-1.8,453.9,22
-4,-1.8,453.9,22
-4,-1.8,453.9,22
-4,-1.8,453.9,22
-4,-1.8,453.9,22
-4.2,-1.8,453.9,22
-4.2,-1.9,454,22
-4.2,-1.9,454,22
-4.2,-1.9,454,22
-4.2,-1.9,454,22
-4.3,-1.9,454,22
-4.3,-1.9,454,22
-4.3,-1.9,454,22
-4.3,-1.9,454,22
-4.3,-1.9,454,22
-4.3,-1.9,454,22
-4.3,-1.9,454,22
-4.3,-1.9,454,22
-4.3,-1.9,454,22
-4,-1.8,454,22
-4,-1.8,454,22
-4,-1.8,454,22
-4,-1.8,454,22
-4.3,-1.8,454,22
-4.3,-1.9,454,22
-4.3,-1.9,454,22
-4.3,-1.9,454,22
-4.3,-1.9,454,22
-4.3,-1.9,454,22
-4.3,-1.9,454,22
-4.3,-1.9,454,22
-4.2,-1.9,454,22
-4.2,-1.9,454,22
-4.2,-1.9,454,22
-4.2,-1.9,454,22
-4.3,-1.9,454,22
-4.3,-1.9,454,22
-4.3,-1.9,454,22
-4.3,-1.9,454,22
-4.3,-1.9,454,22
-4.1,-1.8,454,22
-4.1,-1.8,454,22
-4.1,-1.8,454,22
-4.1,-1.8,454,22
-4.1,-1.8,454,22
-4.1,-1.9,454,22
-4.1,-1.9,454,22
-4.1,-1.9,454,22
-4.1,-1.9,454,22
-4.1,-1.9,454,22
-4.1,-1.9,454,22
-4.1,-1.9,454,22
-4.1,-1.9,454,22
-4.1,-1.9,454,22
-4.1,-1.9,454,22
-4.1,-1.9,454,22
-4.1,-1.9,454,22
-4.3,-1.9,454,22
-4.3,-1.8,454,22
-4.3,-1.8,454,22
-4.3,-1.8,454,22
-4.3,-1.8,454,22
-4.2,-1.9,454,22
-4.2,-1.9,454,22
-4.2,-1.9,454,22
-4.2,-1.9,454,22
-4.1,-1.9,454,22
-4.1,-1.9,454,22
-4.1,-1.9,454,22
-4.1,-1.9,454,22
-4.1,-1.9,454,22
-4.4,-1.9,454,22
-4.4,-1.9,454,22
-4.4,-1.9,454,22
-4.4,-1.9,454,22
-4.2,-1.9,454,22
-4.2,-1.8,454,22
-4.2,-1.8,454,22
-4.2,-1.8,454,22
-4.1,-1.8,454,22
-4.1,-1.8,454,22
-4.1,-1.8,454,22
-4.1,-1.8,454,22
-4.1,-1.8,454,22
-4.1,-1.9,454,22
-4.1,-1.9,454,22
-4.1,-1.9,454,22
-4.1,-1.9,454,22
-4.2,-1.9,454,22
-4.2,-1.9,454,22
-4.2,-1.9,454,22
-4.2,-1.9,454,22
-4.2,-1.9,454,22
-4.2,-1.9,454,22
-4.2,-1.9,454,22
-4.2,-1.9,454,22
-4.3,-1.9,454,22
-4.3,-1.9,454,22
-4.3,-1.9,454,22
-4.3,-1.9,454,22
-4.3,-1.9,454,22
-4.3,-1.9,454.1,22
-4.3,-1.9,454.1,22
-4.3,-1.9,454.1,22
-4.3,-1.9,454.1,22
-4.3,-1.8,454,22
-4.3,-1.8,454,22
-4.3,-1.8,454,22
-4.3,-1.8,454,22
-4.3,-1.8,454,22
-4.3,-1.9,454.1,22
-4.3,-1.9,454.1,22
-4.3,-1.9,454.1,22
-4.3,-1.9,454.1,22
-4.3,-1.9,454.1,22
-4.1,-1.8,454,22
-4.1,-1.8,454,22
-4.1,-1.8,454,22
-4.1,-1.8,454,22
-4.1,-1.8,454,22
-4.1,-1.8,454,22
-4.1,-1.8,454,22
-4.1,-1.8,454,22
-4.1,-1.9,454,22
-4.1,-1.9,454,22
-4.1,-1.9,454,22
-4.1,-1.9,454,22
-4.1,-1.9,454,22
-4.1,-1.8,454,22
-4.1,-1.8,454,22
-4.1,-1.8,454,22
-4.1,-1.8,454,22
-4.1,-1.8,454,22
-4.1,-1.8,454,22
-4.1,-1.8,454,22
-4.1,-1.8,454,22
-4.1,-1.8,454,22
-4.1,-1.9,454.1,22
-4.1,-1.9,454.1,22
-4.1,-1.9,454.1,22
-4.3,-1.9,454.1,22
-4.3,-1.9,454.1,22
-4.3,-1.9,454.1,22
-4.3,-1.9,454.1,22
-4.3,-1.9,454.1,22
-4.3,-1.9,454.1,22
-4.3,-1.9,454.1,22
-4.3,-1.9,454.1,22
-4.3,-1.9,454.1,22
-4.3,-1.9,454.1,22
-4.3,-1.9,454.1,22
-4.3,-1.9,454.1,22
-4.3,-1.9,454.1,22
-4.3,-1.9,454.1,22
-4.3,-1.9,454.1,22
-4.3,-1.9,454.1,22
-4.3,-1.9,454.1,22
-4.3,-1.9,454.1,22
-4.1,-1.9,454.1,22
-4.1,-1.9,454.1,22
-4.1,-1.9,454.1,22
-4.1,-1.9,454.1,22
-4.1,-1.9,454.1,22
-4.3,-1.8,454.1,22
-4.3,-1.8,454.1,22
-4.3,-1.8,454.1,22
-4.3,-1.8,454.1,22
-4.3,-1.8,454.1,22
-4.3,-1.9,454.1,22
-4.3,-1.9,454.1,22
-4.3,-1.9,454.1,22
-4.3,-1.9,454.1,22
-4.3,-1.9,454.1,22
-4.3,-1.9,454.1,22
-4.3,-1.9,454.1,22
-4.3,-1.9,454.1,22
-4.1,-1.9,454.1,22
-4.1,-1.8,454.1,22
-4.1,-1.8,454.1,22
-4.1,-1.8,454.1,22
-4.2,-1.8,454.1,22
-4.2,-1.8,454.1,22
-4.2,-1.8,454.1,22
-4.2,-1.8,454.1,22
-4.1,-1.8,454.1,22
-4.1,-1.8,454.1,22
-4.1,-1.8,454.1,22
-4.1,-1.8,454.1,22
-4.3,-1.8,454.1,22
-4.3,-1.8,454.1,22
-4.3,-1.8,454.1,22
-4.3,-1.8,454.1,22
-4.3,-1.8,454.1,22
-4.3,-1.8,454.1,22
-4.3,-1.8,454.1,22
-4.3,-1.8,454.1,22
-4.3,-1.8,454.1,22
-4.2,-1.9,454.1,22
-4.2,-1.9,454.1,22
-4.2,-1.9,454.1,22
-4.2,-1.9,454.1,22
-4.3,-1.9,454.1,22
-4.3,-1.9,454.1,22
-4.3,-1.9,454.1,22
-4.3,-1.9,454.1,22
-4.2,-1.9,454.1,22
-4.2,-1.8,454.1,22
-4.2,-1.8,454.1,22
-4.2,-1.8,454.1,22
-4.2,-1.9,454.1,22
-4.2,-1.9,454.1,22
-4.2,-1.9,454.1,22
-4.2,-1.9,454.1,22
-4.2,-1.9,454.1,22
-4.2,-1.9,454.1,22
-4.2,-1.9,454.1,22
-4.2,-1.9,454.1,22
-4.2,-1.9,454.1,22
-4.2,-1.9,454.1,22
-4.1,-1.9,454.1,22
-4.1,-1.9,454.1,22
-4.1,-1.9,454.1,22
-4.1,-1.9,454.1,22
-4.2,-1.9,454.1,22
-4.2,-1.9,454.1,22
-4.2,-1.9,454.1,22
-4.2,-1.9,454.1,22
-3.9,-1.7,454.1,22
-3.9,-1.7,454.1,22
-3.9,-1.7,454.1,22
-3.9,-1.7,454.1,22
-4.3,-1.7,454.1,22
-4.3,-1.9,454.2,22
-4.3,-1.9,454.2,22
-4.3,-1.9,454.2,22
-4.3,-1.9,454.2,22
-4.3,-1.9,454.2,22
-4.3,-1.9,454.2,22
-4.3,-1.9,454.2,22
-4.1,-1.9,454.2,22
-4.1,-1.9,454.2,22
-4.1,-1.9,454.2,22
-4.1,-1.9,454.2,22
-4.3,-1.9,454.2,22
-4.3,-1.9,454.2,22
-4.3,-1.9,454.2,22
-4.3,-1.9,454.2,22
-4.3,-1.9,454.2,22
-4.3,-1.9,454.2,22
-4.3,-1.9,454.2,22
-4.3,-1.9,454.2,22
-4.3,-1.9,454.2,22
-4.1,-1.8,454.2,22
-4.1,-1.8,454.2,22
-4.1,-1.8,454.2,22
-4.1,-1.8,454.2,22
-4.1,-1.8,454.2,22
-4.1,-1.8,454.1,22
-4.1,-1.8,454.1,22
-4.1,-1.8,454.1,22
-4.1,-1.8,454.1,22
-4.1,-1.8,454.1,22
-4.2,-1.8,454.2,22
-4.2,-1.8,454.2,22
-4.2,-1.8,454.2,22
-4.2,-1.8,454.2,22
-4,-1.8,454.2,22
-4,-1.9,454.2,22
-4,-1.9,454.2,22
-4,-1.9,454.2,22
-4,-1.9,454.2,22
-4.3,-1.9,454.2,22
-4.3,-1.9,454.2,22
-4.3,-1.9,454.2,22
-4.3,-1.9,454.2,22
-4.2,-1.9,454.2,22
-4.2,-1.9,454.2,22
-4.2,-1.9,454.2,22
-4.2,-1.9,454.2,22
-4.4,-1.9,454.2,22
-4.4,-1.9,454.2,22
-4.4,-1.9,454.2,22
-4.4,-1.9,454.2,22
-4.3,-1.9,454.2,22
-4.3,-1.9,454.2,22
-4.3,-1.9,454.2,22
-4.3,-1.9,454.2,22
-4.3,-1.9,454.2,22
-4.2,-1.8,454.2,22
-4.2,-1.8,454.2,22
-4.2,-1.8,454.2,22
-4.2,-1.8,454.2,22
-4.2,-1.7,454.1,22
-4.2,-1.7,454.1,22
-4.2,-1.7,454.1,22
-4.2,-1.7,454.1,22
-4,-1.8,454.1,22
-4,-1.8,454.1,22
-4,-1.8,454.1,22
-4,-1.8,454.1,22
-4,-1.8,454.1,22
-4,-1.9,454.2,22
-4,-1.9,454.2,22
-4,-1.9,454.2,22
-4.1,-1.8,454.2,22
-4.1,-1.8,454.2,22
-4.1,-1.8,454.2,22
-4.1,-1.8,454.2,22
-4.1,-1.8,454.2,22
-4.3,-1.8,454.2,22
-4.3,-1.8,454.2,22
-4.3,-1.8,454.2,22
-4.3,-1.8,454.2,22
-4.1,-1.8,454.2,22
-4.1,-1.8,454.2,22
-4.1,-1.8,454.2,22
-4.1,-1.8,454.2,22
-4.1,-1.7,454.2,22
-4.1,-1.7,454.2,22
-4.1,-1.7,454.2,22
-4.1,-1.7,454.2,22
-4.2,-1.8,454.2,22
-4.2,-1.8,454.2,22
-4.2,-1.8,454.2,22
-4.2,-1.8,454.2,22
-4.2,-1.8,454.2,22
-4.1,-1.9,454.2,22
-4.1,-1.9,454.2,22
-4.1,-1.9,454.2,22
-4.1,-1.9,454.2,22
-4.1,-1.9,454.2,22
-4.2,-1.8,454.2,22
-4.2,-1.8,454.2,22
-4.2,-1.8,454.2,22
-4.2,-1.8,454.2,22
-4.2,-1.8,454.2,22
-4.2,-1.8,454.2,22
-4.2,-1.8,454.2,22
-4.2,-1.8,454.2,22
-4.1,-1.8,454.2,22
-4.1,-1.8,454.2,22
-4.1,-1.8,454.2,22
-4.1,-1.8,454.2,22
-4.1,-1.8,454.2,22
-4.3,-1.9,454.2,22
-4.3,-1.9,454.2,22
-4.3,-1.9,454.2,22
-4.3,-1.9,454.2,22
-4.3,-1.9,454.2,22
-4.2,-1.9,454.2,22
-4.2,-1.9,454.2,22
-4.2,-1.9,454.2,22
-4.2,-1.9,454.2,22
-4.2,-1.9,454.2,22
-4.2,-1.9,454.2,22
-4.3,-1.9,454.3,22
-4.3,-1.9,454.3,22
-4.3,-1.9,454.3,22
-4.3,-1.9,454.3,22
-4.3,-1.9,454.3,22
-4.3,-1.9,454.3,22
-4.3,-1.9,454.3,22
-4.3,-1.9,454.3,22
-4.3,-1.9,454.3,22
-4,-1.9,454.3,22
-4,-1.9,454.3,22
-4,-1.9,454.3,22
-4,-1.9,454.3,22
-4,-1.9,454.3,22
-4,-1.9,454.3,22
-4.3,-1.9,454.3,22
-4.3,-1.9,454.3,22
-4.3,-1.9,454.3,22
-4.3,-1.9,454.3,22
-4.3,-1.9,454.3,22
-4.3,-1.9,454.3,22
-4.3,-1.9,454.3,22
-4.1,-1.8,454.3,22
-4.1,-1.8,454.2,22
-4.1,-1.8,454.2,22
-4.1,-1.8,454.2,22
-4.1,-1.8,454.2,22
-4.1,-1.8,454.2,22
-4,-1.9,454.3,22
-4,-1.9,454.3,22
-4,-1.9,454.3,22
-4,-1.9,454.3,22
-4,-1.9,454.3,22
-4,-1.8,454.1,22
-4,-1.8,454.1,22
-4,-1.8,454.1,22
-4,-1.8,454.1,22
-4.3,-1.9,454.1,22
-4.3,-1.9,454.2,22
-4.3,-1.9,454.2,22
-4.3,-1.9,454.2,22
-4.3,-1.9,454.2,22
-4.1,-1.9,454.2,22
-4.1,-1.9,454.2,22
-4.1,-1.9,454.2,22
-4.1,-1.9,454.2,22
-4.1,-1.9,454.2,22
-4.1,-1.9,454.2,22
-4.3,-1.9,454.2,22
-4.3,-1.8,454.2,22
-4.3,-1.8,454.2,22
-4.3,-1.8,454.2,22
-4.3,-1.8,454.2,22
-4.3,-1.8,454.2,22
-4.2,-1.8,454.2,22
-4.2,-1.8,454.2,22
-4.2,-1.8,454.2,22
-4.2,-1.8,454.2,22
-4.2,-1.8,454.2,22
-4.2,-1.8,454.2,22
-4.2,-1.8,454.2,22
-4.2,-1.8,454.2,22
-4.2,-1.8,454.2,22
-4.2,-1.8,454.2,22
-4.2,-1.9,454.2,22
-4.2,-1.9,454.2,22
-4.2,-1.9,454.2,22
-4.2,-1.9,454.2,22
-4.2,-1.9,454.2,22
-4.3,-1.9,454.2,22
-4.3,-1.9,454.2,22
-4.3,-1.9,454.2,22
-4.3,-1.9,454.2,22
-4.3,-1.9,454.2,22
-4.3,-1.9,454.2,22
-4,-1.9,454.2,22
-4,-1.8,454.2,22
-4,-1.8,454.2,22
-4,-1.8,454.2,22
-4,-1.8,454.2,22
-4.2,-1.8,454.2,22
-4.2,-1.8,454.2,22
-4.2,-1.8,454.2,22
-4.2,-1.8,454.2,22
-4.2,-1.8,454.2,22
-4.3,-1.8,454.2,22
-4.3,-1.9,454.2,22
-4.3,-1.9,454.2,22
-4.3,-1.9,454.2,22
-4.3,-1.9,454.2,22
-4.3,-1.9,454.2,22
-4.3,-1.8,454.2,22
-4.3,-1.8,454.2,22
-4.3,-1.8,454.2,22
-4.3,-1.8,454.2,22
-4.3,-1.8,454.2,22
-4.3,-1.8,454.2,22
-4.1,-1.8,454.2,22
-4.1,-1.8,454.2,22
-4.1,-1.8,454.2,22
-4.1,-1.8,454.2,22
-4.3,-1.8,454.2,22
-4.3,-1.9,454.2,22
-4.3,-1.9,454.2,22
-4.3,-1.9,454.2,22
-4.3,-1.9,454.2,22
-4.3,-1.9,454.2,22
-4.2,-1.9,454.2,22
-4.2,-1.8,454.3,22
-4.2,-1.8,454.3,22
-4.2,-1.8,454.3,22
-4.2,-1.8,454.3,22
-4.2,-1.8,454.3,22
-4.2,-1.8,454.3,22
-4.2,-1.8,454.2,22
-4.2,-1.8,454.2,22
-4.2,-1.8,454.2,22
-4.2,-1.8,454.2,22
-4.1,-1.9,454.3,22
-4.1,-1.9,454.3,22
-4.1,-1.9,454.3,22
-4.1,-1.9,454.3,22
-4.1,-1.9,454.3,22
-4,-1.9,454.3,22
-4,-1.9,454.3,22
-4,-1.9,454.3,22
-4,-1.9,454.3,22
-4,-1.9,454.3,22
-4,-1.8,454.3,22
-4,-1.8,454.3,22
-4,-1.8,454.3,22
-4,-1.8,454.3,22
-4,-1.8,454.3,22
-4.2,-1.7,454.3,22
-4.2,-1.7,454.3,22
-4.2,-1.7,454.3,22
-4.2,-1.7,454.3,22
-4.2,-1.7,454.3,22
-4.2,-1.9,454.3,22
-4.2,-1.9,454.3,22
-4.2,-1.9,454.3,22
-4.2,-1.9,454.3,22
-4.2,-1.9,454.3,22
-4.1,-1.9,454.3,22
-4.1,-1.9,454.3,22
-4.1,-1.9,454.3,22
-4.1,-1.9,454.3,22
-4.1,-1.9,454.3,22
-4.3,-1.9,454.3,22
-4.3,-1.9,454.3,22
-4.3,-1.9,454.3,22
-4.3,-1.9,454.3,22
-4.3,-1.9,454.3,22
-4.3,-1.9,454.3,22
-4.3,-1.9,454.3,22
-4.3,-1.9,454.3,22
-4.4,-1.9,454.3,22
-4.4,-1.9,454.3,22
-4.4,-1.9,454.3,22
-4.4,-1.9,454.3,22
-4.2,-1.9,454.3,22
-4.2,-1.8,454.3,22
-4.2,-1.8,454.3,22
-4.2,-1.8,454.3,22
-4.2,-1.8,454.3,22
-3.9,-1.8,454.3,22
-3.9,-1.8,454.3,22
-3.9,-1.8,454.3,22
-3.9,-1.8,454.3,22
-3.9,-1.8,454.3,22
-4.3,-1.9,454.3,22
-4.3,-1.9,454.3,22
-4.3,-1.9,454.3,22
-4.3,-1.9,454.3,22
-4,-1.9,454.3,22
-4,-1.8,454.3,22
-4,-1.8,454.3,22
-4,-1.8,454.3,22
-4.3,-1.9,454.3,22
-4.3,-1.9,454.3,22
-4.3,-1.9,454.3,22
-4.3,-1.9,454.3,22
-4.3,-1.9,454.3,22
-4.3,-1.9,454.3,22
-4.3,-1.9,454.3,22
-4.1,-1.8,454.3,22
-4.1,-1.8,454.3,22
-4.1,-1.8,454.3,22
-4.1,-1.8,454.3,22
-4.1,-1.8,454.3,22
-4.3,-1.9,454.4,22
-4.3,-1.9,454.4,22
-4.3,-1.9,454.4,22
-4.4,-1.9,454.4,22
-4.4,-1.9,454.3,22
-4.4,-1.9,454.3,22
-4.4,-1.9,454.3,22
-4.4,-1.9,454.3,22
-4.1,-1.9,454.3,22
-4.1,-1.8,454.3,22
-4.1,-1.8,454.3,22
-4.1,-1.8,454.3,22
-4.2,-1.8,454.3,22
-4.2,-1.8,454.3,22
-4.2,-1.8,454.3,22
-4.2,-1.8,454.3,22
-4.3,-1.8,454.3,22
-4.3,-1.8,454.3,22
-4.3,-1.8,454.3,22
-4.3,-1.8,454.3,22
-4,-1.8,454.3,22
-4,-1.8,454.3,22
-4,-1.8,454.3,22
-4,-1.8,454.3,22
-4,-1.8,454.3,22
-4,-1.8,454.3,22
-4,-1.8,454.3,22
-4,-1.8,454.3,22
-4,-1.8,454.3,22
-4.1,-1.9,454.3,22
-4.1,-1.9,454.3,22
-4.1,-1.9,454.3,22
-4.1,-1.9,454.3,22
-4.1,-1.9,454.3,22
-4.1,-1.9,454.3,22
-4.1,-1.9,454.3,22
-4.1,-1.9,454.3,22
-4,-1.9,454.3,22
-4,-1.9,454.4,22
-4,-1.9,454.4,22
-4,-1.9,454.4,22
-4,-1.8,454.3,22
-4,-1.8,454.3,22
-4,-1.8,454.3,22
-4,-1.8,454.3,22
-4.2,-1.9,454.3,22
-4.2,-1.9,454.4,22
-4.2,-1.9,454.4,22
-4.2,-1.9,454.4,22
-4,-1.8,454.3,22
-4,-1.8,454.3,22
-4,-1.8,454.3,22
-4.1,-1.8,454.3,22
-4.1,-1.8,454.3,22
-4.1,-1.8,454.3,22
-4.1,-1.8,454.3,22
-4.1,-1.8,454.3,22
-4.1,-1.8,454.3,22
-4.1,-1.8,454.3,22
-4.1,-1.8,454.3,22
-4.1,-1.8,454.3,22
-4.2,-1.8,454.3,22
-4.2,-1.9,454.4,22
-4.2,-1.9,454.4,22
-4.2,-1.9,454.4,22
-4.2,-1.9,454.4,22
