kW,V,I,t1
0.0,421.4,0.0,31.0
0.0,421.4,0.0,31.0
0.0,421.4,0.0,31.0
0.0,421.4,0.0,31.0
0.0,421.4,0.0,31.0
0.0,421.4,0.0,31.0
0.0,421.4,0.0,31.0
0.0,421.4,0.0,31.0
0.0,421.4,0.0,31.0
0.0,421.4,0.0,31.0
0.0,421.2,0.0,31.0
0.0,421.2,0.0,31.0
0.0,421.3,0.0,31.0
0.0,421.3,0.0,31.0
0.0,421.3,0.0,31.0
0.0,421.3,0.0,31.0
0.0,421.3,0.0,31.0
0.0,421.3,0.0,31.0
0.0,421.3,0.0,31.0
0.0,421.3,0.0,31.0
0.0,421.4,0.0,31.0
0.0,421.4,0.0,31.0
0.08426,421.3,0.2,31.0
0.08426,421.3,0.2,31.0
0.12639,421.3,0.3,31.0
0.08426,421.3,0.2,31.0
0.08426,421.3,0.2,31.0
0.08426,421.3,0.2,31.0
0.08426,421.3,0.2,31.0
0.08426,421.3,0.2,31.0
0.08426,421.3,0.2,31.0
0.08426,421.3,0.2,31.0
0.08426,421.3,0.2,31.0
0.08426,421.3,0.2,31.0
0.08426,421.3,0.2,31.0
0.12639,421.3,0.3,31.0
0.08426,421.3,0.2,31.0
0.08426,421.3,0.2,31.0
0.08426,421.3,0.2,31.0
0.12639,421.3,0.3,31.0
0.12639,421.3,0.3,31.0
0.08426,421.3,0.2,31.0
0.08426,421.3,0.2,31.0
0.08426,421.3,0.2,31.0
0.12639,421.3,0.3,31.0
0.08426,421.3,0.2,31.0
0.08426,421.3,0.2,31.0
0.08426,421.3,0.2,31.0
0.08426,421.3,0.2,31.0
0.12639,421.3,0.3,31.0
0.08426,421.3,0.2,31.0
0.08426,421.3,0.2,31.0
0.08426,421.3,0.2,31.0
0.08426,421.3,0.2,31.0
0.12639,421.3,0.3,31.0
0.08426,421.3,0.2,31.0
0.08426,421.3,0.2,31.0
0.08426,421.3,0.2,31.0
0.08426,421.3,0.2,31.0
0.08426,421.3,0.2,31.0
0.08426,421.3,0.2,31.0
0.08426,421.3,0.2,31.0
0.08426,421.3,0.2,31.0
0.12639,421.3,0.3,31.0
0.08426,421.3,0.2,31.0
0.08426,421.3,0.2,31.0
0.08426,421.3,0.2,31.0
0.08426,421.3,0.2,31.0
0.12639,421.3,0.3,31.0
0.08426,421.3,0.2,31.0
0.12639,421.3,0.3,31.0
0.08426,421.3,0.2,31.0
0.08426,421.3,0.2,31.0
0.08426,421.3,0.2,31.0
0.08426,421.3,0.2,31.0
0.08426,421.3,0.2,31.0
0.08426,421.3,0.2,31.0
0.08426,421.3,0.2,31.0
0.08426,421.3,0.2,31.0
0.08426,421.3,0.2,31.0
0.12639,421.3,0.3,31.0
0.08426,421.3,0.2,31.0
0.08426,421.3,0.2,31.0
0.12639,421.3,0.3,31.0
0.12639,421.3,0.3,31.0
0.12639,421.3,0.3,31.0
0.08426,421.3,0.2,31.0
0.08426,421.3,0.2,31.0
0.08426,421.3,0.2,31.0
0.08426,421.3,0.2,31.0
0.08426,421.3,0.2,31.0
0.08426,421.3,0.2,31.0
0.08426,421.3,0.2,31.0
0.08426,421.3,0.2,31.0
0.08426,421.3,0.2,31.0
0.08426,421.3,0.2,31.0
0.08426,421.3,0.2,31.0
0.08426,421.3,0.2,31.0
0.08426,421.3,0.2,31.0
0.08426,421.3,0.2,31.0
0.08426,421.3,0.2,31.0
0.12639,421.3,0.3,31.0
0.08426,421.3,0.2,31.0
0.08426,421.3,0.2,31.0
0.08426,421.3,0.2,31.0
0.08426,421.3,0.2,31.0
0.08426,421.3,0.2,31.0
0.08426,421.3,0.2,31.0
0.08426,421.3,0.2,31.0
0.08426,421.3,0.2,31.0
0.12639,421.3,0.3,31.0
0.12639,421.3,0.3,31.0
0.08426,421.3,0.2,31.0
0.08426,421.3,0.2,31.0
0.08426,421.3,0.2,31.0
0.08426,421.3,0.2,31.0
0.08426,421.3,0.2,31.0
0.08426,421.3,0.2,31.0
0.12639,421.3,0.3,31.0
0.08426,421.3,0.2,31.0
0.08426,421.3,0.2,31.0
0.08426,421.3,0.2,31.0
0.08426,421.3,0.2,31.0
0.08426,421.3,0.2,31.0
0.08426,421.3,0.2,31.0
0.08426,421.3,0.2,31.0
0.08426,421.3,0.2,31.0
0.08426,421.3,0.2,31.0
0.08426,421.3,0.2,31.0
0.12639,421.3,0.3,31.0
0.08426,421.3,0.2,31.0
0.08426,421.3,0.2,31.0
0.08426,421.3,0.2,31.0
0.08426,421.3,0.2,31.0
0.08426,421.3,0.2,31.0
0.08426,421.3,0.2,31.0
0.08426,421.3,0.2,31.0
0.08426,421.3,0.2,31.0
0.08426,421.3,0.2,31.0
0.08426,421.3,0.2,31.0
0.08426,421.3,0.2,31.0
0.12639,421.3,0.3,31.0
0.12639,421.3,0.3,31.0
0.08426,421.3,0.2,31.0
0.08426,421.3,0.2,31.0
0.12639,421.3,0.3,31.0
0.08426,421.3,0.2,31.0
0.08426,421.3,0.2,31.0
0.08426,421.3,0.2,31.0
0.08426,421.3,0.2,31.0
0.08426,421.3,0.2,31.0
0.08426,421.3,0.2,31.0
0.08426,421.3,0.2,31.0
0.08426,421.3,0.2,31.0
0.08426,421.3,0.2,31.0
0.08426,421.3,0.2,31.0
0.08426,421.3,0.2,31.0
0.08426,421.3,0.2,31.0
0.08426,421.3,0.2,31.0
0.08426,421.3,0.2,31.0
0.08426,421.3,0.2,31.0
0.08426,421.3,0.2,31.0
0.08426,421.3,0.2,31.0
0.08426,421.3,0.2,31.0
0.08426,421.3,0.2,31.0
0.08426,421.3,0.2,31.0
0.08426,421.3,0.2,31.0
0.08426,421.3,0.2,31.0
0.08426,421.3,0.2,31.0
0.12635999999999997,421.2,0.3,31.0
0.08426,421.3,0.2,31.0
0.12639,421.3,0.3,31.0
0.08426,421.3,0.2,31.0
0.08426,421.3,0.2,31.0
0.08426,421.3,0.2,31.0
0.08426,421.3,0.2,31.0
0.08426,421.3,0.2,31.0
0.08426,421.3,0.2,31.0
0.08426,421.3,0.2,31.0
0.08426,421.3,0.2,31.0
0.08426,421.3,0.2,31.0
0.08426,421.3,0.2,31.0
0.08426,421.3,0.2,31.0
0.08426,421.3,0.2,31.0
0.08426,421.3,0.2,31.0
0.08426,421.3,0.2,31.0
0.08426,421.3,0.2,31.0
0.08426,421.3,0.2,31.0
0.08426,421.3,0.2,31.0
0.08426,421.3,0.2,31.0
0.08426,421.3,0.2,31.0
0.08426,421.3,0.2,31.0
0.12639,421.3,0.3,31.0
0.08426,421.3,0.2,31.0
0.08426,421.3,0.2,31.0
0.08426,421.3,0.2,31.0
0.12639,421.3,0.3,31.0
0.08426,421.3,0.2,31.0
0.08426,421.3,0.2,31.0
0.08426,421.3,0.2,31.0
0.08426,421.3,0.2,31.0
0.08426,421.3,0.2,31.0
0.12639,421.3,0.3,31.0
0.08426,421.3,0.2,31.0
0.08426,421.3,0.2,31.0
0.08426,421.3,0.2,31.0
0.08426,421.3,0.2,31.0
0.08426,421.3,0.2,31.0
0.12639,421.3,0.3,31.0
0.08426,421.3,0.2,31.0
0.08426,421.3,0.2,31.0
0.08426,421.3,0.2,31.0
0.08426,421.3,0.2,31.0
0.12639,421.3,0.3,31.0
0.08426,421.3,0.2,31.0
0.08426,421.3,0.2,31.0
0.08426,421.3,0.2,31.0
0.08426,421.3,0.2,31.0
0.08426,421.3,0.2,31.0
0.08426,421.3,0.2,31.0
0.08426,421.3,0.2,31.0
0.08426,421.3,0.2,31.0
0.08426,421.3,0.2,31.0
0.08426,421.3,0.2,31.0
0.08426,421.3,0.2,31.0
0.08426,421.3,0.2,31.0
0.08426,421.3,0.2,31.0
0.08426,421.3,0.2,31.0
0.08426,421.3,0.2,31.0
0.12639,421.3,0.3,31.0
0.08426,421.3,0.2,31.0
0.08426,421.3,0.2,31.0
0.08426,421.3,0.2,31.0
0.12639,421.3,0.3,31.0
0.08426,421.3,0.2,31.0
0.08426,421.3,0.2,31.0
0.12639,421.3,0.3,31.0
0.08426,421.3,0.2,31.0
0.08426,421.3,0.2,31.0
0.12639,421.3,0.3,31.0
0.08426,421.3,0.2,31.0
0.08426,421.3,0.2,31.0
0.08426,421.3,0.2,31.0
0.08424000000000001,421.2,0.2,31.0
0.12639,421.3,0.3,31.0
0.08426,421.3,0.2,31.0
0.08426,421.3,0.2,31.0
0.08426,421.3,0.2,31.0
0.08426,421.3,0.2,31.0
0.08426,421.3,0.2,31.0
0.08426,421.3,0.2,31.0
0.12639,421.3,0.3,31.0
0.08426,421.3,0.2,31.0
0.08426,421.3,0.2,31.0
0.08426,421.3,0.2,31.0
0.08426,421.3,0.2,31.0
0.08426,421.3,0.2,31.0
0.12639,421.3,0.3,31.0
0.08426,421.3,0.2,31.0
0.08426,421.3,0.2,31.0
0.08426,421.3,0.2,31.0
0.12639,421.3,0.3,31.0
0.08426,421.3,0.2,31.0
0.08426,421.3,0.2,31.0
0.08426,421.3,0.2,31.0
0.08426,421.3,0.2,31.0
0.08426,421.3,0.2,31.0
0.08426,421.3,0.2,31.0
0.08426,421.3,0.2,31.0
0.08426,421.3,0.2,31.0
0.08426,421.3,0.2,31.0
0.08426,421.3,0.2,31.0
0.12639,421.3,0.3,31.0
0.08424000000000001,421.2,0.2,31.0
0.08426,421.3,0.2,31.0
0.08426,421.3,0.2,31.0
0.08426,421.3,0.2,31.0
0.08426,421.3,0.2,31.0
0.08426,421.3,0.2,31.0
0.12639,421.3,0.3,31.0
0.12639,421.3,0.3,31.0
0.08426,421.3,0.2,31.0
0.08426,421.3,0.2,31.0
0.12639,421.3,0.3,31.0
0.08426,421.3,0.2,31.0
0.08426,421.3,0.2,31.0
0.08426,421.3,0.2,31.0
0.08424000000000001,421.2,0.2,31.0
0.08426,421.3,0.2,31.0
0.08426,421.3,0.2,31.0
0.08426,421.3,0.2,31.0
0.08426,421.3,0.2,31.0
0.08424000000000001,421.2,0.2,31.0
0.12639,421.3,0.3,31.0
0.08426,421.3,0.2,31.0
0.08426,421.3,0.2,31.0
0.08426,421.3,0.2,31.0
0.08424000000000001,421.2,0.2,31.0
0.12639,421.3,0.3,31.0
0.12639,421.3,0.3,31.0
0.12635999999999997,421.2,0.3,31.0
0.16848000000000002,421.2,0.4,31.0
0.21059999999999998,421.2,0.5,31.0
0.21059999999999998,421.2,0.5,31.0
0.25266,421.1,0.6,31.0
0.21055000000000001,421.1,0.5,31.0
0.29477,421.1,0.7,31.0
0.33688000000000007,421.1,0.8,31.0
0.33688000000000007,421.1,0.8,31.0
0.33688000000000007,421.1,0.8,31.0
0.5473000000000001,421.0,1.3,31.0
0.5471699999999999,420.9,1.3,31.0
0.5052,421.0,1.2,31.0
0.4631,421.0,1.1,31.0
0.50508,420.9,1.2,31.0
0.50508,420.9,1.2,31.0
0.67344,420.9,1.6,31.0
0.71536,420.8,1.7,31.0
0.71536,420.8,1.7,31.0
0.75726,420.7,1.8,31.0
0.75726,420.7,1.8,31.0
0.7993299999999999,420.7,1.9,31.0
0.7993299999999999,420.7,1.9,31.0
0.9676099999999999,420.7,2.3,31.0
0.9253200000000001,420.6,2.2,31.0
1.0515,420.6,2.5,31.0
1.09356,420.6,2.6,31.0
1.13535,420.5,2.7,31.0
1.1773999999999998,420.5,2.8,31.0
1.13535,420.5,2.7,31.0
1.13535,420.5,2.7,31.0
1.1350799999999999,420.4,2.7,31.0
1.30324,420.4,3.1,31.0
1.3029300000000001,420.3,3.1,31.0
1.3029300000000001,420.3,3.1,31.0
1.34496,420.3,3.2,31.0
1.21887,420.3,2.9,31.0
1.2609000000000001,420.3,3.0,31.0
1.2611999999999999,420.4,3.0,31.0
1.13535,420.5,2.7,31.0
0.8832600000000002,420.6,2.1,31.0
0.8412000000000001,420.6,2.0,31.0
0.9253200000000001,420.6,2.2,31.0
1.0091999999999999,420.5,2.4,31.0
1.13535,420.5,2.7,31.0
1.0091999999999999,420.5,2.4,31.0
1.05125,420.5,2.5,31.0
0.96715,420.5,2.3,31.0
0.71502,420.6,1.7,31.0
0.75726,420.7,1.8,31.0
0.71519,420.7,1.7,31.0
0.8412000000000001,420.6,2.0,31.0
0.9253200000000001,420.6,2.2,31.0
0.7570800000000001,420.6,1.8,31.0
0.8832600000000002,420.6,2.1,31.0
0.8832600000000002,420.6,2.1,31.0
0.9253200000000001,420.6,2.2,31.0
0.7570800000000001,420.6,1.8,31.0
0.8412000000000001,420.6,2.0,31.0
0.9253200000000001,420.6,2.2,31.0
0.8412000000000001,420.6,2.0,31.0
0.96738,420.6,2.3,31.0
0.79914,420.6,1.9,31.0
0.7570800000000001,420.6,1.8,31.0
0.96738,420.6,2.3,31.0
0.71502,420.6,1.7,31.0
0.7989499999999999,420.5,1.9,31.0
0.9253200000000001,420.6,2.2,31.0
0.8832600000000002,420.6,2.1,31.0
0.8412000000000001,420.6,2.0,31.0
0.8830500000000001,420.5,2.1,31.0
0.8412000000000001,420.6,2.0,31.0
0.9251,420.5,2.2,31.0
0.8828400000000001,420.4,2.1,31.0
0.841,420.5,2.0,31.0
0.96715,420.5,2.3,31.0
0.92488,420.4,2.2,31.0
0.96715,420.5,2.3,31.0
1.1350799999999999,420.4,2.7,31.0
1.34464,420.2,3.2,31.0
1.5123600000000001,420.1,3.6,31.0
1.2606,420.2,3.0,31.0
1.21887,420.3,2.9,31.0
1.17656,420.2,2.8,31.0
0.9669199999999999,420.4,2.3,31.0
1.09304,420.4,2.6,31.0
1.05075,420.3,2.5,31.0
0.9669199999999999,420.4,2.3,31.0
1.05075,420.3,2.5,31.0
1.2609000000000001,420.3,3.0,31.0
1.2609000000000001,420.3,3.0,31.0
1.21858,420.2,2.9,31.0
1.3029300000000001,420.3,3.1,31.0
1.4707000000000001,420.2,3.5,31.0
1.3863299999999998,420.1,3.3,31.0
1.34464,420.2,3.2,31.0
1.3029300000000001,420.3,3.1,31.0
1.21858,420.2,2.9,31.0
1.30262,420.2,3.1,31.0
1.34464,420.2,3.2,31.0
1.4283400000000002,420.1,3.4,31.0
1.34464,420.2,3.2,31.0
1.09304,420.4,2.6,31.0
1.051,420.4,2.5,31.0
1.00872,420.3,2.4,31.0
1.05075,420.3,2.5,31.0
1.13481,420.3,2.7,31.0
1.13481,420.3,2.7,31.0
1.1768399999999999,420.3,2.8,31.0
1.13481,420.3,2.7,31.0
1.30262,420.2,3.1,31.0
1.5963800000000001,420.1,3.8,31.0
1.512,420.0,3.6,31.0
1.512,420.0,3.6,31.0
1.554,420.0,3.7,31.0
1.3863299999999998,420.1,3.3,31.0
1.3863299999999998,420.1,3.3,31.0
1.47,420.0,3.5,31.0
1.3863299999999998,420.1,3.3,31.0
1.47,420.0,3.5,31.0
1.596,420.0,3.8,31.0
1.47,420.0,3.5,31.0
1.428,420.0,3.4,31.0
1.5956199999999998,419.9,3.8,31.0
1.5956199999999998,419.9,3.8,31.0
1.5116399999999999,419.9,3.6,31.0
1.5116399999999999,419.9,3.6,31.0
1.5956199999999998,419.9,3.8,31.0
1.5956199999999998,419.9,3.8,31.0
1.47,420.0,3.5,31.0
0.7567200000000001,420.4,1.8,31.0
0.8830500000000001,420.5,2.1,31.0
1.00872,420.3,2.4,31.0
1.0927799999999999,420.3,2.6,31.0
1.30231,420.1,3.1,31.0
1.428,420.0,3.4,31.0
1.596,420.0,3.8,31.0
1.42766,419.9,3.4,31.0
1.512,420.0,3.6,31.0
1.428,420.0,3.4,31.0
1.554,420.0,3.7,31.0
1.5536299999999998,419.9,3.7,31.0
1.512,420.0,3.6,31.0
1.344,420.0,3.2,31.0
1.17628,420.1,2.8,31.0
1.1345399999999999,420.2,2.7,31.0
0.8826300000000001,420.3,2.1,31.0
0.8408,420.4,2.0,31.0
1.00872,420.3,2.4,31.0
1.00872,420.3,2.4,31.0
1.0084799999999998,420.2,2.4,31.0
0.9666899999999999,420.3,2.3,31.0
0.92466,420.3,2.2,31.0
1.0927799999999999,420.3,2.6,31.0
0.9666899999999999,420.3,2.3,31.0
1.00872,420.3,2.4,31.0
1.00872,420.3,2.4,31.0
1.00872,420.3,2.4,31.0
1.00872,420.3,2.4,31.0
1.05075,420.3,2.5,31.0
1.05075,420.3,2.5,31.0
1.0505,420.2,2.5,31.0
1.88955,419.9,4.5,31.0
1.8042799999999999,419.6,4.3,31.0
1.84668,419.7,4.4,31.0
1.1337300000000001,419.9,2.7,31.0
1.0927799999999999,420.3,2.6,31.0
1.17656,420.2,2.8,31.0
1.30231,420.1,3.1,31.0
1.26,420.0,3.0,31.0
0.12614999999999998,420.5,0.3,31.0
0.21045,420.9,0.5,31.0
0.33664000000000005,420.8,0.8,31.0
0.8826300000000001,420.3,2.1,31.0
2.47741,419.9,5.9,31.0
2.38944,419.2,5.7,31.0
1.5105600000000001,419.6,3.6,31.0
1.0505,420.2,2.5,31.0
0.67248,420.3,1.6,31.0
0.5886999999999999,420.5,1.4,31.0
0.46266000000000007,420.6,1.1,31.0
0.54678,420.6,1.3,31.0
0.6309000000000001,420.6,1.5,31.0
0.58884,420.6,1.4,31.0
0.6728000000000001,420.5,1.6,31.0
0.6728000000000001,420.5,1.6,31.0
0.7567200000000001,420.4,1.8,31.0
0.6728000000000001,420.5,1.6,31.0
0.7569,420.5,1.8,31.0
0.7987599999999999,420.4,1.9,31.0
0.7987599999999999,420.4,1.9,31.0
0.71468,420.4,1.7,31.0
0.8408,420.4,2.0,31.0
1.13481,420.3,2.7,31.0
1.2603000000000002,420.1,3.0,31.0
1.30231,420.1,3.1,31.0
1.3443200000000002,420.1,3.2,31.0
1.5956199999999998,419.9,3.8,31.0
1.42766,419.9,3.4,31.0
1.59524,419.8,3.8,31.0
1.59524,419.8,3.8,31.0
1.59524,419.8,3.8,31.0
1.59524,419.8,3.8,31.0
1.46965,419.9,3.5,31.0
1.5956199999999998,419.9,3.8,31.0
1.5536299999999998,419.9,3.7,31.0
1.5116399999999999,419.9,3.6,31.0
1.5956199999999998,419.9,3.8,31.0
1.42766,419.9,3.4,31.0
1.5532600000000003,419.8,3.7,31.0
1.1337300000000001,419.9,2.7,31.0
1.2603000000000002,420.1,3.0,31.0
1.2603000000000002,420.1,3.0,31.0
1.26,420.0,3.0,31.0
1.26,420.0,3.0,31.0
1.386,420.0,3.3,31.0
1.302,420.0,3.1,31.0
1.218,420.0,2.9,31.0
1.302,420.0,3.1,31.0
1.344,420.0,3.2,31.0
1.344,420.0,3.2,31.0
1.344,420.0,3.2,31.0
1.344,420.0,3.2,31.0
1.26,420.0,3.0,31.0
1.134,420.0,2.7,31.0
1.1342700000000001,420.1,2.7,31.0
1.092,420.0,2.6,31.0
1.05025,420.1,2.5,31.0
1.09226,420.1,2.6,31.0
0.9664599999999999,420.2,2.3,31.0
1.05025,420.1,2.5,31.0
1.0505,420.2,2.5,31.0
1.0084799999999998,420.2,2.4,31.0
0.7565400000000001,420.3,1.8,31.0
0.37845,420.5,0.9,31.0
0.12624,420.8,0.3,31.0
0.12624,420.8,0.3,31.0
0.37863,420.7,0.9,31.0
0.6309000000000001,420.6,1.5,31.0
0.58856,420.4,1.4,31.0
0.8828400000000001,420.4,2.1,31.0
0.71468,420.4,1.7,31.0
0.29449,420.7,0.7,31.0
0.29449,420.7,0.7,31.0
0.08418,420.9,0.2,31.0
0.12624,420.8,0.3,31.0
0.12624,420.8,0.3,31.0
0.12624,420.8,0.3,31.0
0.12624,420.8,0.3,31.0
0.2104,420.8,0.5,31.0
0.12624,420.8,0.3,31.0
0.2104,420.8,0.5,31.0
0.12627,420.9,0.3,31.0
0.16832000000000003,420.8,0.4,31.0
0.12624,420.8,0.3,31.0
0.16832000000000003,420.8,0.4,31.0
0.12627,420.9,0.3,31.0
0.12627,420.9,0.3,31.0
0.21045,420.9,0.5,31.0
0.25248,420.8,0.6,31.0
0.25248,420.8,0.6,31.0
0.16832000000000003,420.8,0.4,31.0
0.12627,420.9,0.3,31.0
0.16836,420.9,0.4,31.0
0.12627,420.9,0.3,31.0
0.16832000000000003,420.8,0.4,31.0
0.16836,420.9,0.4,31.0
0.16836,420.9,0.4,31.0
0.12627,420.9,0.3,31.0
0.12627,420.9,0.3,31.0
0.16836,420.9,0.4,31.0
0.29456,420.8,0.7,31.0
0.5047200000000001,420.6,1.2,31.0
0.5047200000000001,420.6,1.2,31.0
0.42069999999999996,420.7,1.0,31.0
0.37863,420.7,0.9,31.0
0.37863,420.7,0.9,31.0
0.42069999999999996,420.7,1.0,31.0
0.42069999999999996,420.7,1.0,31.0
0.42069999999999996,420.7,1.0,31.0
0.42069999999999996,420.7,1.0,31.0
0.50484,420.7,1.2,31.0
0.46277,420.7,1.1,31.0
0.54678,420.6,1.3,31.0
0.58884,420.6,1.4,31.0
0.6309000000000001,420.6,1.5,31.0
0.71485,420.5,1.7,31.0
0.9669199999999999,420.4,2.3,31.0
1.30262,420.2,3.1,31.0
1.26,420.0,3.0,31.0
1.30231,420.1,3.1,31.0
1.1342700000000001,420.1,2.7,31.0
1.2182899999999999,420.1,2.9,31.0
1.17628,420.1,2.8,31.0
1.2182899999999999,420.1,2.9,31.0
1.3443200000000002,420.1,3.2,31.0
1.386,420.0,3.3,31.0
1.46965,419.9,3.5,31.0
1.6796,419.9,4.0,31.0
1.5532600000000003,419.8,3.7,31.0
1.6372200000000001,419.8,3.9,31.0
1.59524,419.8,3.8,31.0
1.5532600000000003,419.8,3.7,31.0
1.51128,419.8,3.6,31.0
1.59524,419.8,3.8,31.0
1.5956199999999998,419.9,3.8,31.0
1.59524,419.8,3.8,31.0
1.5532600000000003,419.8,3.7,31.0
1.5532600000000003,419.8,3.7,31.0
1.59524,419.8,3.8,31.0
1.59524,419.8,3.8,31.0
1.5532600000000003,419.8,3.7,31.0
1.59524,419.8,3.8,31.0
1.34368,419.9,3.2,31.0
0.58828,420.2,1.4,31.0
0.67264,420.4,1.6,31.0
0.8828400000000001,420.4,2.1,31.0
0.9666899999999999,420.3,2.3,31.0
1.09252,420.2,2.6,31.0
1.0084799999999998,420.2,2.4,31.0
0.92444,420.2,2.2,31.0
0.9664599999999999,420.2,2.3,31.0
1.0505,420.2,2.5,31.0
0.9664599999999999,420.2,2.3,31.0
0.92444,420.2,2.2,31.0
0.92466,420.3,2.2,31.0
0.88242,420.2,2.1,31.0
0.8826300000000001,420.3,2.1,31.0
0.8826300000000001,420.3,2.1,31.0
0.92444,420.2,2.2,31.0
1.0084799999999998,420.2,2.4,31.0
0.9664599999999999,420.2,2.3,31.0
1.0084799999999998,420.2,2.4,31.0
1.0084799999999998,420.2,2.4,31.0
1.0505,420.2,2.5,31.0
0.88242,420.2,2.1,31.0
1.0505,420.2,2.5,31.0
1.0084799999999998,420.2,2.4,31.0
1.1342700000000001,420.1,2.7,31.0
1.1342700000000001,420.1,2.7,31.0
1.47,420.0,3.5,31.0
1.3856699999999997,419.9,3.3,31.0
1.51128,419.8,3.6,31.0
1.46965,419.9,3.5,31.0
1.42766,419.9,3.4,31.0
1.42732,419.8,3.4,31.0
1.4693,419.8,3.5,31.0
1.42766,419.9,3.4,31.0
1.51128,419.8,3.6,31.0
1.51128,419.8,3.6,31.0
1.51128,419.8,3.6,31.0
1.51128,419.8,3.6,31.0
1.4693,419.8,3.5,31.0
1.5532600000000003,419.8,3.7,31.0
1.38534,419.8,3.3,31.0
0.9240000000000002,420.0,2.2,31.0
0.88242,420.2,2.1,31.0
0.96623,420.1,2.3,31.0
0.9242200000000002,420.1,2.2,31.0
0.7565400000000001,420.3,1.8,31.0
0.92444,420.2,2.2,31.0
0.8403999999999999,420.2,2.0,31.0
0.8406,420.3,2.0,31.0
0.9664599999999999,420.2,2.3,31.0
0.88242,420.2,2.1,31.0
0.88242,420.2,2.1,31.0
0.46244,420.4,1.1,31.0
0.0,420.8,0.0,31.0
0.0,420.9,0.0,31.0
0.16832000000000003,420.8,0.4,31.0
0.16832000000000003,420.8,0.4,31.0
0.12624,420.8,0.3,31.0
0.12624,420.8,0.3,31.0
0.08416000000000001,420.8,0.2,31.0
0.12624,420.8,0.3,31.0
0.16832000000000003,420.8,0.4,31.0
0.12624,420.8,0.3,31.0
0.12624,420.8,0.3,31.0
0.12624,420.8,0.3,31.0
0.21034999999999998,420.7,0.5,31.0
0.21034999999999998,420.7,0.5,31.0
0.16832000000000003,420.8,0.4,31.0
0.2104,420.8,0.5,31.0
0.2104,420.8,0.5,31.0
0.21034999999999998,420.7,0.5,31.0
0.29449,420.7,0.7,31.0
0.5045999999999999,420.5,1.2,31.0
0.5045999999999999,420.5,1.2,31.0
0.46266000000000007,420.6,1.1,31.0
0.46266000000000007,420.6,1.1,31.0
0.54678,420.6,1.3,31.0
0.5886999999999999,420.5,1.4,31.0
0.7565400000000001,420.3,1.8,31.0
0.8406,420.3,2.0,31.0
0.7565400000000001,420.3,1.8,31.0
0.71468,420.4,1.7,31.0
0.7987599999999999,420.4,1.9,31.0
0.7565400000000001,420.3,1.8,31.0
0.7985699999999999,420.3,1.9,31.0
1.0505,420.2,2.5,31.0
1.2182899999999999,420.1,2.9,31.0
1.09226,420.1,2.6,31.0
1.17628,420.1,2.8,31.0
1.1342700000000001,420.1,2.7,31.0
1.05025,420.1,2.5,31.0
1.09226,420.1,2.6,31.0
1.17628,420.1,2.8,31.0
1.26,420.0,3.0,31.0
1.428,420.0,3.4,31.0
1.5532600000000003,419.8,3.7,31.0
1.8882,419.6,4.5,31.0
1.8462400000000003,419.6,4.4,31.0
1.76232,419.6,4.2,31.0
1.8462400000000003,419.6,4.4,31.0
1.8042799999999999,419.6,4.3,31.0
1.72036,419.6,4.1,31.0
1.63683,419.7,3.9,31.0
1.51092,419.7,3.6,31.0
1.59524,419.8,3.8,31.0
1.5944800000000001,419.6,3.8,31.0
1.59486,419.7,3.8,31.0
1.59486,419.7,3.8,31.0
1.59486,419.7,3.8,31.0
1.5944800000000001,419.6,3.8,31.0
1.9296999999999997,419.5,4.6,31.0
1.9296999999999997,419.5,4.6,31.0
1.9296999999999997,419.5,4.6,31.0
2.5151999999999997,419.2,6.0,31.0
2.4721,419.0,5.9,31.0
2.34696,419.1,5.6,31.0
1.76148,419.4,4.2,31.0
0.9664599999999999,420.2,2.3,31.0
1.218,420.0,2.9,31.0
1.34368,419.9,3.2,31.0
1.51092,419.7,3.6,31.0
1.6364400000000001,419.6,3.9,31.0
1.5944800000000001,419.6,3.8,31.0
1.5944800000000001,419.6,3.8,31.0
1.8042799999999999,419.6,4.3,31.0
1.7619,419.5,4.2,31.0
1.76148,419.4,4.2,31.0
1.80385,419.5,4.3,31.0
1.80385,419.5,4.3,31.0
1.80385,419.5,4.3,31.0
1.9296999999999997,419.5,4.6,31.0
1.92878,419.3,4.6,31.0
1.92878,419.3,4.6,31.0
1.97071,419.3,4.7,31.0
1.9711800000000002,419.4,4.7,31.0
1.97071,419.3,4.7,31.0
2.01312,419.4,4.8,31.0
1.92878,419.3,4.6,31.0
1.4263,419.5,3.4,31.0
0.9659999999999999,420.0,2.3,31.0
0.84,420.0,2.0,31.0
0.9242200000000002,420.1,2.2,31.0
1.008,420.0,2.4,31.0
0.9659999999999999,420.0,2.3,31.0
1.092,420.0,2.6,31.0
0.9659999999999999,420.0,2.3,31.0
0.4620000000000001,420.0,1.1,31.0
0.25236000000000003,420.6,0.6,31.0
0.58856,420.4,1.4,31.0
0.75636,420.2,1.8,31.0
0.92444,420.2,2.2,31.0
1.26,420.0,3.0,31.0
1.4266400000000001,419.6,3.4,31.0
1.51092,419.7,3.6,31.0
1.38501,419.7,3.3,31.0
1.42698,419.7,3.4,31.0
1.80385,419.5,4.3,31.0
2.34752,419.2,5.6,31.0
2.3045,419.0,5.5,31.0
2.2631400000000004,419.1,5.4,31.0
2.2217599999999997,419.2,5.3,31.0
2.13792,419.2,5.1,31.0
2.30505,419.1,5.5,31.0
2.3045,419.0,5.5,31.0
2.4721,419.0,5.9,31.0
2.5978000000000003,419.0,6.2,31.0
2.9741899999999997,418.9,7.1,31.0
3.6784,418.0,8.8,31.0
3.22014,418.2,7.7,31.0
1.55178,419.4,3.7,31.0
1.46895,419.7,3.5,31.0
1.80385,419.5,4.3,31.0
2.0126399999999998,419.3,4.8,31.0
1.8868500000000001,419.3,4.5,31.0
2.05408,419.2,4.9,31.0
2.01168,419.1,4.8,31.0
2.13741,419.1,5.1,31.0
2.13741,419.1,5.1,31.0
2.096,419.2,5.0,31.0
2.13741,419.1,5.1,31.0
2.30505,419.1,5.5,31.0
2.4715100000000003,418.9,5.9,31.0
2.38773,418.9,5.7,31.0
1.8440400000000001,419.1,4.4,31.0
1.04925,419.7,2.5,31.0
1.09174,419.9,2.6,31.0
1.17544,419.8,2.8,31.0
0.6721600000000001,420.1,1.6,31.0
0.9240000000000002,420.0,2.2,31.0
0.882,420.0,2.1,31.0
1.134,420.0,2.7,31.0
1.00752,419.8,2.4,31.0
1.1757199999999999,419.9,2.8,31.0
1.34336,419.8,3.2,31.0
1.46895,419.7,3.5,31.0
1.34304,419.7,3.2,31.0
1.38501,419.7,3.3,31.0
1.2590999999999999,419.7,3.0,31.0
1.2590999999999999,419.7,3.0,31.0
1.30107,419.7,3.1,31.0
1.76148,419.4,4.2,31.0
1.6776,419.4,4.0,31.0
1.63527,419.3,3.9,31.0
1.76148,419.4,4.2,31.0
1.80299,419.3,4.3,31.0
1.7195399999999998,419.4,4.1,31.0
1.76148,419.4,4.2,31.0
2.2636800000000004,419.2,5.4,31.0
2.096,419.2,5.0,31.0
1.80256,419.2,4.3,31.0
1.8868500000000001,419.3,4.5,31.0
1.8868500000000001,419.3,4.5,31.0
2.1369,419.0,5.1,31.0
2.55468,418.8,6.1,31.0
2.9288,418.4,7.0,31.0
2.97064,418.4,7.1,31.0
3.0132000000000003,418.5,7.2,31.0
2.72025,418.5,6.5,31.0
2.9295,418.5,7.0,31.0
2.8039500000000004,418.5,6.7,31.0
2.9288,418.4,7.0,31.0
2.97064,418.4,7.1,31.0
2.38545,418.5,5.7,31.0
1.92786,419.1,4.6,31.0
2.1369,419.0,5.1,31.0
2.2201699999999995,418.9,5.3,31.0
2.21964,418.8,5.3,31.0
2.38716,418.8,5.7,31.0
2.095,419.0,5.0,31.0
1.9273999999999998,419.0,4.6,31.0
2.0121599999999997,419.2,4.8,31.0
1.8863999999999999,419.2,4.5,31.0
1.4263,419.5,3.4,31.0
1.5944800000000001,419.6,3.8,31.0
1.76148,419.4,4.2,31.0
1.7195399999999998,419.4,4.1,31.0
1.76106,419.3,4.2,31.0
1.049,419.6,2.5,31.0
0.88158,419.8,2.1,31.0
0.92356,419.8,2.2,31.0
0.7558199999999999,419.9,1.8,31.0
0.882,420.0,2.1,31.0
0.378,420.0,0.9,31.0
0.21015,420.3,0.5,31.0
0.33624,420.3,0.8,31.0
0.4203,420.3,1.0,31.0
0.4203,420.3,1.0,31.0
0.46233,420.3,1.1,31.0
0.46233,420.3,1.1,31.0
0.46233,420.3,1.1,31.0
0.58828,420.2,1.4,31.0
1.38501,419.7,3.3,31.0
1.3424,419.5,3.2,31.0
1.4266400000000001,419.6,3.4,31.0
0.252,420.0,0.6,31.0
0.2102,420.4,0.5,31.0
0.50436,420.3,1.2,31.0
0.54626,420.2,1.3,31.0
0.67232,420.2,1.6,31.0
0.6721600000000001,420.1,1.6,31.0
0.58814,420.1,1.4,31.0
0.6301500000000001,420.1,1.5,31.0
0.54626,420.2,1.3,31.0
0.5042399999999999,420.2,1.2,31.0
0.7143399999999999,420.2,1.7,31.0
0.58828,420.2,1.4,31.0
0.6721600000000001,420.1,1.6,31.0
0.882,420.0,2.1,31.0
1.1334600000000001,419.8,2.7,31.0
1.1331900000000001,419.7,2.7,31.0
1.2171299999999998,419.7,2.9,31.0
1.2171299999999998,419.7,2.9,31.0
1.0495,419.8,2.5,31.0
0.0,420.3,0.0,31.0
0.0,420.6,0.0,31.0
0.46244,420.4,1.1,31.0
0.6303,420.2,1.5,31.0
0.7981900000000001,420.1,1.9,31.0
0.8402000000000001,420.1,2.0,31.0
0.37818,420.2,0.9,31.0
0.16816,420.4,0.4,31.0
0.33632,420.4,0.8,31.0
0.50436,420.3,1.2,31.0
0.7143399999999999,420.2,1.7,31.0
1.05,420.0,2.5,31.0
1.17544,419.8,2.8,31.0
0.88158,419.8,2.1,31.0
0.7143399999999999,420.2,1.7,31.0
0.42010000000000003,420.1,1.0,31.0
0.4203,420.3,1.0,31.0
0.54626,420.2,1.3,31.0
0.5042399999999999,420.2,1.2,31.0
0.21015,420.3,0.5,31.0
0.2102,420.4,0.5,31.0
0.04206,420.6,0.1,31.0
0.08412,420.6,0.2,31.0
0.12618000000000001,420.6,0.3,31.0
0.21025,420.5,0.5,31.0
0.12614999999999998,420.5,0.3,31.0
0.12618000000000001,420.6,0.3,31.0
0.16824,420.6,0.4,31.0
0.16824,420.6,0.4,31.0
0.21025,420.5,0.5,31.0
0.16824,420.6,0.4,31.0
0.12618000000000001,420.6,0.3,31.0
0.46255,420.5,1.1,31.0
0.4204,420.4,1.0,31.0
0.37836000000000003,420.4,0.9,31.0
0.4204,420.4,1.0,31.0
0.37836000000000003,420.4,0.9,31.0
0.37836000000000003,420.4,0.9,31.0
0.6305999999999999,420.4,1.5,31.0
1.2594,419.8,3.0,31.0
1.51092,419.7,3.6,31.0
2.097,419.4,5.0,31.0
2.3463999999999996,419.0,5.6,31.0
2.3883,419.0,5.7,31.0
2.30505,419.1,5.5,31.0
0.6297,419.8,1.5,31.0
0.7143399999999999,420.2,1.7,31.0
1.05025,420.1,2.5,31.0
1.34336,419.8,3.2,31.0
2.01312,419.4,4.8,31.0
2.0121599999999997,419.2,4.8,31.0
1.80299,419.3,4.3,31.0
1.7195399999999998,419.4,4.1,31.0
1.049,419.6,2.5,31.0
0.9657699999999999,419.9,2.3,31.0
1.17544,419.8,2.8,31.0
1.17544,419.8,2.8,31.0
1.1751599999999998,419.7,2.8,31.0
1.17544,419.8,2.8,31.0
1.1334600000000001,419.8,2.7,31.0
1.2174200000000002,419.8,2.9,31.0
1.09148,419.8,2.6,31.0
1.09148,419.8,2.6,31.0
1.09148,419.8,2.6,31.0
0.9657699999999999,419.9,2.3,31.0
0.37827000000000005,420.3,0.9,31.0
0.6304500000000001,420.3,1.5,31.0
0.9240000000000002,420.0,2.2,31.0
1.2594,419.8,3.0,31.0
1.678,419.5,4.0,31.0
1.5940999999999999,419.5,3.8,31.0
1.3427200000000004,419.6,3.2,31.0
1.4266400000000001,419.6,3.4,31.0
1.3427200000000004,419.6,3.2,31.0
1.5105600000000001,419.6,3.6,31.0
1.38435,419.5,3.3,31.0
1.5521500000000001,419.5,3.7,31.0
1.46825,419.5,3.5,31.0
1.7619,419.5,4.2,31.0
1.97024,419.2,4.7,31.0
2.0121599999999997,419.2,4.8,31.0
1.80299,419.3,4.3,31.0
1.92878,419.3,4.6,31.0
1.9283199999999998,419.2,4.6,31.0
1.9283199999999998,419.2,4.6,31.0
1.97071,419.3,4.7,31.0
2.5134,418.9,6.0,31.0
2.26206,418.9,5.4,31.0
2.42962,418.9,5.8,31.0
2.38716,418.8,5.7,31.0
2.42846,418.7,5.8,31.0
2.6796800000000003,418.7,6.4,31.0
2.6371800000000003,418.6,6.3,31.0
2.8046200000000003,418.6,6.7,31.0
2.84648,418.6,6.8,31.0
2.7209,418.6,6.5,31.0
2.7209,418.6,6.5,31.0
2.59532,418.6,6.2,31.0
1.80256,419.2,4.3,31.0
2.0535900000000002,419.1,4.9,31.0
1.55178,419.4,3.7,31.0
1.5514100000000002,419.3,3.7,31.0
0.79743,419.7,1.9,31.0
0.0,420.1,0.0,31.0
0.042050000000000004,420.5,0.1,31.0
0.29428,420.4,0.7,31.0
0.33624,420.3,0.8,31.0
0.12605999999999998,420.2,0.3,31.0
0.04204,420.4,0.1,31.0
0.08408,420.4,0.2,31.0
0.08408,420.4,0.2,31.0
0.16816,420.4,0.4,31.0
0.16816,420.4,0.4,31.0
0.12611999999999998,420.4,0.3,31.0
0.12611999999999998,420.4,0.3,31.0
0.2102,420.4,0.5,31.0
0.16816,420.4,0.4,31.0
0.08410000000000001,420.5,0.2,31.0
0.12614999999999998,420.5,0.3,31.0
0.12614999999999998,420.5,0.3,31.0
0.12614999999999998,420.5,0.3,31.0
0.12614999999999998,420.5,0.3,31.0
0.12614999999999998,420.5,0.3,31.0
0.12614999999999998,420.5,0.3,31.0
0.12614999999999998,420.5,0.3,31.0
0.12614999999999998,420.5,0.3,31.0
0.21025,420.5,0.5,31.0
0.042050000000000004,420.5,0.1,31.0
0.16820000000000002,420.5,0.4,31.0
0.6721600000000001,420.1,1.6,31.0
0.6301500000000001,420.1,1.5,31.0
0.0,420.5,0.0,31.0
0.04206,420.6,0.1,31.0
1.17656,420.2,2.8,31.0
1.42732,419.8,3.4,31.0
1.5937199999999998,419.4,3.8,31.0
1.3846800000000001,419.6,3.3,31.0
1.4686000000000001,419.6,3.5,31.0
1.3427200000000004,419.6,3.2,31.0
1.4686000000000001,419.6,3.5,31.0
1.4266400000000001,419.6,3.4,31.0
2.3888700000000003,419.1,5.7,31.0
2.47092,418.8,5.9,31.0
2.38773,418.9,5.7,31.0
2.2626000000000004,419.0,5.4,31.0
2.3883,419.0,5.7,31.0
2.30395,418.9,5.5,31.0
2.3458399999999995,418.9,5.6,31.0
2.30395,418.9,5.5,31.0
2.30395,418.9,5.5,31.0
2.3458399999999995,418.9,5.6,31.0
2.3458399999999995,418.9,5.6,31.0
2.1788000000000003,419.0,5.2,31.0
2.30395,418.9,5.5,31.0
2.34528,418.8,5.6,31.0
2.38773,418.9,5.7,31.0
2.3034,418.8,5.5,31.0
2.21964,418.8,5.3,31.0
2.0111999999999997,419.0,4.8,31.0
1.88595,419.1,4.5,31.0
2.0955,419.1,5.0,31.0
2.1369,419.0,5.1,31.0
1.9693000000000003,419.0,4.7,31.0
1.9273999999999998,419.0,4.6,31.0
1.63527,419.3,3.9,31.0
1.5937199999999998,419.4,3.8,31.0
1.63527,419.3,3.9,31.0
1.6767999999999998,419.2,4.0,31.0
1.63527,419.3,3.9,31.0
1.6772,419.3,4.0,31.0
1.4678999999999998,419.4,3.5,31.0
1.17488,419.6,2.8,31.0
1.1751599999999998,419.7,2.8,31.0
1.04925,419.7,2.5,31.0
1.1331900000000001,419.7,2.7,31.0
1.1329200000000001,419.6,2.7,31.0
1.04925,419.7,2.5,31.0
0.8398,419.9,2.0,31.0
0.756,420.0,1.8,31.0
0.8398,419.9,2.0,31.0
0.88179,419.9,2.1,31.0
0.8398,419.9,2.0,31.0
0.8398,419.9,2.0,31.0
0.8398,419.9,2.0,31.0
0.756,420.0,1.8,31.0
0.7978099999999999,419.9,1.9,31.0
0.7978099999999999,419.9,1.9,31.0
0.8398,419.9,2.0,31.0
0.7978099999999999,419.9,1.9,31.0
1.7619,419.5,4.2,31.0
1.7602200000000003,419.1,4.2,31.0
2.47092,418.8,5.9,31.0
2.1782799999999995,418.9,5.2,31.0
2.13639,418.9,5.1,31.0
2.26206,418.9,5.4,31.0
2.13639,418.9,5.1,31.0
2.21964,418.8,5.3,31.0
2.30395,418.9,5.5,31.0
2.1782799999999995,418.9,5.2,31.0
2.21964,418.8,5.3,31.0
2.1782799999999995,418.9,5.2,31.0
2.1782799999999995,418.9,5.2,31.0
2.38716,418.8,5.7,31.0
2.34528,418.8,5.6,31.0
2.3447199999999997,418.7,5.6,31.0
2.2615200000000004,418.8,5.4,31.0
2.2615200000000004,418.8,5.4,31.0
2.34528,418.8,5.6,31.0
2.26098,418.7,5.4,31.0
2.2615200000000004,418.8,5.4,31.0
2.0945,418.9,5.0,31.0
1.9693000000000003,419.0,4.7,31.0
2.095,419.0,5.0,31.0
2.21964,418.8,5.3,31.0
2.3034,418.8,5.5,31.0
2.21964,418.8,5.3,31.0
2.26098,418.7,5.4,31.0
2.30285,418.7,5.5,31.0
2.30285,418.7,5.5,31.0
2.21964,418.8,5.3,31.0
2.34528,418.8,5.6,31.0
2.3447199999999997,418.7,5.6,31.0
2.34528,418.8,5.6,31.0
2.26098,418.7,5.4,31.0
2.17776,418.8,5.2,31.0
1.8440400000000001,419.1,4.4,31.0
2.095,419.0,5.0,31.0
2.095,419.0,5.0,31.0
2.1782799999999995,418.9,5.2,31.0
2.0945,418.9,5.0,31.0
2.2615200000000004,418.8,5.4,31.0
2.01024,418.8,4.8,31.0
2.0107199999999996,418.9,4.8,31.0
1.9264799999999997,418.8,4.6,31.0
2.01024,418.8,4.8,31.0
2.13537,418.7,5.1,31.0
2.21964,418.8,5.3,31.0
2.1772400000000003,418.7,5.2,31.0
2.1772400000000003,418.7,5.2,31.0
2.3034,418.8,5.5,31.0
2.094,418.8,5.0,31.0
2.26098,418.7,5.4,31.0
2.1772400000000003,418.7,5.2,31.0
2.26098,418.7,5.4,31.0
2.2191099999999997,418.7,5.3,31.0
2.42846,418.7,5.8,31.0
2.7620999999999998,418.5,6.6,31.0
3.22014,418.2,7.7,31.0
2.5928400000000003,418.2,6.2,31.0
2.30285,418.7,5.5,31.0
2.01024,418.8,4.8,31.0
2.38659,418.7,5.7,31.0
2.34416,418.6,5.6,31.0
2.30285,418.7,5.5,31.0
2.26044,418.6,5.4,31.0
2.38659,418.7,5.7,31.0
2.1358800000000002,418.8,5.1,31.0
2.2201699999999995,418.9,5.3,31.0
2.0945,418.9,5.0,31.0
1.8427200000000004,418.8,4.4,31.0
1.29952,419.2,3.1,31.0
1.21597,419.3,2.9,31.0
1.00704,419.6,2.4,31.0
0.8393999999999999,419.7,2.0,31.0
1.4686000000000001,419.6,3.5,31.0
1.3417600000000003,419.3,3.2,31.0
1.2998300000000003,419.3,3.1,31.0
1.17432,419.4,2.8,31.0
1.4256199999999999,419.3,3.4,31.0
1.5929599999999997,419.2,3.8,31.0
1.7606400000000002,419.2,4.2,31.0
1.5091199999999998,419.2,3.6,31.0
1.34144,419.2,3.2,31.0
1.5929599999999997,419.2,3.8,31.0
1.5929599999999997,419.2,3.8,31.0
1.4252799999999999,419.2,3.4,31.0
1.59334,419.3,3.8,31.0
1.5929599999999997,419.2,3.8,31.0
0.9641599999999999,419.2,2.3,31.0
1.2585,419.5,3.0,31.0
1.3001399999999999,419.4,3.1,31.0
1.3001399999999999,419.4,3.1,31.0
1.3417600000000003,419.3,3.2,31.0
1.21597,419.3,2.9,31.0
1.34208,419.4,3.2,31.0
1.38369,419.3,3.3,31.0
1.1323800000000002,419.4,2.7,31.0
1.17432,419.4,2.8,31.0
1.1321100000000002,419.3,2.7,31.0
1.34208,419.4,3.2,31.0
1.34208,419.4,3.2,31.0
1.2581999999999998,419.4,3.0,31.0
1.21626,419.4,2.9,31.0
1.3001399999999999,419.4,3.1,31.0
1.34208,419.4,3.2,31.0
0.0,419.9,0.0,31.0
0.0,420.4,0.0,31.0
0.0,420.3,0.0,31.0
0.21009999999999998,420.2,0.5,31.0
0.08404,420.2,0.2,31.0
0.16808,420.2,0.4,31.0
0.21009999999999998,420.2,0.5,31.0
0.12605999999999998,420.2,0.3,31.0
0.12605999999999998,420.2,0.3,31.0
0.12605999999999998,420.2,0.3,31.0
0.12605999999999998,420.2,0.3,31.0
1.4686000000000001,419.6,3.5,31.0
1.2581999999999998,419.4,3.0,31.0
1.1326500000000002,419.5,2.7,31.0
0.75546,419.7,1.8,31.0
0.46188999999999997,419.9,1.1,31.0
0.0,420.4,0.0,31.0
0.42019999999999996,420.2,1.0,31.0
0.672,420.0,1.6,31.0
0.92356,419.8,2.2,31.0
0.79762,419.8,1.9,31.0
0.37790999999999997,419.9,0.9,31.0
0.0,420.4,0.0,31.0
0.12611999999999998,420.4,0.3,31.0
0.16812,420.3,0.4,31.0
0.29420999999999997,420.3,0.7,31.0
0.88137,419.7,2.1,31.0
1.34208,419.4,3.2,31.0
1.09096,419.6,2.6,31.0
0.4198,419.8,1.0,31.0
0.33616,420.2,0.8,31.0
0.0,420.3,0.0,31.0
0.12611999999999998,420.4,0.3,31.0
0.25218,420.3,0.6,31.0
0.672,420.0,1.6,31.0
1.1337300000000001,419.9,2.7,31.0
1.5105600000000001,419.6,3.6,31.0
2.0121599999999997,419.2,4.8,31.0
1.80213,419.1,4.3,31.0
1.88595,419.1,4.5,31.0
2.68032,418.8,6.4,31.0
2.55285,418.5,6.1,31.0
2.26044,418.6,5.4,31.0
2.3447199999999997,418.7,5.6,31.0
2.1358800000000002,418.8,5.1,31.0
2.094,418.8,5.0,31.0
2.2615200000000004,418.8,5.4,31.0
2.2615200000000004,418.8,5.4,31.0
2.2191099999999997,418.7,5.3,31.0
2.0516300000000003,418.7,4.9,31.0
1.8012699999999997,418.9,4.3,31.0
1.8431600000000001,418.9,4.4,31.0
0.50328,419.4,1.2,31.0
0.126,420.0,0.3,31.0
0.21009999999999998,420.2,0.5,31.0
0.37809000000000004,420.1,0.9,31.0
0.378,420.0,0.9,31.0
0.29407,420.1,0.7,31.0
0.42010000000000003,420.1,1.0,31.0
0.546,420.0,1.3,31.0
1.63566,419.4,3.9,31.0
1.71831,419.1,4.1,31.0
1.55104,419.2,3.7,31.0
1.38369,419.3,3.3,31.0
1.5514100000000002,419.3,3.7,31.0
1.7187199999999998,419.2,4.1,31.0
2.2615200000000004,418.8,5.4,31.0
2.17776,418.8,5.2,31.0
2.1358800000000002,418.8,5.1,31.0
2.34528,418.8,5.6,31.0
2.84444,418.3,6.8,31.0
2.7607799999999996,418.3,6.6,31.0
2.7607799999999996,418.3,6.6,31.0
2.59408,418.4,6.2,31.0
2.7614399999999995,418.4,6.6,31.0
2.84512,418.4,6.8,31.0
2.8437599999999996,418.2,6.8,31.0
2.9280999999999997,418.3,7.0,31.0
2.8437599999999996,418.2,6.8,31.0
2.9274,418.2,7.0,31.0
2.9267000000000003,418.1,7.0,31.0
3.0946800000000003,418.2,7.4,31.0
3.0096,418.0,7.2,31.0
3.17756,418.1,7.6,31.0
3.1767999999999996,418.0,7.6,31.0
2.926,418.0,7.0,31.0
3.1767999999999996,418.0,7.6,31.0
1.5899199999999998,418.4,3.8,31.0
0.71247,419.1,1.7,31.0
0.378,420.0,0.9,31.0
0.5038799999999999,419.9,1.2,31.0
0.0,420.3,0.0,31.0
0.08404,420.2,0.2,31.0
0.08402000000000001,420.1,0.2,31.0
0.08404,420.2,0.2,31.0
0.12603,420.1,0.3,31.0
0.21009999999999998,420.2,0.5,31.0
0.12605999999999998,420.2,0.3,31.0
0.16808,420.2,0.4,31.0
0.21009999999999998,420.2,0.5,31.0
0.12605999999999998,420.2,0.3,31.0
0.16808,420.2,0.4,31.0
0.21009999999999998,420.2,0.5,31.0
0.04202,420.2,0.1,31.0
0.12605999999999998,420.2,0.3,31.0
0.12605999999999998,420.2,0.3,31.0
0.12605999999999998,420.2,0.3,31.0
0.12605999999999998,420.2,0.3,31.0
0.12605999999999998,420.2,0.3,31.0
0.21009999999999998,420.2,0.5,31.0
0.16808,420.2,0.4,31.0
0.12605999999999998,420.2,0.3,31.0
0.16808,420.2,0.4,31.0
0.12605999999999998,420.2,0.3,31.0
0.12605999999999998,420.2,0.3,31.0
0.08404,420.2,0.2,31.0
0.08404,420.2,0.2,31.0
0.25211999999999996,420.2,0.6,31.0
0.29407,420.1,0.7,31.0
0.33608000000000005,420.1,0.8,31.0
0.33608000000000005,420.1,0.8,31.0
0.25211999999999996,420.2,0.6,31.0
0.25211999999999996,420.2,0.6,31.0
0.21009999999999998,420.2,0.5,31.0
0.21009999999999998,420.2,0.5,31.0
0.21009999999999998,420.2,0.5,31.0
0.21009999999999998,420.2,0.5,31.0
0.25211999999999996,420.2,0.6,31.0
0.21009999999999998,420.2,0.5,31.0
0.25211999999999996,420.2,0.6,31.0
0.12605999999999998,420.2,0.3,31.0
0.21015,420.3,0.5,31.0
0.16812,420.3,0.4,31.0
0.12609,420.3,0.3,31.0
0.21015,420.3,0.5,31.0
0.21015,420.3,0.5,31.0
0.21015,420.3,0.5,31.0
0.08406,420.3,0.2,31.0
0.16812,420.3,0.4,31.0
0.12609,420.3,0.3,31.0
0.12609,420.3,0.3,31.0
0.21015,420.3,0.5,31.0
0.25218,420.3,0.6,31.0
0.29414,420.2,0.7,31.0
0.16812,420.3,0.4,31.0
0.21015,420.3,0.5,31.0
0.25218,420.3,0.6,31.0
0.29414,420.2,0.7,31.0
0.21015,420.3,0.5,31.0
0.21015,420.3,0.5,31.0
0.21015,420.3,0.5,31.0
0.16812,420.3,0.4,31.0
0.16812,420.3,0.4,31.0
0.16812,420.3,0.4,31.0
0.12611999999999998,420.4,0.3,31.0
0.16816,420.4,0.4,31.0
0.12611999999999998,420.4,0.3,31.0
0.0,420.5,0.0,31.0
0.0,420.5,0.0,31.0
0.0,420.5,0.0,31.0
0.0,420.5,0.0,31.0
0.0,420.5,0.0,31.0
0.0,420.5,0.0,31.0
0.0,420.5,0.0,31.0
0.0,420.5,0.0,31.0
0.0,420.5,0.0,31.0
0.0,420.5,0.0,31.0
0.0,420.5,0.0,31.0
0.0,420.5,0.0,31.0
0.0,420.5,0.0,31.0
0.0,420.5,0.0,31.0
0.0,420.5,0.0,31.0
0.0,420.5,0.0,31.0
0.0,420.5,0.0,31.0
0.0,420.5,0.0,31.0
0.0,420.5,0.0,31.0
0.0,420.5,0.0,31.0
0.0,420.5,0.0,31.0
0.0,420.5,0.0,31.0
0.0,420.5,0.0,31.0
0.0,420.5,0.0,31.0
0.0,420.5,0.0,31.0
0.0,420.5,0.0,31.0
0.0,420.5,0.0,31.0
0.0,420.5,0.0,31.0
0.0,420.5,0.0,31.0
0.0,420.5,0.0,31.0
0.0,420.5,0.0,31.0
0.0,420.5,0.0,31.0
0.0,420.5,0.0,31.0
0.0,420.5,0.0,31.0
0.0,420.5,0.0,31.0
0.0,420.5,0.0,31.0
0.0,420.6,0.0,31.0
0.0,420.6,0.0,31.0
0.0,420.6,0.0,31.0
0.0,420.6,0.0,31.0
0.0,420.6,0.0,31.0
0.0,420.6,0.0,31.0
0.0,420.6,0.0,31.0
0.0,420.6,0.0,31.0
0.0,420.6,0.0,31.0
0.0,420.6,0.0,31.0
0.0,420.6,0.0,31.0
0.0,420.6,0.0,31.0
0.0,420.6,0.0,31.0
0.0,420.6,0.0,31.0
0.0,420.6,0.0,31.0
0.0,420.6,0.0,31.0
0.0,420.6,0.0,31.0
0.0,420.6,0.0,31.0
0.0,420.6,0.0,31.0
0.0,420.6,0.0,31.0
0.0,420.6,0.0,31.0
0.0,420.6,0.0,31.0
0.0,420.6,0.0,31.0
0.0,420.6,0.0,31.0
0.0,420.6,0.0,31.0
0.0,420.6,0.0,31.0
0.0,420.6,0.0,31.0
0.0,420.6,0.0,31.0
0.0,420.6,0.0,31.0
0.0,420.6,0.0,31.0
0.0,420.6,0.0,31.0
0.0,420.6,0.0,31.0
0.0,420.6,0.0,31.0
0.0,420.6,0.0,31.0
0.0,420.6,0.0,31.0
0.0,420.6,0.0,31.0
0.0,420.6,0.0,31.0
0.0,420.6,0.0,31.0
0.0,420.6,0.0,31.0
0.0,420.6,0.0,31.0
0.0,420.6,0.0,31.0
0.0,420.6,0.0,31.0
0.0,420.6,0.0,31.0
0.0,420.6,0.0,31.0
0.0,420.6,0.0,31.0
0.0,420.6,0.0,31.0
0.0,420.6,0.0,31.0
0.0,420.6,0.0,31.0
0.0,420.6,0.0,31.0
0.0,420.6,0.0,31.0
0.0,420.6,0.0,31.0
0.0,420.6,0.0,31.0
0.0,420.6,0.0,31.0
0.0,420.6,0.0,31.0
0.0,420.6,0.0,31.0
0.0,420.6,0.0,31.0
0.0,420.6,0.0,31.0
0.0,420.6,0.0,31.0
0.0,420.6,0.0,31.0
0.0,420.6,0.0,31.0
0.0,420.6,0.0,31.0
0.0,420.6,0.0,31.0
0.0,420.6,0.0,31.0
0.0,420.6,0.0,31.0
0.0,420.6,0.0,31.0
0.0,420.6,0.0,31.0
0.0,420.6,0.0,31.0
0.0,420.6,0.0,31.0
0.0,420.7,0.0,31.0
0.0,420.7,0.0,31.0
0.0,420.7,0.0,31.0
0.0,420.7,0.0,31.0
0.0,420.7,0.0,31.0
0.0,420.7,0.0,31.0
0.0,420.7,0.0,31.0
0.0,420.7,0.0,31.0
0.0,420.7,0.0,31.0
0.0,420.7,0.0,31.0
0.0,420.7,0.0,31.0
0.0,420.7,0.0,31.0
0.0,420.7,0.0,31.0
0.0,420.7,0.0,31.0
0.0,420.7,0.0,31.0
0.0,420.7,0.0,31.0
0.0,420.7,0.0,31.0
0.0,420.7,0.0,31.0
0.0,420.7,0.0,31.0
0.0,420.7,0.0,31.0
0.0,420.7,0.0,31.0
0.0,420.7,0.0,31.0
0.0,420.7,0.0,31.0
0.0,420.7,0.0,31.0
0.0,420.7,0.0,31.0
0.0,420.7,0.0,31.0
0.0,420.7,0.0,31.0
0.0,420.7,0.0,31.0
0.0,420.7,0.0,31.0
0.0,420.7,0.0,31.0
0.0,420.7,0.0,31.0
0.0,420.7,0.0,31.0
0.0,420.7,0.0,31.0
0.0,420.7,0.0,31.0
0.0,420.7,0.0,31.0
0.0,420.7,0.0,31.0
0.0,420.7,0.0,31.0
0.0,420.7,0.0,31.0
0.0,420.7,0.0,31.0
0.0,420.7,0.0,31.0
0.0,420.7,0.0,31.0
0.0,420.7,0.0,31.0
0.0,420.7,0.0,31.0
0.0,420.7,0.0,31.0
0.0,420.7,0.0,31.0
0.0,420.7,0.0,31.0
0.0,420.7,0.0,31.0
0.0,420.7,0.0,31.0
0.0,420.7,0.0,31.0
0.0,420.7,0.0,31.0
0.0,420.7,0.0,31.0
0.0,420.7,0.0,31.0
0.0,420.7,0.0,31.0
0.0,420.7,0.0,31.0
0.0,420.7,0.0,31.0
0.0,420.7,0.0,31.0
0.0,420.7,0.0,31.0
0.0,420.7,0.0,31.0
0.0,420.7,0.0,31.0
0.0,420.7,0.0,31.0
0.0,420.7,0.0,31.0
0.0,420.7,0.0,31.0
0.0,420.7,0.0,31.0
0.0,420.7,0.0,31.0
0.0,420.7,0.0,31.0
0.0,420.7,0.0,31.0
0.0,420.7,0.0,31.0
0.0,420.7,0.0,31.0
0.0,420.7,0.0,31.0
0.0,420.7,0.0,31.0
0.0,420.7,0.0,31.0
0.0,420.7,0.0,31.0
0.0,420.7,0.0,31.0
0.0,420.7,0.0,31.0
0.0,420.7,0.0,31.0
0.0,420.7,0.0,31.0
0.0,420.7,0.0,31.0
0.0,420.7,0.0,31.0
0.0,420.7,0.0,31.0
0.0,420.7,0.0,31.0
0.0,420.7,0.0,31.0
0.0,420.7,0.0,31.0
0.0,420.7,0.0,31.0
0.0,420.7,0.0,31.0
0.0,420.7,0.0,31.0
0.0,420.7,0.0,31.0
0.0,420.7,0.0,31.0
0.0,420.7,0.0,31.0
0.0,420.7,0.0,31.0
0.0,420.7,0.0,31.0
0.0,420.7,0.0,31.0
0.0,420.7,0.0,31.0
0.0,420.6,0.0,31.0
0.0,420.6,0.0,31.0
0.0,420.6,0.0,31.0
0.0,420.7,0.0,31.0
0.0,420.7,0.0,31.0
0.0,420.7,0.0,31.0
0.0,420.7,0.0,31.0
0.0,420.7,0.0,31.0
0.0,420.7,0.0,31.0
0.0,420.7,0.0,31.0
0.0,420.7,0.0,31.0
0.0,420.7,0.0,31.0
0.08412,420.6,0.2,31.0
0.08412,420.6,0.2,31.0
0.08412,420.6,0.2,31.0
0.08412,420.6,0.2,31.0
0.08412,420.6,0.2,31.0
0.12618000000000001,420.6,0.3,31.0
0.08412,420.6,0.2,31.0
0.08412,420.6,0.2,31.0
0.08412,420.6,0.2,31.0
0.12618000000000001,420.6,0.3,31.0
0.12618000000000001,420.6,0.3,31.0
0.12618000000000001,420.6,0.3,31.0
0.12618000000000001,420.6,0.3,31.0
0.08412,420.6,0.2,31.0
0.08412,420.6,0.2,31.0
0.12618000000000001,420.6,0.3,31.0
0.12618000000000001,420.6,0.3,31.0
0.12618000000000001,420.6,0.3,31.0
0.12618000000000001,420.6,0.3,31.0
0.12618000000000001,420.6,0.3,31.0
0.08412,420.6,0.2,31.0
0.08412,420.6,0.2,31.0
0.12618000000000001,420.6,0.3,31.0
0.12618000000000001,420.6,0.3,31.0
0.12618000000000001,420.6,0.3,31.0
0.08412,420.6,0.2,31.0
0.08412,420.6,0.2,31.0
0.12618000000000001,420.6,0.3,31.0
0.08412,420.6,0.2,31.0
0.08412,420.6,0.2,31.0
0.08412,420.6,0.2,31.0
0.08412,420.6,0.2,31.0
0.08412,420.6,0.2,31.0
0.08412,420.6,0.2,31.0
0.08414,420.7,0.2,31.0
0.12618000000000001,420.6,0.3,31.0
0.08414,420.7,0.2,31.0
0.08414,420.7,0.2,31.0
0.08414,420.7,0.2,31.0
0.08414,420.7,0.2,31.0
0.08414,420.7,0.2,31.0
0.08414,420.7,0.2,31.0
0.21030000000000001,420.6,0.5,31.0
0.4205,420.5,1.0,31.0
0.46244,420.4,1.1,31.0
0.5044799999999999,420.4,1.2,31.0
0.75636,420.2,1.8,31.0
0.8402000000000001,420.1,2.0,31.0
1.46895,419.7,3.5,31.0
1.80385,419.5,4.3,31.0
2.05506,419.4,4.9,31.0
2.2636800000000004,419.2,5.4,31.0
2.17932,419.1,5.2,31.0
2.4301999999999997,419.0,5.8,31.0
2.97277,418.7,7.1,31.0
4.26666,418.3,10.2,31.0
2.1338399999999997,418.4,5.1,31.0
2.47092,418.8,5.9,31.0
2.05408,419.2,4.9,31.0
2.6816000000000004,419.0,6.4,31.0
2.8883400000000004,418.6,6.9,31.0
3.13875,418.5,7.5,31.0
2.8883400000000004,418.6,6.9,31.0
1.8427200000000004,418.8,4.4,31.0
1.63566,419.4,3.9,31.0
1.5098399999999998,419.4,3.6,31.0
1.76148,419.4,4.2,31.0
1.8868500000000001,419.3,4.5,31.0
1.80256,419.2,4.3,31.0
1.9283199999999998,419.2,4.6,31.0
1.8868500000000001,419.3,4.5,31.0
1.7191299999999998,419.3,4.1,31.0
1.3424,419.5,3.2,31.0
1.30107,419.7,3.1,31.0
1.3007600000000001,419.6,3.1,31.0
1.2171299999999998,419.7,2.9,31.0
1.1331900000000001,419.7,2.7,31.0
1.3427200000000004,419.6,3.2,31.0
1.3007600000000001,419.6,3.1,31.0
1.2588000000000001,419.6,3.0,31.0
1.3007600000000001,419.6,3.1,31.0
1.1331900000000001,419.7,2.7,31.0
1.09122,419.7,2.6,31.0
1.09122,419.7,2.6,31.0
1.1751599999999998,419.7,2.8,31.0
1.21684,419.6,2.9,31.0
1.8042799999999999,419.6,4.3,31.0
2.096,419.2,5.0,31.0
1.8444800000000001,419.2,4.4,31.0
1.6767999999999998,419.2,4.0,31.0
1.80256,419.2,4.3,31.0
1.8449200000000003,419.3,4.4,31.0
1.7187199999999998,419.2,4.1,31.0
2.3458399999999995,418.9,5.6,31.0
2.5122,418.7,6.0,31.0
2.42846,418.7,5.8,31.0
2.42846,418.7,5.8,31.0
2.59594,418.7,6.2,31.0
2.7209,418.6,6.5,31.0
3.38823,418.3,8.1,31.0
3.5947999999999998,418.0,8.6,31.0
3.51036,417.9,8.4,31.0
2.926,418.0,7.0,31.0
2.46915,418.5,5.9,31.0
2.5122,418.7,6.0,31.0
2.38545,418.5,5.7,31.0
2.2615200000000004,418.8,5.4,31.0
2.42846,418.7,5.8,31.0
2.55346,418.6,6.1,31.0
2.59532,418.6,6.2,31.0
2.5947000000000005,418.5,6.2,31.0
2.67776,418.4,6.4,31.0
2.7614399999999995,418.4,6.6,31.0
2.72025,418.5,6.5,31.0
2.7614399999999995,418.4,6.6,31.0
2.84512,418.4,6.8,31.0
2.8032799999999995,418.4,6.7,31.0
3.01104,418.2,7.2,31.0
3.17756,418.1,7.6,31.0
3.3029900000000003,418.1,7.9,31.0
3.17756,418.1,7.6,31.0
3.1767999999999996,418.0,7.6,31.0
2.9267000000000003,418.1,7.0,31.0
2.46915,418.5,5.9,31.0
2.13537,418.7,5.1,31.0
2.13537,418.7,5.1,31.0
1.80213,419.1,4.3,31.0
2.01024,418.8,4.8,31.0
2.55346,418.6,6.1,31.0
3.09616,418.4,7.4,31.0
3.6766400000000004,417.8,8.8,31.0
3.4251399999999994,417.7,8.2,31.0
3.17528,417.8,7.6,31.0
3.2178299999999997,417.9,7.7,31.0
3.3006200000000003,417.8,7.9,31.0
3.3006200000000003,417.8,7.9,31.0
3.59308,417.8,8.6,31.0
3.4660800000000003,417.6,8.3,31.0
3.13275,417.7,7.5,31.0
3.59308,417.8,8.6,31.0
3.46774,417.8,8.3,31.0
3.00888,417.9,7.2,31.0
3.3841799999999997,417.8,8.1,31.0
3.3022000000000005,418.0,7.9,31.0
3.4267799999999995,417.9,8.2,31.0
4.5947,417.7,11.0,31.0
4.91706,416.7,11.8,31.0
4.6287,417.0,11.1,31.0
2.5061999999999998,417.7,6.0,31.0
1.42324,418.6,3.4,31.0
1.048,419.2,2.5,31.0
1.6340999999999999,419.0,3.9,31.0
1.7174899999999997,418.9,4.1,31.0
0.54535,419.5,1.3,31.0
0.252,420.0,0.6,31.0
0.33592,419.9,0.8,31.0
0.0,420.1,0.0,31.0
1.5937199999999998,419.4,3.8,31.0
2.42788,418.6,5.8,31.0
1.8427200000000004,418.8,4.4,31.0
1.2573,419.1,3.0,31.0
1.63449,419.1,3.9,31.0
1.34112,419.1,3.2,31.0
1.1315700000000002,419.1,2.7,31.0
0.9648499999999999,419.5,2.3,31.0
1.00656,419.4,2.4,31.0
1.21626,419.4,2.9,31.0
2.01168,419.1,4.8,31.0
2.9274,418.2,7.0,31.0
3.0932000000000004,418.0,7.4,31.0
1.96554,418.2,4.7,31.0
1.3826999999999998,419.0,3.3,31.0
1.38303,419.1,3.3,31.0
1.38336,419.2,3.3,31.0
0.88074,419.4,2.1,31.0
0.839,419.5,2.0,31.0
0.54535,419.5,1.3,31.0
0.6297,419.8,1.5,31.0
0.5875799999999999,419.7,1.4,31.0
0.9653099999999999,419.7,2.3,31.0
1.38369,419.3,3.3,31.0
1.3408000000000002,419.0,3.2,31.0
1.4256199999999999,419.3,3.4,31.0
1.0901800000000001,419.3,2.6,31.0
1.17404,419.3,2.8,31.0
1.4672,419.2,3.5,31.0
1.71831,419.1,4.1,31.0
2.46797,418.3,5.9,31.0
2.4261399999999997,418.3,5.8,31.0
2.3436,418.5,5.6,31.0
2.00928,418.6,4.8,31.0
2.34416,418.6,5.6,31.0
2.55224,418.4,6.1,31.0
2.3436,418.5,5.6,31.0
2.3436,418.5,5.6,31.0
2.30175,418.5,5.5,31.0
2.3436,418.5,5.6,31.0
2.3436,418.5,5.6,31.0
2.3436,418.5,5.6,31.0
2.2599,418.5,5.4,31.0
1.8418400000000001,418.6,4.4,31.0
0.96439,419.3,2.3,31.0
1.1323800000000002,419.4,2.7,31.0
1.0068,419.5,2.4,31.0
0.7551,419.5,1.8,31.0
0.88095,419.5,2.1,31.0
0.839,419.5,2.0,31.0
0.58744,419.6,1.4,31.0
0.4198,419.8,1.0,31.0
0.29386,419.8,0.7,31.0
0.12603,420.1,0.3,31.0
0.126,420.0,0.3,31.0
0.6298499999999999,419.9,1.5,31.0
0.6712,419.5,1.6,31.0
0.0,420.1,0.0,31.0
0.042010000000000006,420.1,0.1,31.0
0.12603,420.1,0.3,31.0
0.21005000000000001,420.1,0.5,31.0
0.16804000000000002,420.1,0.4,31.0
0.16804000000000002,420.1,0.4,31.0
0.16804000000000002,420.1,0.4,31.0
0.16804000000000002,420.1,0.4,31.0
0.25206,420.1,0.6,31.0
0.16804000000000002,420.1,0.4,31.0
0.46188999999999997,419.9,1.1,31.0
0.5878599999999999,419.9,1.4,31.0
0.8393999999999999,419.7,2.0,31.0
0.9648499999999999,419.5,2.3,31.0
1.50948,419.3,3.6,31.0
1.55067,419.1,3.7,31.0
1.8855,419.0,4.5,31.0
1.6756,418.9,4.0,31.0
1.55067,419.1,3.7,31.0
1.42494,419.1,3.4,31.0
1.34112,419.1,3.2,31.0
1.5925799999999999,419.1,3.8,31.0
1.55067,419.1,3.7,31.0
1.55067,419.1,3.7,31.0
1.63449,419.1,3.9,31.0
1.4668500000000002,419.1,3.5,31.0
1.1318400000000002,419.2,2.7,31.0
0.29386,419.8,0.7,31.0
0.0,420.0,0.0,31.0
0.04202,420.2,0.1,31.0
0.12603,420.1,0.3,31.0
0.21005000000000001,420.1,0.5,31.0
0.12603,420.1,0.3,31.0
0.7978099999999999,419.9,1.9,31.0
1.21655,419.5,2.9,31.0
1.9688299999999999,418.9,4.7,31.0
2.511,418.5,6.0,31.0
2.46915,418.5,5.9,31.0
2.42788,418.6,5.8,31.0
2.63529,418.3,6.3,31.0
2.9274,418.2,7.0,31.0
3.01032,418.1,7.2,31.0
3.46857,417.9,8.3,31.0
3.7166400000000004,417.6,8.9,31.0
3.5913600000000003,417.6,8.6,31.0
3.63312,417.6,8.7,31.0
3.42432,417.6,8.2,31.0
4.09052,417.4,9.8,31.0
4.54203,416.7,10.9,31.0
4.7932,416.8,11.5,31.0
4.87656,416.8,11.7,31.0
4.918240000000001,416.8,11.8,31.0
4.25238,416.9,10.2,31.0
3.71397,417.3,8.9,31.0
1.96507,418.1,4.7,31.0
1.4654500000000001,418.7,3.5,31.0
0.9641599999999999,419.2,2.3,31.0
0.4612300000000001,419.3,1.1,31.0
0.4198,419.8,1.0,31.0
0.12594,419.8,0.3,31.0
0.20995,419.9,0.5,31.0
0.04199,419.9,0.1,31.0
0.126,420.0,0.3,31.0
0.168,420.0,0.4,31.0
0.252,420.0,0.6,31.0
0.126,420.0,0.3,31.0
0.252,420.0,0.6,31.0
0.126,420.0,0.3,31.0
0.084,420.0,0.2,31.0
0.168,420.0,0.4,31.0
0.084,420.0,0.2,31.0
0.084,420.0,0.2,31.0
0.21,420.0,0.5,31.0
0.21,420.0,0.5,31.0
0.084,420.0,0.2,31.0
0.042,420.0,0.1,31.0
0.21005000000000001,420.1,0.5,31.0
0.12603,420.1,0.3,31.0
0.126,420.0,0.3,31.0
0.21005000000000001,420.1,0.5,31.0
0.12603,420.1,0.3,31.0
0.21005000000000001,420.1,0.5,31.0
1.4686000000000001,419.6,3.5,31.0
1.8431600000000001,418.9,4.4,31.0
1.71667,418.7,4.1,31.0
1.5503000000000002,419.0,3.7,31.0
1.5925799999999999,419.1,3.8,31.0
1.55067,419.1,3.7,31.0
1.676,419.0,4.0,31.0
1.7178999999999998,419.0,4.1,31.0
2.26044,418.6,5.4,31.0
2.3023000000000002,418.6,5.5,31.0
2.1762,418.5,5.2,31.0
3.01248,418.4,7.2,31.0
3.4259599999999995,417.8,8.2,31.0
3.2178299999999997,417.9,7.7,31.0
2.7588,418.0,6.6,31.0
2.84308,418.1,6.8,31.0
2.59346,418.3,6.2,31.0
2.5516300000000003,418.3,6.1,31.0
2.63529,418.3,6.3,31.0
2.63403,418.1,6.3,31.0
2.7182999999999997,418.2,6.5,31.0
2.8012700000000006,418.1,6.7,31.0
2.67584,418.1,6.4,31.0
2.1338399999999997,418.4,5.1,31.0
1.3817099999999998,418.7,3.3,31.0
0.88095,419.5,2.1,31.0
1.0068,419.5,2.4,31.0
1.2998300000000003,419.3,3.1,31.0
1.1318400000000002,419.2,2.7,31.0
1.2156799999999999,419.2,2.9,31.0
1.048,419.2,2.5,31.0
0.4198,419.8,1.0,31.0
0.37782,419.8,0.9,31.0
0.0,420.1,0.0,31.0
0.042010000000000006,420.1,0.1,31.0
0.294,420.0,0.7,31.0
0.46167,419.7,1.1,31.0
0.4198,419.8,1.0,31.0
0.37782,419.8,0.9,31.0
0.33592,419.9,0.8,31.0
0.126,420.0,0.3,31.0
0.21,420.0,0.5,31.0
0.4199,419.9,1.0,31.0
0.4198,419.8,1.0,31.0
2.0126399999999998,419.3,4.8,31.0
2.01024,418.8,4.8,31.0
1.75938,418.9,4.2,31.0
1.1318400000000002,419.2,2.7,31.0
1.29952,419.2,3.1,31.0
2.22123,419.1,5.3,31.0
2.8005999999999998,418.0,6.7,31.0
2.926,418.0,7.0,31.0
2.67584,418.1,6.4,31.0
2.71765,418.1,6.5,31.0
2.8012700000000006,418.1,6.7,31.0
2.84308,418.1,6.8,31.0
2.8012700000000006,418.1,6.7,31.0
2.7182999999999997,418.2,6.5,31.0
3.2604,418.0,7.8,31.0
5.497799999999999,416.5,13.2,31.0
4.91234,416.3,11.8,31.0
2.25558,417.7,5.4,31.0
2.46915,418.5,5.9,31.0
2.8424,418.0,6.8,31.0
3.84192,417.6,9.2,31.0
4.0468399999999995,417.2,9.7,31.0
4.1283,417.0,9.9,31.0
4.1283,417.0,9.9,31.0
4.2534,417.0,10.2,31.0
3.7557000000000005,417.3,9.0,31.0
3.3801300000000003,417.3,8.1,31.0
2.5092,418.2,6.0,31.0
1.7986900000000001,418.3,4.3,31.0
1.96695,418.5,4.7,31.0
2.05065,418.5,4.9,31.0
2.30065,418.3,5.5,31.0
0.71128,418.4,1.7,31.0
0.5872999999999999,419.5,1.4,31.0
0.46145,419.5,1.1,31.0
0.71315,419.5,1.7,31.0
1.17404,419.3,2.8,31.0
2.13486,418.6,5.1,31.0
1.88325,418.5,4.5,31.0
2.1762,418.5,5.2,31.0
2.05114,418.6,4.9,31.0
2.05065,418.5,4.9,31.0
1.88325,418.5,4.5,31.0
1.96695,418.5,4.7,31.0
1.88325,418.5,4.5,31.0
2.2185799999999998,418.6,5.3,31.0
2.05016,418.4,4.9,31.0
2.17568,418.4,5.2,31.0
2.5098000000000003,418.3,6.0,31.0
2.5516300000000003,418.3,6.1,31.0
2.5516300000000003,418.3,6.1,31.0
2.21646,418.2,5.3,31.0
2.55041,418.1,6.1,31.0
2.8842000000000003,418.0,6.9,31.0
2.9252999999999996,417.9,7.0,31.0
3.17528,417.8,7.6,31.0
4.172,417.2,10.0,31.0
3.5879199999999996,417.2,8.6,31.0
3.8400799999999995,417.4,9.2,31.0
3.3809399999999994,417.4,8.1,31.0
3.29746,417.4,7.9,31.0
3.21398,417.4,7.7,31.0
3.17376,417.6,7.6,31.0
2.9217999999999997,417.4,7.0,31.0
2.5916,418.0,6.2,31.0
1.0048799999999998,418.7,2.4,31.0
1.2989000000000002,419.0,3.1,31.0
1.5495600000000003,418.8,3.7,31.0
1.4235799999999998,418.7,3.4,31.0
1.3817099999999998,418.7,3.3,31.0
1.34016,418.8,3.2,31.0
1.0894000000000001,419.0,2.6,31.0
1.2989000000000002,419.0,3.1,31.0
1.1731999999999998,419.0,2.8,31.0
1.3823699999999999,418.9,3.3,31.0
1.4658,418.8,3.5,31.0
1.59144,418.8,3.8,31.0
1.59106,418.7,3.8,31.0
1.59106,418.7,3.8,31.0
1.75854,418.7,4.2,31.0
1.59106,418.7,3.8,31.0
1.75854,418.7,4.2,31.0
1.59106,418.7,3.8,31.0
1.59068,418.6,3.8,31.0
1.71626,418.6,4.1,31.0
1.71626,418.6,4.1,31.0
1.71667,418.7,4.1,31.0
1.08992,419.2,2.6,31.0
1.3408000000000002,419.0,3.2,31.0
1.5495600000000003,418.8,3.7,31.0
1.4654500000000001,418.7,3.5,31.0
1.5495600000000003,418.8,3.7,31.0
1.3823699999999999,418.9,3.3,31.0
1.42392,418.8,3.4,31.0
1.6752,418.8,4.0,31.0
2.05065,418.5,4.9,31.0
5.12418,416.6,12.3,31.0
4.24932,416.6,10.2,31.0
1.92142,417.7,4.6,31.0
1.59144,418.8,3.8,31.0
2.092,418.4,5.0,31.0
2.1746399999999997,418.2,5.2,31.0
2.46738,418.2,5.9,31.0
2.5073999999999996,417.9,6.0,31.0
2.67456,417.9,6.4,31.0
1.21365,418.5,2.9,31.0
0.50328,419.4,1.2,31.0
0.79667,419.3,1.9,31.0
0.96393,419.1,2.3,31.0
1.1731999999999998,419.0,2.8,31.0
2.05016,418.4,4.9,31.0
1.50696,418.6,3.6,31.0
0.5026799999999999,418.9,1.2,31.0
0.25176,419.6,0.6,31.0
0.08396,419.8,0.2,31.0
0.25182,419.7,0.6,31.0
0.25182,419.7,0.6,31.0
0.29378999999999994,419.7,0.7,31.0
0.16788,419.7,0.4,31.0
0.20984999999999998,419.7,0.5,31.0
0.16792,419.8,0.4,31.0
0.16792,419.8,0.4,31.0
0.2099,419.8,0.5,31.0
0.16792,419.8,0.4,31.0
0.46167,419.7,1.1,31.0
0.6713600000000002,419.6,1.6,31.0
0.8386,419.3,2.0,31.0
0.67104,419.4,1.6,31.0
0.0,419.7,0.0,31.0
0.04199,419.9,0.1,31.0
0.04199,419.9,0.1,31.0
0.16792,419.8,0.4,31.0
0.20995,419.9,0.5,31.0
0.67168,419.8,1.6,31.0
0.8386,419.3,2.0,31.0
1.2156799999999999,419.2,2.9,31.0
1.2573,419.1,3.0,31.0
0.8803200000000001,419.2,2.1,31.0
0.6708800000000001,419.3,1.6,31.0
0.29386,419.8,0.7,31.0
0.54574,419.8,1.3,31.0
1.38336,419.2,3.3,31.0
2.7614399999999995,418.4,6.6,31.0
2.4667900000000005,418.1,5.9,31.0
2.55041,418.1,6.1,31.0
2.42498,418.1,5.8,31.0
2.4667900000000005,418.1,5.9,31.0
2.46738,418.2,5.9,31.0
2.0915,418.3,5.0,31.0
2.2169899999999996,418.3,5.3,31.0
2.25936,418.4,5.4,31.0
1.6321499999999998,418.5,3.9,31.0
1.29859,418.9,3.1,31.0
0.9220200000000001,419.1,2.2,31.0
0.7551,419.5,1.8,31.0
0.88074,419.4,2.1,31.0
0.7968599999999999,419.4,1.9,31.0
0.6708800000000001,419.3,1.6,31.0
0.50352,419.6,1.2,31.0
0.54548,419.6,1.3,31.0
0.58744,419.6,1.4,31.0
0.54535,419.5,1.3,31.0
0.5872999999999999,419.5,1.4,31.0
0.54535,419.5,1.3,31.0
0.54548,419.6,1.3,31.0
0.7972400000000001,419.6,1.9,31.0
1.5087600000000003,419.1,3.6,31.0
2.63403,418.1,6.3,31.0
3.135,418.0,7.5,31.0
2.96638,417.8,7.1,31.0
2.71635,417.9,6.5,31.0
2.71635,417.9,6.5,31.0
3.0506699999999998,417.9,7.3,31.0
2.7157000000000004,417.8,6.5,31.0
4.29716,417.2,10.3,31.0
4.957540000000001,416.6,11.9,31.0
4.4576199999999995,416.6,10.7,31.0
4.167,416.7,10.0,31.0
4.41808,416.8,10.6,31.0
4.66704,416.7,11.2,31.0
4.6242600000000005,416.6,11.1,31.0
4.74924,416.6,11.4,31.0
3.0419099999999997,416.7,7.3,31.0
1.00368,418.2,2.4,31.0
0.0,419.5,0.0,31.0
0.2099,419.8,0.5,31.0
0.0,419.6,0.0,31.0
0.12594,419.8,0.3,31.0
0.12591,419.7,0.3,31.0
0.16788,419.7,0.4,31.0
0.16788,419.7,0.4,31.0
0.12594,419.8,0.3,31.0
0.12594,419.8,0.3,31.0
0.12594,419.8,0.3,31.0
0.16792,419.8,0.4,31.0
0.08396,419.8,0.2,31.0
0.12594,419.8,0.3,31.0
0.12594,419.8,0.3,31.0
0.2099,419.8,0.5,31.0
0.16792,419.8,0.4,31.0
0.2099,419.8,0.5,31.0
0.16792,419.8,0.4,31.0
0.12594,419.8,0.3,31.0
0.16792,419.8,0.4,31.0
0.12594,419.8,0.3,31.0
1.09122,419.7,2.6,31.0
0.9224600000000002,419.3,2.2,31.0
0.88053,419.3,2.1,31.0
0.71298,419.4,1.7,31.0
0.88053,419.3,2.1,31.0
1.1318400000000002,419.2,2.7,31.0
1.7178999999999998,419.0,4.1,31.0
2.1772400000000003,418.7,5.2,31.0
3.25806,417.7,7.8,31.0
3.00816,417.8,7.2,31.0
3.21629,417.7,7.7,31.0
3.2155200000000006,417.6,7.7,31.0
3.8400799999999995,417.4,9.2,31.0
3.6296399999999993,417.2,8.7,31.0
4.00512,417.2,9.6,31.0
3.7548,417.2,9.0,31.0
3.87996,417.2,9.3,31.0
3.6704800000000004,417.1,8.8,31.0
3.7548,417.2,9.0,31.0
3.5036400000000003,417.1,8.4,31.0
3.9624500000000005,417.1,9.5,31.0
3.7946999999999997,417.0,9.1,31.0
3.5445,417.0,8.5,31.0
2.96283,417.3,7.1,31.0
3.21475,417.5,7.7,31.0
2.1307799999999997,417.8,5.1,31.0
1.8396400000000004,418.1,4.4,31.0
1.0883600000000002,418.6,2.6,31.0
0.2097,419.4,0.5,31.0
0.0,419.9,0.0,31.0
0.50376,419.8,1.2,31.0
0.67072,419.2,1.6,31.0
0.08394,419.7,0.2,31.0
0.04198,419.8,0.1,31.0
0.12591,419.7,0.3,31.0
0.16788,419.7,0.4,31.0
0.37773,419.7,0.9,31.0
0.7549199999999999,419.4,1.8,31.0
1.17376,419.2,2.8,31.0
1.34112,419.1,3.2,31.0
1.2989000000000002,419.0,3.1,31.0
1.1731999999999998,419.0,2.8,31.0
1.04775,419.1,2.5,31.0
1.1731999999999998,419.0,2.8,31.0
1.2150999999999998,419.0,2.9,31.0
1.1731999999999998,419.0,2.8,31.0
1.6337099999999998,418.9,3.9,31.0
1.71626,418.6,4.1,31.0
2.46738,418.2,5.9,31.0
3.17528,417.8,7.6,31.0
3.38175,417.5,8.1,31.0
4.3388800000000005,417.2,10.4,31.0
5.0813,416.5,12.2,31.0
4.5804,416.4,11.0,31.0
4.498200000000001,416.5,10.8,31.0
3.95865,416.7,9.5,31.0
3.753,417.0,9.0,31.0
2.5043999999999995,417.4,6.0,31.0
2.3413600000000003,418.1,5.6,31.0
1.6313700000000002,418.3,3.9,31.0
1.2558000000000002,418.6,3.0,31.0
1.08966,419.1,2.6,31.0
1.0894000000000001,419.0,2.6,31.0
1.2567,418.9,3.0,31.0
1.3817099999999998,418.7,3.3,31.0
1.5076800000000001,418.8,3.6,31.0
1.7581200000000001,418.6,4.2,31.0
2.38431,418.3,5.7,31.0
2.04869,418.1,4.9,31.0
2.9252999999999996,417.9,7.0,31.0
3.63312,417.6,8.7,31.0
3.9624500000000005,417.1,9.5,31.0
3.8781000000000003,417.0,9.3,31.0
3.129,417.2,7.5,31.0
3.58878,417.3,8.6,31.0
3.50532,417.3,8.4,31.0
3.2557199999999997,417.4,7.8,31.0
3.4635900000000004,417.3,8.3,31.0
3.17148,417.3,7.6,31.0
3.6722400000000004,417.3,8.8,31.0
3.6722400000000004,417.3,8.8,31.0
3.62877,417.1,8.7,31.0
3.3785100000000003,417.1,8.1,31.0
3.91886,416.9,9.4,31.0
3.8336399999999995,416.7,9.2,31.0
4.000319999999999,416.7,9.6,31.0
4.166,416.6,10.0,31.0
3.9993600000000002,416.6,9.6,31.0
4.167,416.7,10.0,31.0
3.9596,416.8,9.5,31.0
4.24932,416.6,10.2,31.0
4.000319999999999,416.7,9.6,31.0
3.7095200000000004,416.8,8.9,31.0
4.2096800000000005,416.8,10.1,31.0
3.95865,416.7,9.5,31.0
3.7512000000000003,416.8,9.0,31.0
3.41776,416.8,8.2,31.0
1.00272,417.8,2.4,31.0
0.71196,418.8,1.7,31.0
0.8801100000000002,419.1,2.1,31.0
2.21805,418.5,5.3,31.0
2.8814400000000004,417.6,6.9,31.0
2.54675,417.5,6.1,31.0
2.25612,417.8,5.4,31.0
2.1736,418.0,5.2,31.0
2.3407999999999998,418.0,5.6,31.0
2.04869,418.1,4.9,31.0
2.09,418.0,5.0,31.0
2.0491800000000002,418.2,4.9,31.0
1.88145,418.1,4.5,31.0
2.09,418.0,5.0,31.0
1.9237199999999999,418.2,4.6,31.0
1.4228999999999998,418.5,3.4,31.0
1.674,418.5,4.0,31.0
1.42324,418.6,3.4,31.0
1.047,418.8,2.5,31.0
1.17264,418.8,2.8,31.0
1.4654500000000001,418.7,3.5,31.0
1.8828,418.4,4.5,31.0
2.00784,418.3,4.8,31.0
1.6317599999999997,418.4,3.9,31.0
2.21646,418.2,5.3,31.0
1.6728,418.2,4.0,31.0
0.5865999999999999,419.0,1.4,31.0
0.67056,419.1,1.6,31.0
0.8382000000000001,419.1,2.0,31.0
3.13875,418.5,7.5,31.0
3.95865,416.7,9.5,31.0
3.8345599999999997,416.8,9.2,31.0
1.7535,417.5,4.2,31.0
1.54808,418.4,3.7,31.0
1.8405200000000002,418.3,4.4,31.0
2.0063999999999997,418.0,4.8,31.0
2.2566599999999997,417.9,5.4,31.0
2.09,418.0,5.0,31.0
1.6724,418.1,4.0,31.0
1.71503,418.3,4.1,31.0
1.7978299999999998,418.1,4.3,31.0
1.2973500000000002,418.5,3.1,31.0
0.75402,418.9,1.8,31.0
0.62865,419.1,1.5,31.0
0.37737,419.3,0.9,31.0
0.5450900000000001,419.3,1.3,31.0
0.54496,419.2,1.3,31.0
0.7960999999999999,419.0,1.9,31.0
0.6704000000000001,419.0,1.6,31.0
0.20975,419.5,0.5,31.0
0.0,419.5,0.0,31.0
0.08392000000000002,419.6,0.2,31.0
0.20980000000000001,419.6,0.5,31.0
0.1678,419.5,0.4,31.0
0.04195,419.5,0.1,31.0
0.12588,419.6,0.3,31.0
0.04196000000000001,419.6,0.1,31.0
0.20980000000000001,419.6,0.5,31.0
0.16784000000000004,419.6,0.4,31.0
0.20980000000000001,419.6,0.5,31.0
0.12588,419.6,0.3,31.0
0.12588,419.6,0.3,31.0
0.04196000000000001,419.6,0.1,31.0
0.12588,419.6,0.3,31.0
0.12588,419.6,0.3,31.0
0.08394,419.7,0.2,31.0
0.08392000000000002,419.6,0.2,31.0
0.16784000000000004,419.6,0.4,31.0
0.16784000000000004,419.6,0.4,31.0
0.16784000000000004,419.6,0.4,31.0
0.20980000000000001,419.6,0.5,31.0
0.20984999999999998,419.7,0.5,31.0
0.20984999999999998,419.7,0.5,31.0
0.54561,419.7,1.3,31.0
1.5076800000000001,418.8,3.6,31.0
1.5495600000000003,418.8,3.7,31.0
1.5903,418.5,3.8,31.0
2.00832,418.4,4.8,31.0
2.7182999999999997,418.2,6.5,31.0
2.33968,417.8,5.6,31.0
0.79477,418.3,1.9,31.0
0.9641599999999999,419.2,2.3,31.0
0.41910000000000003,419.1,1.0,31.0
0.67104,419.4,1.6,31.0
0.9220200000000001,419.1,2.2,31.0
1.0894000000000001,419.0,2.6,31.0
0.9636999999999999,419.0,2.3,31.0
0.46101000000000003,419.1,1.1,31.0
0.12594,419.8,0.3,31.0
0.04197,419.7,0.1,31.0
0.08394,419.7,0.2,31.0
0.08394,419.7,0.2,31.0
0.25176,419.6,0.6,31.0
0.29372,419.6,0.7,31.0
0.41960000000000003,419.6,1.0,31.0
0.50328,419.4,1.2,31.0
1.34112,419.1,3.2,31.0
1.59144,418.8,3.8,31.0
1.96695,418.5,4.7,31.0
1.88325,418.5,4.5,31.0
1.4651,418.6,3.5,31.0
1.3404800000000001,418.9,3.2,31.0
1.3817099999999998,418.7,3.3,31.0
2.7992600000000003,417.8,6.7,31.0
3.38175,417.5,8.1,31.0
3.5896399999999997,417.4,8.6,31.0
4.33784,417.1,10.4,31.0
4.456549999999999,416.5,10.7,31.0
4.20766,416.6,10.1,31.0
3.7928800000000003,416.8,9.1,31.0
3.5453500000000004,417.1,8.5,31.0
3.29746,417.4,7.9,31.0
3.21321,417.3,7.7,31.0
3.50448,417.2,8.4,31.0
3.3785100000000003,417.1,8.1,31.0
3.4627600000000003,417.2,8.3,31.0
2.96212,417.2,7.1,31.0
1.75686,418.3,4.2,31.0
1.6321499999999998,418.5,3.9,31.0
2.25828,418.2,5.4,31.0
2.299,418.0,5.5,31.0
1.3800599999999998,418.2,3.3,31.0
0.8378,418.9,2.0,31.0
0.33528,419.1,0.8,31.0
0.0,419.8,0.0,31.0
0.08394,419.7,0.2,31.0
0.12588,419.6,0.3,31.0
0.1678,419.5,0.4,31.0
0.08392000000000002,419.6,0.2,31.0
0.16784000000000004,419.6,0.4,31.0
0.20980000000000001,419.6,0.5,31.0
0.12588,419.6,0.3,31.0
0.16784000000000004,419.6,0.4,31.0
0.12588,419.6,0.3,31.0
0.12588,419.6,0.3,31.0
0.08392000000000002,419.6,0.2,31.0
0.08392000000000002,419.6,0.2,31.0
0.25176,419.6,0.6,31.0
0.16784000000000004,419.6,0.4,31.0
0.12588,419.6,0.3,31.0
0.3356800000000001,419.6,0.8,31.0
1.5076800000000001,418.8,3.6,31.0
2.30175,418.5,5.5,31.0
2.5073999999999996,417.9,6.0,31.0
2.2154000000000003,418.0,5.3,31.0
2.1746399999999997,418.2,5.2,31.0
2.2159299999999997,418.1,5.3,31.0
2.4244,418.0,5.8,31.0
3.0939400000000004,418.1,7.4,31.0
4.91234,416.3,11.8,31.0
5.36253,415.7,12.9,31.0
5.4041,415.7,13.0,31.0
5.19875,415.9,12.5,31.0
5.4054,415.8,13.0,31.0
5.614649999999999,415.9,13.5,31.0
5.73666,415.7,13.8,31.0
5.4015,415.5,13.0,31.0
4.5793,416.3,11.0,31.0
4.45548,416.4,10.7,31.0
4.78745,416.3,11.5,31.0
5.2832,416.0,12.7,31.0
5.0336,416.0,12.1,31.0
4.824439999999999,415.9,11.6,31.0
4.7863,416.2,11.5,31.0
4.7863,416.2,11.5,31.0
2.54553,417.3,6.1,31.0
1.0031999999999999,418.0,2.4,31.0
0.50292,419.1,1.2,31.0
0.7543800000000002,419.1,1.8,31.0
1.2564000000000002,418.8,3.0,31.0
1.1723599999999998,418.7,2.8,31.0
1.21394,418.6,2.9,31.0
0.2095,419.0,0.5,31.0
0.0,419.7,0.0,31.0
0.12585,419.5,0.3,31.0
0.2097,419.4,0.5,31.0
0.08388,419.4,0.2,31.0
0.6708800000000001,419.3,1.6,31.0
0.71247,419.1,1.7,31.0
0.37727999999999995,419.2,0.9,31.0
0.2097,419.4,0.5,31.0
0.0839,419.5,0.2,31.0
0.20975,419.5,0.5,31.0
0.0839,419.5,0.2,31.0
0.7968599999999999,419.4,1.9,31.0
1.3395200000000003,418.6,3.2,31.0
2.25828,418.2,5.4,31.0
1.75686,418.3,4.2,31.0
1.50624,418.4,3.6,31.0
1.29797,418.7,3.1,31.0
1.42324,418.6,3.4,31.0
1.79955,418.5,4.3,31.0
2.3826,418.0,5.7,31.0
3.91792,416.8,9.4,31.0
3.7937899999999996,416.9,9.1,31.0
3.5028,417.0,8.4,31.0
2.67072,417.3,6.4,31.0
0.6697600000000001,418.6,1.6,31.0
0.7962899999999999,419.1,1.9,31.0
1.34016,418.8,3.2,31.0
1.50624,418.4,3.6,31.0
2.8417199999999996,417.9,6.8,31.0
2.7992600000000003,417.8,6.7,31.0
4.044899999999999,417.0,9.7,31.0
5.69646,415.8,13.7,31.0
5.48592,415.6,13.2,31.0
5.072760000000001,415.8,12.2,31.0
5.03118,415.8,12.1,31.0
5.19875,415.9,12.5,31.0
5.3638200000000005,415.8,12.9,31.0
5.48724,415.7,13.2,31.0
4.285830000000001,416.1,10.3,31.0
4.163,416.3,10.0,31.0
4.37325,416.5,10.5,31.0
4.331600000000001,416.5,10.4,31.0
3.9974399999999997,416.4,9.6,31.0
4.45441,416.3,10.7,31.0
4.8256,416.0,11.6,31.0
4.990799999999999,415.9,12.0,31.0
4.78285,415.9,11.5,31.0
5.19625,415.7,12.5,31.0
5.07032,415.6,12.2,31.0
5.4028,415.6,13.0,31.0
5.19375,415.5,12.5,31.0
4.53113,415.7,10.9,31.0
4.5793,416.3,11.0,31.0
4.86954,416.2,11.7,31.0
4.409599999999999,416.0,10.6,31.0
4.163,416.3,10.0,31.0
4.2482999999999995,416.5,10.2,31.0
4.28789,416.3,10.3,31.0
4.163,416.3,10.0,31.0
1.29549,417.9,3.1,31.0
0.79553,418.7,1.9,31.0
0.87927,418.7,2.1,31.0
1.3385600000000002,418.3,3.2,31.0
1.29673,418.3,3.1,31.0
1.2130699999999999,418.3,2.9,31.0
1.12968,418.4,2.7,31.0
0.5026799999999999,418.9,1.2,31.0
0.6702400000000001,418.9,1.6,31.0
0.71196,418.8,1.7,31.0
0.67008,418.8,1.6,31.0
0.5445699999999999,418.9,1.3,31.0
0.62835,418.9,1.5,31.0
0.71196,418.8,1.7,31.0
0.67008,418.8,1.6,31.0
0.79591,418.9,1.9,31.0
0.6702400000000001,418.9,1.6,31.0
0.62835,418.9,1.5,31.0
0.8378,418.9,2.0,31.0
1.58916,418.2,3.8,31.0
1.58916,418.2,3.8,31.0
0.9209200000000001,418.6,2.2,31.0
0.5026799999999999,418.9,1.2,31.0
0.04193000000000001,419.3,0.1,31.0
0.16772000000000004,419.3,0.4,31.0
0.41910000000000003,419.1,1.0,31.0
1.21365,418.5,2.9,31.0
1.17208,418.6,2.8,31.0
1.0465,418.6,2.5,31.0
1.0048799999999998,418.7,2.4,31.0
1.04675,418.7,2.5,31.0
0.9211400000000001,418.7,2.2,31.0
0.9211400000000001,418.7,2.2,31.0
1.0048799999999998,418.7,2.4,31.0
1.17208,418.6,2.8,31.0
1.58916,418.2,3.8,31.0
1.42222,418.3,3.4,31.0
1.5899199999999998,418.4,3.8,31.0
2.7189500000000004,418.3,6.5,31.0
3.87624,416.8,9.3,31.0
3.37689,416.9,8.1,31.0
3.29509,417.1,7.9,31.0
3.2541599999999997,417.2,7.8,31.0
3.2541599999999997,417.2,7.8,31.0
2.79658,417.4,6.7,31.0
2.71375,417.5,6.5,31.0
2.37975,417.5,5.7,31.0
1.7539200000000001,417.6,4.2,31.0
0.7114499999999999,418.5,1.7,31.0
1.0048799999999998,418.7,2.4,31.0
1.17208,418.6,2.8,31.0
1.21394,418.6,2.9,31.0
1.2558000000000002,418.6,3.0,31.0
1.17208,418.6,2.8,31.0
0.50256,418.8,1.2,31.0
0.50292,419.1,1.2,31.0
0.62865,419.1,1.5,31.0
0.75402,418.9,1.8,31.0
0.87969,418.9,2.1,31.0
1.0048799999999998,418.7,2.4,31.0
0.9211400000000001,418.7,2.2,31.0
0.9632399999999999,418.8,2.3,31.0
0.87948,418.8,2.1,31.0
0.12582,419.4,0.3,31.0
0.0,419.5,0.0,31.0
0.12582,419.4,0.3,31.0
0.16776,419.4,0.4,31.0
0.2097,419.4,0.5,31.0
0.04194,419.4,0.1,31.0
0.2097,419.4,0.5,31.0
0.16776,419.4,0.4,31.0
0.08388,419.4,0.2,31.0
0.71298,419.4,1.7,31.0
1.3398400000000001,418.7,3.2,31.0
1.13049,418.7,2.7,31.0
1.21423,418.7,2.9,31.0
1.50624,418.4,3.6,31.0
1.5066000000000002,418.5,3.6,31.0
0.9211400000000001,418.7,2.2,31.0
0.71213,418.9,1.7,31.0
0.67056,419.1,1.6,31.0
0.58674,419.1,1.4,31.0
0.67056,419.1,1.6,31.0
0.67056,419.1,1.6,31.0
0.7960999999999999,419.0,1.9,31.0
0.8799000000000001,419.0,2.1,31.0
0.87969,418.9,2.1,31.0
0.9213600000000002,418.8,2.2,31.0
0.8378,418.9,2.0,31.0
0.7542000000000001,419.0,1.8,31.0
0.838,419.0,2.0,31.0
0.87969,418.9,2.1,31.0
1.9678900000000001,418.7,4.7,31.0
3.96435,417.3,9.5,31.0
5.281929999999999,415.9,12.7,31.0
4.53767,416.3,10.9,31.0
3.9993600000000002,416.6,9.6,31.0
4.04199,416.7,9.7,31.0
4.20665,416.5,10.1,31.0
4.24728,416.4,10.2,31.0
4.53767,416.3,10.9,31.0
4.49712,416.4,10.8,31.0
4.28789,416.3,10.3,31.0
4.4522699999999995,416.1,10.7,31.0
4.66032,416.1,11.2,31.0
4.86837,416.1,11.7,31.0
5.0336,416.0,12.1,31.0
5.03118,415.8,12.1,31.0
5.03118,415.8,12.1,31.0
4.864859999999999,415.8,11.7,31.0
5.281929999999999,415.9,12.7,31.0
4.16,416.0,10.0,31.0
2.004,417.5,4.8,31.0
0.0,419.0,0.0,31.0
0.0,419.8,0.0,31.0
0.04194,419.4,0.1,31.0
0.16772000000000004,419.3,0.4,31.0
0.16772000000000004,419.3,0.4,31.0
0.20959999999999998,419.2,0.5,31.0
0.04192,419.2,0.1,31.0
0.12578999999999999,419.3,0.3,31.0
0.04193000000000001,419.3,0.1,31.0
0.12578999999999999,419.3,0.3,31.0
0.20965,419.3,0.5,31.0
0.12578999999999999,419.3,0.3,31.0
0.04193000000000001,419.3,0.1,31.0
0.16772000000000004,419.3,0.4,31.0
0.08386000000000002,419.3,0.2,31.0
0.16772000000000004,419.3,0.4,31.0
0.20965,419.3,0.5,31.0
0.71298,419.4,1.7,31.0
1.63098,418.2,3.9,31.0
1.8405200000000002,418.3,4.4,31.0
2.75748,417.8,6.6,31.0
2.63025,417.5,6.3,31.0
2.46325,417.5,5.9,31.0
2.67328,417.7,6.4,31.0
2.9232000000000005,417.6,7.0,31.0
3.7928800000000003,416.8,9.1,31.0
4.41066,416.1,10.6,31.0
4.5782,416.2,11.0,31.0
5.57038,415.7,13.4,31.0
5.7339,415.5,13.8,31.0
5.111880000000001,415.6,12.3,31.0
4.6558399999999995,415.7,11.2,31.0
2.62836,417.2,6.3,31.0
2.9217999999999997,417.4,7.0,31.0
2.21116,417.2,5.3,31.0
0.8790600000000001,418.6,2.1,31.0
0.419,419.0,1.0,31.0
1.3817099999999998,418.7,3.3,31.0
2.42208,417.6,5.8,31.0
2.0472200000000003,417.8,4.9,31.0
2.0895,417.9,5.0,31.0
2.33912,417.7,5.6,31.0
2.13027,417.7,5.1,31.0
0.0,418.5,0.0,31.0
0.0,419.7,0.0,31.0
0.08388,419.4,0.2,31.0
0.4189,418.9,1.0,31.0
0.12578999999999999,419.3,0.3,31.0
0.12578999999999999,419.3,0.3,31.0
0.16772000000000004,419.3,0.4,31.0
0.12578999999999999,419.3,0.3,31.0
0.7126399999999999,419.2,1.7,31.0
2.00544,417.8,4.8,31.0
1.75518,417.9,4.2,31.0
0.87843,418.3,2.1,31.0
0.0,419.1,0.0,31.0
0.1678,419.5,0.4,31.0
1.3404800000000001,418.9,3.2,31.0
2.04869,418.1,4.9,31.0
1.9228,418.0,4.6,31.0
1.88145,418.1,4.5,31.0
1.6728,418.2,4.0,31.0
1.58954,418.3,3.8,31.0
1.8400800000000002,418.2,4.4,31.0
2.25774,418.1,5.4,31.0
3.29825,417.5,7.9,31.0
3.0872800000000002,417.2,7.4,31.0
3.29588,417.2,7.9,31.0
3.0038400000000003,417.2,7.2,31.0
3.0038400000000003,417.2,7.2,31.0
1.37808,417.6,3.3,31.0
1.00464,418.6,2.4,31.0
1.33888,418.4,3.2,31.0
1.50624,418.4,3.6,31.0
1.63098,418.2,3.9,31.0
2.04771,417.9,4.9,31.0
2.5061999999999998,417.7,6.0,31.0
2.33912,417.7,5.6,31.0
2.9232000000000005,417.6,7.0,31.0
2.9204,417.2,7.0,31.0
3.5453500000000004,417.1,8.5,31.0
3.50028,416.7,8.4,31.0
5.4106,416.2,13.0,31.0
5.4015,415.5,13.0,31.0
4.158,415.8,10.0,31.0
3.24948,416.6,7.8,31.0
3.0031200000000005,417.1,7.2,31.0
3.12825,417.1,7.5,31.0
2.54675,417.5,6.1,31.0
2.672,417.5,6.4,31.0
2.62962,417.4,6.3,31.0
2.54553,417.3,6.1,31.0
3.0038400000000003,417.2,7.2,31.0
3.0038400000000003,417.2,7.2,31.0
2.83696,417.2,6.8,31.0
3.129,417.2,7.5,31.0
3.0031200000000005,417.1,7.2,31.0
3.2525999999999997,417.0,7.8,31.0
3.04483,417.1,7.3,31.0
3.5445,417.0,8.5,31.0
3.87717,416.9,9.3,31.0
5.8212,415.8,14.0,31.0
5.68687,415.1,13.7,31.0
4.73442,415.3,11.4,31.0
4.658079999999999,415.9,11.2,31.0
4.8256,416.0,11.6,31.0
4.49064,415.8,10.8,31.0
4.532220000000001,415.8,10.9,31.0
4.824439999999999,415.9,11.6,31.0
4.784,416.0,11.5,31.0
2.04232,416.8,4.9,31.0
2.33912,417.7,5.6,31.0
3.3384,417.3,8.0,31.0
4.12137,416.3,9.9,31.0
3.49776,416.4,8.4,31.0
1.3800599999999998,418.2,3.3,31.0
1.8396400000000004,418.1,4.4,31.0
2.1307799999999997,417.8,5.1,31.0
2.96425,417.5,7.1,31.0
2.9606999999999997,417.0,7.1,31.0
2.75352,417.2,6.6,31.0
0.66944,418.4,1.6,31.0
0.8790600000000001,418.6,2.1,31.0
1.29704,418.4,3.1,31.0
1.2130699999999999,418.3,2.9,31.0
1.3385600000000002,418.3,3.2,31.0
1.4633500000000002,418.1,3.5,31.0
2.63025,417.5,6.3,31.0
2.7124500000000005,417.3,6.5,31.0
2.79457,417.1,6.7,31.0
2.54614,417.4,6.1,31.0
2.3374399999999995,417.4,5.6,31.0
2.4209199999999997,417.4,5.8,31.0
2.67072,417.3,6.4,31.0
2.46207,417.3,5.9,31.0
2.338,417.5,5.6,31.0
1.3385600000000002,418.3,3.2,31.0
1.29673,418.3,3.1,31.0
1.4640499999999999,418.3,3.5,31.0
1.6305900000000002,418.1,3.9,31.0
1.83876,417.9,4.4,31.0
1.672,418.0,4.0,31.0
1.88055,417.9,4.5,31.0
1.672,418.0,4.0,31.0
1.7556,418.0,4.2,31.0
1.88055,417.9,4.5,31.0
1.8392,418.0,4.4,31.0
2.0472200000000003,417.8,4.9,31.0
2.17152,417.6,5.2,31.0
2.1307799999999997,417.8,5.1,31.0
2.00448,417.6,4.8,31.0
1.8378800000000002,417.7,4.4,31.0
2.00544,417.8,4.8,31.0
2.0059199999999997,417.9,4.8,31.0
2.0059199999999997,417.9,4.8,31.0
1.7969699999999997,417.9,4.3,31.0
1.4218799999999998,418.2,3.4,31.0
1.33792,418.1,3.2,31.0
1.42154,418.1,3.4,31.0
1.5469700000000002,418.1,3.7,31.0
1.5469700000000002,418.1,3.7,31.0
1.12914,418.2,2.7,31.0
0.4189,418.9,1.0,31.0
0.4189,418.9,1.0,31.0
0.0,419.3,0.0,31.0
0.0,419.2,0.0,31.0
0.25139999999999996,419.0,0.6,31.0
0.20955000000000001,419.1,0.5,31.0
0.08382,419.1,0.2,31.0
0.12575999999999998,419.2,0.3,31.0
0.04192,419.2,0.1,31.0
0.12573,419.1,0.3,31.0
0.16768,419.2,0.4,31.0
0.08384,419.2,0.2,31.0
0.25151999999999997,419.2,0.6,31.0
0.87948,418.8,2.1,31.0
1.29673,418.3,3.1,31.0
1.3385600000000002,418.3,3.2,31.0
1.29704,418.4,3.1,31.0
1.4640499999999999,418.3,3.5,31.0
1.42222,418.3,3.4,31.0
1.63098,418.2,3.9,31.0
2.25612,417.8,5.4,31.0
2.5061999999999998,417.7,6.0,31.0
2.4215,417.5,5.8,31.0
2.2545,417.5,5.4,31.0
2.38032,417.6,5.7,31.0
2.38032,417.6,5.7,31.0
1.7129799999999997,417.8,4.1,31.0
1.42154,418.1,3.4,31.0
0.0,419.3,0.0,31.0
0.0,419.5,0.0,31.0
0.08386000000000002,419.3,0.2,31.0
0.33528,419.1,0.8,31.0
0.3771900000000001,419.1,0.9,31.0
0.33520000000000005,419.0,0.8,31.0
0.41910000000000003,419.1,1.0,31.0
1.8405200000000002,418.3,4.4,31.0
2.4238199999999996,417.9,5.8,31.0
2.3385599999999998,417.6,5.6,31.0
1.4212,418.0,3.4,31.0
0.37701,418.9,0.9,31.0
0.87948,418.8,2.1,31.0
1.88145,418.1,4.5,31.0
5.79074,416.6,13.9,31.0
6.5155,415.0,15.7,31.0
6.184990000000001,415.1,14.9,31.0
5.68687,415.1,13.7,31.0
5.5663599999999995,415.4,13.4,31.0
4.94445,415.5,11.9,31.0
5.1522,415.5,12.4,31.0
5.52482,415.4,13.3,31.0
4.94445,415.5,11.9,31.0
5.3573699999999995,415.3,12.9,31.0
5.315840000000001,415.3,12.8,31.0
3.7395,415.5,9.0,31.0
1.45985,417.1,3.5,31.0
0.66944,418.4,1.6,31.0
0.0,418.8,0.0,31.0
0.0,419.2,0.0,31.0
0.2095,419.0,0.5,31.0
0.29322999999999994,418.9,0.7,31.0
0.0,419.1,0.0,31.0
0.20955000000000001,419.1,0.5,31.0
0.08382,419.1,0.2,31.0
0.12573,419.1,0.3,31.0
0.12573,419.1,0.3,31.0
0.16768,419.2,0.4,31.0
0.12573,419.1,0.3,31.0
0.25151999999999997,419.2,0.6,31.0
0.16768,419.2,0.4,31.0
0.20955000000000001,419.1,0.5,31.0
0.16768,419.2,0.4,31.0
0.20959999999999998,419.2,0.5,31.0
0.16768,419.2,0.4,31.0
0.16768,419.2,0.4,31.0
1.34016,418.8,3.2,31.0
1.8392,418.0,4.4,31.0
1.58916,418.2,3.8,31.0
1.4637,418.2,3.5,31.0
2.09,418.0,5.0,31.0
2.0895,417.9,5.0,31.0
2.58788,417.4,6.2,31.0
4.2096800000000005,416.8,10.1,31.0
4.94564,415.6,11.9,31.0
4.906440000000001,415.8,11.8,31.0
4.779400000000001,415.6,11.5,31.0
5.5650200000000005,415.3,13.4,31.0
5.646719999999999,415.2,13.6,31.0
5.64808,415.3,13.6,31.0
5.19,415.2,12.5,31.0
5.563680000000001,415.2,13.4,31.0
5.895839999999999,415.2,14.2,31.0
5.76711,414.9,13.9,31.0
6.014600000000001,414.8,14.5,31.0
6.219,414.6,15.0,31.0
2.7502199999999997,416.7,6.6,31.0
1.54549,417.7,3.7,31.0
2.00544,417.8,4.8,31.0
2.58788,417.4,6.2,31.0
1.2519,417.3,3.0,31.0
0.0,419.3,0.0,31.0
0.0,419.3,0.0,31.0
0.12573,419.1,0.3,31.0
0.16760000000000003,419.0,0.4,31.0
0.16760000000000003,419.0,0.4,31.0
0.25139999999999996,419.0,0.6,31.0
0.12569999999999998,419.0,0.3,31.0
0.12573,419.1,0.3,31.0
1.29766,418.6,3.1,31.0
1.5469700000000002,418.1,3.7,31.0
0.71162,418.6,1.7,31.0
0.04188,418.8,0.1,31.0
0.0,419.2,0.0,31.0
0.08384,419.2,0.2,31.0
0.29337,419.1,0.7,31.0
0.6699200000000001,418.7,1.6,31.0
1.13022,418.6,2.7,31.0
1.7138,418.0,4.1,31.0
2.04673,417.7,4.9,31.0
1.8383200000000002,417.8,4.4,31.0
1.6716,417.9,4.0,31.0
1.7973999999999999,418.0,4.3,31.0
1.7138,418.0,4.1,31.0
1.9223399999999997,417.9,4.6,31.0
2.79591,417.3,6.7,31.0
2.46207,417.3,5.9,31.0
2.62962,417.4,6.3,31.0
2.46325,417.5,5.9,31.0
2.2545,417.5,5.4,31.0
1.672,418.0,4.0,31.0
1.6716,417.9,4.0,31.0
1.8801,417.8,4.5,31.0
2.4638400000000003,417.6,5.9,31.0
4.6242600000000005,416.6,11.1,31.0
5.89442,415.1,14.2,31.0
5.27304,415.2,12.7,31.0
5.441739999999999,415.4,13.1,31.0
6.30496,414.8,15.2,31.0
6.4232,414.4,15.5,31.0
4.399,415.0,10.6,31.0
2.2946,417.2,5.5,31.0
2.67008,417.2,6.4,31.0
1.21133,417.7,2.9,31.0
1.2546,418.2,3.0,31.0
2.0063999999999997,418.0,4.8,31.0
6.72786,415.3,16.2,31.0
7.170850000000001,414.5,17.3,31.0
8.34866,413.3,20.2,31.0
7.90167,413.7,19.1,31.0
7.20012,413.8,17.4,31.0
7.89594,413.4,19.1,31.0
4.846139999999999,414.2,11.7,31.0
5.437810000000001,415.1,13.1,31.0
2.65984,415.6,6.4,31.0
2.21222,417.4,5.3,31.0
3.1692,417.0,7.6,31.0
2.9175999999999997,416.8,7.0,31.0
3.6252899999999997,416.7,8.7,31.0
3.7883299999999998,416.3,9.1,31.0
3.2055100000000003,416.3,7.7,31.0
3.3736499999999996,416.5,8.1,31.0
3.332,416.5,8.0,31.0
3.54025,416.5,8.5,31.0
3.2062799999999996,416.4,7.7,31.0
2.0016,417.0,4.8,31.0
1.4191599999999998,417.4,3.4,31.0
1.21249,418.1,2.9,31.0
1.54623,417.9,3.7,31.0
1.54549,417.7,3.7,31.0
2.29625,417.5,5.5,31.0
2.12925,417.5,5.1,31.0
1.96178,417.4,4.7,31.0
1.62864,417.6,3.9,31.0
1.7961099999999999,417.7,4.3,31.0
1.9204999999999999,417.5,4.6,31.0
2.6688,417.0,6.4,31.0
2.7105,417.0,6.5,31.0
2.3363199999999997,417.2,5.6,31.0
2.12823,417.3,5.1,31.0
2.04526,417.4,4.9,31.0
2.00352,417.4,4.8,31.0
1.5865,417.5,3.8,31.0
1.4623,417.8,3.5,31.0
1.8801,417.8,4.5,31.0
1.62864,417.6,3.9,31.0
1.50408,417.8,3.6,31.0
1.3794,418.0,3.3,31.0
0.7949599999999999,418.4,1.9,31.0
0.8368,418.4,2.0,31.0
0.9202600000000001,418.3,2.2,31.0
1.00392,418.3,2.4,31.0
1.21278,418.2,2.9,31.0
2.3385599999999998,417.6,5.6,31.0
2.21169,417.3,5.3,31.0
2.088,417.6,5.0,31.0
1.58726,417.7,3.8,31.0
1.96319,417.7,4.7,31.0
1.9627200000000002,417.6,4.7,31.0
2.171,417.5,5.2,31.0
2.4209199999999997,417.4,5.8,31.0
2.21222,417.4,5.3,31.0
1.9200399999999997,417.4,4.6,31.0
1.8796499999999998,417.7,4.5,31.0
1.7547600000000003,417.8,4.2,31.0
1.4623,417.8,3.5,31.0
1.0873199999999998,418.2,2.6,31.0
1.2546,418.2,3.0,31.0
1.12914,418.2,2.7,31.0
1.4212,418.0,3.4,31.0
1.3794,418.0,3.3,31.0
1.2122,418.0,2.9,31.0
1.1706800000000002,418.1,2.8,31.0
0.71111,418.3,1.7,31.0
0.4186,418.6,1.0,31.0
0.5024399999999999,418.7,1.2,31.0
0.20934999999999998,418.7,0.5,31.0
0.20945,418.9,0.5,31.0
0.0,419.0,0.0,31.0
0.04190000000000001,419.0,0.1,31.0
0.04190000000000001,419.0,0.1,31.0
0.16760000000000003,419.0,0.4,31.0
0.08380000000000001,419.0,0.2,31.0
0.29316,418.8,0.7,31.0
0.20945,418.9,0.5,31.0
0.16756000000000001,418.9,0.4,31.0
0.29322999999999994,418.9,0.7,31.0
0.20945,418.9,0.5,31.0
0.33512000000000003,418.9,0.8,31.0
0.5445699999999999,418.9,1.3,31.0
1.00416,418.4,2.4,31.0
1.08784,418.4,2.6,31.0
0.87885,418.5,2.1,31.0
0.87885,418.5,2.1,31.0
2.4244,418.0,5.8,31.0
2.54675,417.5,6.1,31.0
2.54614,417.4,6.1,31.0
1.7535,417.5,4.2,31.0
0.6696,418.5,1.6,31.0
0.20945,418.9,0.5,31.0
0.04191,419.1,0.1,31.0
0.04191,419.1,0.1,31.0
0.2095,419.0,0.5,31.0
0.2095,419.0,0.5,31.0
0.2095,419.0,0.5,31.0
0.37710000000000005,419.0,0.9,31.0
1.046,418.4,2.5,31.0
0.9625499999999999,418.5,2.3,31.0
0.6699200000000001,418.7,1.6,31.0
0.6699200000000001,418.7,1.6,31.0
0.79553,418.7,1.9,31.0
0.6699200000000001,418.7,1.6,31.0
0.79553,418.7,1.9,31.0
1.0465,418.6,2.5,31.0
2.5928400000000003,418.2,6.2,31.0
4.153,415.3,10.0,31.0
5.7796199999999995,415.8,13.9,31.0
4.7725,415.0,11.5,31.0
5.943080000000001,415.6,14.3,31.0
6.05316,414.6,14.6,31.0
7.252,414.4,17.5,31.0
7.568880000000001,413.6,18.3,31.0
7.443,413.5,18.0,31.0
5.6304,414.0,13.6,31.0
4.7355599999999995,415.4,11.4,31.0
3.91228,416.2,9.4,31.0
3.66432,416.4,8.8,31.0
1.58612,417.4,3.8,31.0
0.9200400000000001,418.2,2.2,31.0
1.2543000000000002,418.1,3.0,31.0
1.4208599999999998,417.9,3.4,31.0
1.5880199999999998,417.9,3.8,31.0
1.04475,417.9,2.5,31.0
0.0,418.7,0.0,31.0
0.0,419.2,0.0,31.0
0.16760000000000003,419.0,0.4,31.0
0.16756000000000001,418.9,0.4,31.0
0.08378000000000001,418.9,0.2,31.0
0.12566999999999998,418.9,0.3,31.0
0.12569999999999998,419.0,0.3,31.0
0.16756000000000001,418.9,0.4,31.0
0.16760000000000003,419.0,0.4,31.0
0.04190000000000001,419.0,0.1,31.0
0.2095,419.0,0.5,31.0
0.12569999999999998,419.0,0.3,31.0
0.12569999999999998,419.0,0.3,31.0
0.2095,419.0,0.5,31.0
0.12569999999999998,419.0,0.3,31.0
0.12569999999999998,419.0,0.3,31.0
0.16760000000000003,419.0,0.4,31.0
1.4654500000000001,418.7,3.5,31.0
2.7124500000000005,417.3,6.5,31.0
2.1287399999999996,417.4,5.1,31.0
2.0049599999999996,417.7,4.8,31.0
4.164,416.4,10.0,31.0
5.48328,415.4,13.2,31.0
5.56234,415.1,13.4,31.0
7.120799999999999,414.0,17.2,31.0
8.179380000000002,413.1,19.8,31.0
8.301300000000001,413.0,20.1,31.0
6.07845,413.5,14.7,31.0
3.28324,415.6,7.9,31.0
4.24626,416.3,10.2,31.0
5.195,415.6,12.5,31.0
4.818639999999999,415.4,11.6,31.0
3.117,415.6,7.5,31.0
1.4616000000000002,417.6,3.5,31.0
0.0,418.8,0.0,31.0
0.6699200000000001,418.7,1.6,31.0
1.7978299999999998,418.1,4.3,31.0
2.5031999999999996,417.2,6.0,31.0
1.96131,417.3,4.7,31.0
0.5014799999999999,417.9,1.2,31.0
0.0,418.9,0.0,31.0
0.0,419.1,0.0,31.0
0.041890000000000004,418.9,0.1,31.0
0.16752,418.8,0.4,31.0
0.20945,418.9,0.5,31.0
0.12566999999999998,418.9,0.3,31.0
0.20945,418.9,0.5,31.0
0.12566999999999998,418.9,0.3,31.0
1.3392,418.5,3.2,31.0
2.171,417.5,5.2,31.0
2.17204,417.7,5.2,31.0
0.79344,417.6,1.9,31.0
0.2088,417.6,0.5,31.0
0.0,419.1,0.0,31.0
0.5865999999999999,419.0,1.4,31.0
3.3432,417.9,8.0,31.0
3.3328,416.6,8.0,31.0
2.3363199999999997,417.2,5.6,31.0
0.6688000000000001,418.0,1.6,31.0
2.7124500000000005,417.3,6.5,31.0
3.9207400000000003,417.1,9.4,31.0
5.857139999999999,415.4,14.1,31.0
6.8343,414.2,16.5,31.0
6.25895,414.5,15.1,31.0
5.84727,414.7,14.1,31.0
6.26348,414.8,15.1,31.0
5.064220000000001,415.1,12.2,31.0
3.8281199999999997,416.1,9.2,31.0
3.6200699999999997,416.1,8.7,31.0
2.8759200000000003,416.8,6.9,31.0
3.126,416.8,7.5,31.0
3.6652000000000005,416.5,8.8,31.0
4.9480200000000005,415.8,11.9,31.0
6.34185,414.5,15.3,31.0
6.297359999999999,414.3,15.2,31.0
6.506079999999999,414.4,15.7,31.0
5.8858999999999995,414.5,14.2,31.0
5.84304,414.4,14.1,31.0
5.927350000000001,414.5,14.3,31.0
6.04732,414.2,14.6,31.0
6.4201,414.2,15.5,31.0
6.545940000000001,414.3,15.8,31.0
4.928979999999999,414.2,11.9,31.0
3.3304,416.3,8.0,31.0
4.0352,416.0,9.7,31.0
4.365900000000001,415.8,10.5,31.0
4.49064,415.8,10.8,31.0
3.8244399999999996,415.7,9.2,31.0
3.9907199999999996,415.7,9.6,31.0
2.41512,416.4,5.8,31.0
1.7956800000000002,417.6,4.3,31.0
1.91912,417.2,4.6,31.0
2.25342,417.3,5.4,31.0
3.1631199999999997,416.2,7.6,31.0
3.5385500000000003,416.3,8.5,31.0
3.1638800000000002,416.3,7.6,31.0
3.8281199999999997,416.1,9.2,31.0
3.91134,416.1,9.4,31.0
3.744,416.0,9.0,31.0
2.4128,416.0,5.8,31.0
0.46002000000000004,418.2,1.1,31.0
0.87864,418.4,2.1,31.0
1.79654,417.8,4.3,31.0
2.46148,417.2,5.9,31.0
3.4169399999999994,416.7,8.2,31.0
3.4136599999999997,416.3,8.2,31.0
1.50048,416.8,3.6,31.0
0.9198200000000002,418.1,2.2,31.0
1.4208599999999998,417.9,3.4,31.0
4.24116,415.8,10.2,31.0
6.4662,414.5,15.6,31.0
5.71872,414.4,13.8,31.0
4.2268799999999995,414.4,10.2,31.0
3.70418,416.2,8.9,31.0
2.9571499999999995,416.5,7.1,31.0
3.16464,416.4,7.6,31.0
3.2463599999999997,416.2,7.8,31.0
2.12568,416.8,5.1,31.0
0.66912,418.2,1.6,31.0
0.5437900000000001,418.3,1.3,31.0
0.4184,418.4,1.0,31.0
0.8364,418.2,2.0,31.0
1.4633500000000002,418.1,3.5,31.0
4.2930399999999995,416.8,10.3,31.0
5.026339999999999,415.4,12.1,31.0
1.20814,416.6,2.9,31.0
0.9200400000000001,418.2,2.2,31.0
1.5880199999999998,417.9,3.8,31.0
2.7548399999999997,417.4,6.6,31.0
5.4351899999999995,414.9,13.1,31.0
5.313280000000001,415.1,12.8,31.0
1.2507,416.9,3.0,31.0
0.8358,417.9,2.0,31.0
2.62962,417.4,6.3,31.0
4.900540000000001,415.3,11.8,31.0
5.64128,414.8,13.6,31.0
6.04878,414.3,14.6,31.0
2.66432,416.3,6.4,31.0
2.4603,417.0,5.9,31.0
3.08432,416.8,7.4,31.0
3.3728399999999996,416.4,8.1,31.0
3.3736499999999996,416.5,8.1,31.0
2.78988,416.4,6.7,31.0
0.8769600000000001,417.6,2.1,31.0
0.0,419.0,0.0,31.0
0.0,418.9,0.0,31.0
0.16744000000000003,418.6,0.4,31.0
0.12558,418.6,0.3,31.0
0.08374000000000001,418.7,0.2,31.0
0.16748000000000002,418.7,0.4,31.0
0.041870000000000004,418.7,0.1,31.0
0.16748000000000002,418.7,0.4,31.0
0.08374000000000001,418.7,0.2,31.0
0.08372000000000002,418.6,0.2,31.0
0.08374000000000001,418.7,0.2,31.0
0.12560999999999997,418.7,0.3,31.0
0.16752,418.8,0.4,31.0
0.0,418.7,0.0,31.0
0.08374000000000001,418.7,0.2,31.0
0.08374000000000001,418.7,0.2,31.0
0.041870000000000004,418.7,0.1,31.0
0.12560999999999997,418.7,0.3,31.0
2.1772400000000003,418.7,5.2,31.0
2.9169,416.7,7.0,31.0
2.0855,417.1,5.0,31.0
2.00304,417.3,4.8,31.0
3.7919699999999996,416.7,9.1,31.0
3.4136599999999997,416.3,8.2,31.0
2.33296,416.6,5.6,31.0
2.2523400000000002,417.1,5.4,31.0
1.5853599999999999,417.2,3.8,31.0
0.0,419.2,0.0,31.0
0.0,419.0,0.0,31.0
0.16748000000000002,418.7,0.4,31.0
0.12560999999999997,418.7,0.3,31.0
0.12560999999999997,418.7,0.3,31.0
0.12564,418.8,0.3,31.0
0.20934999999999998,418.7,0.5,31.0
0.08376,418.8,0.2,31.0
0.08376,418.8,0.2,31.0
6.9321600000000005,417.6,16.6,31.0
7.15528,413.6,17.3,31.0
4.6782,414.0,11.3,31.0
0.66848,417.8,1.6,31.0
0.0,419.0,0.0,31.0
0.7117899999999999,418.7,1.7,31.0
2.8417199999999996,417.9,6.8,31.0
5.19125,415.3,12.5,31.0
5.68276,414.8,13.7,31.0
6.54752,414.4,15.8,31.0
6.50451,414.3,15.7,31.0
6.29888,414.4,15.2,31.0
6.4216500000000005,414.3,15.5,31.0
6.58101,413.9,15.9,31.0
6.993219999999999,413.8,16.9,31.0
6.86742,413.7,16.6,31.0
6.824400000000001,413.6,16.5,31.0
5.01303,414.3,12.1,31.0
4.156,415.6,10.0,31.0
3.70151,415.9,8.9,31.0
0.0,417.9,0.0,31.0
0.0,418.9,0.0,31.0
0.0,418.8,0.0,31.0
0.2511,418.5,0.6,31.0
0.08372000000000002,418.6,0.2,31.0
0.04186000000000001,418.6,0.1,31.0
0.08372000000000002,418.6,0.2,31.0
0.16744000000000003,418.6,0.4,31.0
0.25116,418.6,0.6,31.0
0.25121999999999994,418.7,0.6,31.0
0.12558,418.6,0.3,31.0
0.16744000000000003,418.6,0.4,31.0
0.08374000000000001,418.7,0.2,31.0
0.16748000000000002,418.7,0.4,31.0
0.20934999999999998,418.7,0.5,31.0
0.16748000000000002,418.7,0.4,31.0
0.20934999999999998,418.7,0.5,31.0
5.24538,416.3,12.6,31.0
8.62784,414.8,20.8,31.0
8.254,412.7,20.0,31.0
7.2740800000000005,413.3,17.6,31.0
6.367900000000001,413.5,15.4,31.0
6.7051799999999995,413.9,16.2,31.0
8.27,413.5,20.0,31.0
8.287230000000001,412.3,20.1,31.0
10.24137,411.3,24.9,31.0
10.28,411.2,25.0,31.0
8.84295,411.3,21.5,31.0
7.07427,413.7,17.1,31.0
7.23275,413.3,17.5,31.0
8.41908,412.7,20.4,31.0
8.62334,412.6,20.9,31.0
3.4776000000000002,414.0,8.4,31.0
0.8356,417.8,2.0,31.0
1.7939599999999998,417.2,4.3,31.0
5.2,416.0,12.5,31.0
7.3603000000000005,413.5,17.8,31.0
6.86244,413.4,16.6,31.0
6.374059999999999,413.9,15.4,31.0
5.01303,414.3,12.1,31.0
1.3289600000000001,415.3,3.2,31.0
0.0,419.4,0.0,31.0
0.0,418.9,0.0,31.0
0.12549,418.3,0.3,31.0
0.25098,418.3,0.6,31.0
0.20915,418.3,0.5,31.0
0.08368,418.4,0.2,31.0
0.12552,418.4,0.3,31.0
0.04184,418.4,0.1,31.0
0.04185,418.5,0.1,31.0
0.16736,418.4,0.4,31.0
0.04184,418.4,0.1,31.0
1.4218799999999998,418.2,3.4,31.0
2.004,417.5,4.8,31.0
2.37633,416.9,5.7,31.0
1.79353,417.1,4.3,31.0
0.20915,418.3,0.5,31.0
0.37656,418.4,0.9,31.0
3.45861,416.7,8.3,31.0
6.801079999999999,414.7,16.4,31.0
6.744940000000001,413.8,16.3,31.0
5.721480000000001,414.6,13.8,31.0
4.0719,415.5,9.8,31.0
3.2864,416.0,7.9,31.0
3.2887700000000004,416.3,7.9,31.0
2.29075,416.5,5.5,31.0
2.6675200000000006,416.8,6.4,31.0
2.8322,416.5,6.8,31.0
3.53515,415.9,8.5,31.0
3.6191999999999998,416.0,8.7,31.0
3.6191999999999998,416.0,8.7,31.0
4.534400000000001,416.0,10.9,31.0
6.213,414.2,15.0,31.0
7.51842,413.1,18.2,31.0
7.5992,413.0,18.4,31.0
8.047649999999999,412.7,19.5,31.0
7.8431999999999995,412.8,19.0,31.0
5.583600000000001,413.6,13.5,31.0
1.95567,416.1,4.7,31.0
0.8342,417.1,2.0,31.0
0.6271500000000001,418.1,1.5,31.0
1.0024799999999998,417.7,2.4,31.0
2.83764,417.3,6.8,31.0
4.44157,415.1,10.7,31.0
6.21,414.0,15.0,31.0
5.714580000000001,414.1,13.8,31.0
5.138559999999999,414.4,12.4,31.0
4.26935,414.5,10.3,31.0
2.7079,416.6,6.5,31.0
3.0382599999999997,416.2,7.3,31.0
3.41202,416.1,8.2,31.0
3.6590400000000005,415.8,8.8,31.0
3.2032000000000003,416.0,7.7,31.0
3.94915,415.7,9.5,31.0
3.8669400000000005,415.8,9.3,31.0
4.240139999999999,415.7,10.2,31.0
4.27862,415.4,10.3,31.0
3.8244399999999996,415.7,9.2,31.0
3.78196,415.6,9.1,31.0
0.7909700000000001,416.3,1.9,31.0
0.16732000000000002,418.3,0.4,31.0
1.21249,418.1,2.9,31.0
2.12823,417.3,5.1,31.0
2.70725,416.5,6.5,31.0
3.7386,415.4,9.0,31.0
3.61485,415.5,8.7,31.0
3.57502,415.7,8.6,31.0
5.5998,414.8,13.5,31.0
4.47444,414.3,10.8,31.0
1.87605,416.9,4.5,31.0
1.9599000000000002,417.0,4.7,31.0
2.7079,416.6,6.5,31.0
3.1215,416.2,7.5,31.0
3.0375300000000003,416.1,7.3,31.0
2.9966399999999997,416.2,7.2,31.0
3.24714,416.3,7.8,31.0
2.8308400000000002,416.3,6.8,31.0
2.7066,416.4,6.5,31.0
2.8308400000000002,416.3,6.8,31.0
2.87316,416.4,6.9,31.0
2.78988,416.4,6.7,31.0
1.1275200000000003,417.6,2.7,31.0
0.5012399999999999,417.7,1.2,31.0
0.71077,418.1,1.7,31.0
1.21162,417.8,2.9,31.0
1.8352400000000002,417.1,4.4,31.0
1.79353,417.1,4.3,31.0
1.2521999999999998,417.4,3.0,31.0
1.21133,417.7,2.9,31.0
1.37775,417.5,3.3,31.0
2.37576,416.8,5.7,31.0
2.37519,416.7,5.7,31.0
2.58478,416.9,6.2,31.0
2.2924,416.8,5.5,31.0
2.62521,416.7,6.3,31.0
3.6581600000000005,415.7,8.8,31.0
3.6165899999999995,415.7,8.7,31.0
3.12075,416.1,7.5,31.0
2.9141,416.3,7.0,31.0
1.9182,417.0,4.6,31.0
1.33504,417.2,3.2,31.0
1.12779,417.7,2.7,31.0
1.4198400000000002,417.6,3.4,31.0
2.00304,417.3,4.8,31.0
1.7101099999999998,417.1,4.1,31.0
1.7101099999999998,417.1,4.1,31.0
1.7939599999999998,417.2,4.3,31.0
2.086,417.2,5.0,31.0
1.83568,417.2,4.4,31.0
1.46055,417.3,3.5,31.0
1.2945600000000002,417.6,3.1,31.0
0.0,417.6,0.0,31.0
0.0,418.6,0.0,31.0
0.12555,418.5,0.3,31.0
0.12552,418.4,0.3,31.0
0.16736,418.4,0.4,31.0
0.12555,418.5,0.3,31.0
0.1674,418.5,0.4,31.0
0.1674,418.5,0.4,31.0
0.16736,418.4,0.4,31.0
0.0837,418.5,0.2,31.0
3.46442,417.4,8.3,31.0
4.41066,416.1,10.6,31.0
6.05462,414.7,14.6,31.0
6.2115,414.1,15.0,31.0
4.51696,414.4,10.9,31.0
1.7105199999999998,417.2,4.1,31.0
2.04379,417.1,4.9,31.0
2.83356,416.7,6.8,31.0
2.8738500000000005,416.5,6.9,31.0
0.9593299999999999,417.1,2.3,31.0
0.0,418.9,0.0,31.0
0.04186000000000001,418.6,0.1,31.0
0.20925,418.5,0.5,31.0
0.12552,418.4,0.3,31.0
0.2092,418.4,0.5,31.0
0.2092,418.4,0.5,31.0
0.0837,418.5,0.2,31.0
0.12555,418.5,0.3,31.0
0.20925,418.5,0.5,31.0
0.1674,418.5,0.4,31.0
0.1674,418.5,0.4,31.0
1.3807199999999997,418.4,3.3,31.0
2.3769,417.0,5.7,31.0
2.4186,417.0,5.8,31.0
1.75308,417.4,4.2,31.0
1.5865,417.5,3.8,31.0
1.75308,417.4,4.2,31.0
1.29487,417.7,3.1,31.0
4.46404,417.2,10.7,31.0
6.016049999999999,414.9,14.5,31.0
6.216,414.4,15.0,31.0
7.446599999999999,413.7,18.0,31.0
8.42724,413.1,20.4,31.0
8.0457,412.6,19.5,31.0
8.254,412.7,20.0,31.0
8.334520000000001,412.6,20.2,31.0
7.674360000000001,412.6,18.6,31.0
6.05024,414.4,14.6,31.0
5.137320000000001,414.3,12.4,31.0
0.8356,417.8,2.0,31.0
0.0,417.6,0.0,31.0
0.0,418.8,0.0,31.0
0.0,418.5,0.0,31.0
0.041830000000000006,418.3,0.1,31.0
0.08366000000000001,418.3,0.2,31.0
0.04184,418.4,0.1,31.0
0.12552,418.4,0.3,31.0
0.12552,418.4,0.3,31.0
0.12552,418.4,0.3,31.0
0.16736,418.4,0.4,31.0
0.2092,418.4,0.5,31.0
0.2092,418.4,0.5,31.0
0.04185,418.5,0.1,31.0
0.08368,418.4,0.2,31.0
0.12555,418.5,0.3,31.0
0.12555,418.5,0.3,31.0
0.20925,418.5,0.5,31.0
0.12555,418.5,0.3,31.0
0.75294,418.3,1.8,31.0
1.463,418.0,3.5,31.0
5.437810000000001,415.1,13.1,31.0
7.16739,414.3,17.3,31.0
7.351400000000001,413.0,17.8,31.0
4.6065,415.0,11.1,31.0
4.982399999999999,415.2,12.0,31.0
6.7051799999999995,413.9,16.2,31.0
6.82605,413.7,16.5,31.0
8.503680000000001,412.8,20.6,31.0
8.244,412.2,20.0,31.0
9.8832,411.8,24.0,31.0
10.275,411.0,25.0,31.0
12.587,410.0,30.7,31.0
10.0284,411.0,24.4,31.0
11.00676,410.7,26.8,31.0
8.1477,411.5,19.8,31.0
6.64608,412.8,16.1,31.0
3.61137,415.1,8.7,31.0
0.0,418.6,0.0,31.0
0.0,419.0,0.0,31.0
0.0,418.6,0.0,31.0
0.20905,418.1,0.5,31.0
0.12543,418.1,0.3,31.0
0.12546,418.2,0.3,31.0
0.16728,418.2,0.4,31.0
0.16732000000000002,418.3,0.4,31.0
0.2091,418.2,0.5,31.0
0.12546,418.2,0.3,31.0
0.16732000000000002,418.3,0.4,31.0
0.16732000000000002,418.3,0.4,31.0
0.12549,418.3,0.3,31.0
0.12549,418.3,0.3,31.0
0.20915,418.3,0.5,31.0
0.20915,418.3,0.5,31.0
0.16732000000000002,418.3,0.4,31.0
0.20915,418.3,0.5,31.0
0.16732000000000002,418.3,0.4,31.0
0.7940099999999999,417.9,1.9,31.0
0.75222,417.9,1.8,31.0
3.5496000000000003,417.6,8.5,31.0
5.722860000000001,414.7,13.8,31.0
6.0443999999999996,414.0,14.6,31.0
5.34705,414.5,12.9,31.0
5.059339999999999,414.7,12.2,31.0
5.3924,414.8,13.0,31.0
5.0995800000000004,414.6,12.3,31.0
5.3885,414.5,13.0,31.0
5.3859,414.3,13.0,31.0
5.594399999999999,414.4,13.5,31.0
5.3859,414.3,13.0,31.0
4.7702,414.8,11.5,31.0
5.102040000000001,414.8,12.3,31.0
5.35092,414.8,12.9,31.0
4.8105199999999995,414.7,11.6,31.0
4.06798,415.1,9.8,31.0
4.11444,415.6,9.9,31.0
4.194529999999999,415.3,10.1,31.0
3.1593199999999997,415.7,7.6,31.0
2.99592,416.1,7.2,31.0
1.7909499999999998,416.5,4.3,31.0
1.37676,417.2,3.3,31.0
2.0855,417.1,5.0,31.0
2.54187,416.7,6.1,32.0
3.58018,416.3,8.6,32.0
3.0375300000000003,416.1,7.3,32.0
3.70151,415.9,8.9,32.0
4.3595999999999995,415.2,10.5,32.0
4.72872,414.8,11.4,32.0
5.2227,414.5,12.6,32.0
5.306880000000001,414.6,12.8,32.0
5.01787,414.7,12.1,32.0
4.9764,414.7,12.0,32.0
4.6838500000000005,414.5,11.3,31.0
4.85082,414.6,11.7,31.0
5.30432,414.4,12.8,31.0
5.303040000000001,414.3,12.8,31.0
5.3833,414.1,13.0,31.0
5.7546,414.0,13.9,31.0
5.22018,414.3,12.6,31.0
6.45996,414.1,15.6,31.0
5.2953600000000005,413.7,12.8,31.0
4.265230000000001,414.1,10.3,31.0
4.110480000000001,415.2,9.9,32.0
4.02647,415.1,9.7,32.0
3.98496,415.1,9.6,32.0
1.54216,416.8,3.7,32.0
2.0006399999999998,416.8,4.8,32.0
3.1616,416.0,7.6,32.0
7.31187,413.1,17.7,32.0
4.67368,413.6,11.3,32.0
2.2874499999999998,415.9,5.5,32.0
2.7066,416.4,6.5,32.0
3.8244399999999996,415.7,9.2,32.0
6.9468000000000005,413.5,16.8,32.0
6.32961,413.7,15.3,32.0
3.23466,414.7,7.8,32.0
2.53821,416.1,6.1,32.0
2.4996000000000005,416.6,6.0,32.0
2.62269,416.3,6.3,32.0
2.45617,416.3,5.9,32.0
1.12644,417.2,2.7,32.0
0.2089,417.8,0.5,32.0
0.0,418.3,0.0,32.0
0.0,418.2,0.0,32.0
0.0,418.1,0.0,32.0
0.12543,418.1,0.3,32.0
0.12543,418.1,0.3,32.0
0.12543,418.1,0.3,32.0
0.16724,418.1,0.4,32.0
1.33824,418.2,3.2,32.0
5.8802200000000004,414.1,14.2,32.0
6.90044,413.2,16.7,32.0
6.03856,413.6,14.6,31.0
6.2912799999999995,413.9,15.2,31.0
5.21892,414.2,12.6,31.0
1.8683999999999998,415.2,4.5,31.0
1.33504,417.2,3.2,31.0
0.0,417.9,0.0,31.0
0.0,418.5,0.0,31.0
0.08364,418.2,0.2,31.0
0.12543,418.1,0.3,31.0
0.12543,418.1,0.3,31.0
2.66816,416.9,6.4,32.0
4.23912,415.6,10.2,32.0
0.7907799999999999,416.2,1.9,32.0
0.0,418.4,0.0,32.0
0.0,418.6,0.0,32.0
0.16728,418.2,0.4,32.0
0.16728,418.2,0.4,32.0
0.16728,418.2,0.4,32.0
0.04182,418.2,0.1,32.0
0.04182,418.2,0.1,32.0
0.12546,418.2,0.3,32.0
0.16728,418.2,0.4,32.0
0.12546,418.2,0.3,32.0
0.16728,418.2,0.4,32.0
1.0455,418.2,2.5,32.0
5.796,414.0,14.0,32.0
5.5916999999999994,414.2,13.5,32.0
0.87402,416.2,2.1,32.0
0.7524,418.0,1.8,32.0
1.8769500000000001,417.1,4.5,32.0
2.83152,416.4,6.8,32.0
2.499,416.5,6.0,32.0
2.70725,416.5,6.5,32.0
2.6233199999999997,416.4,6.3,32.0
2.70725,416.5,6.5,32.0
1.9580200000000003,416.6,4.7,32.0
0.0,418.6,0.0,32.0
0.0,418.5,0.0,32.0
0.041830000000000006,418.3,0.1,32.0
0.2091,418.2,0.5,32.0
2.0063999999999997,418.0,4.8,32.0
4.07386,415.7,9.8,32.0
2.7872000000000003,416.0,6.7,32.0
0.33432,417.9,0.8,32.0
0.3762,418.0,0.9,32.0
0.0,418.5,0.0,32.0
0.12549,418.3,0.3,32.0
0.20915,418.3,0.5,32.0
0.4182,418.2,1.0,32.0
4.3743,416.6,10.5,32.0
5.63992,414.7,13.6,32.0
5.63448,414.3,13.6,32.0
4.933740000000001,414.6,11.9,32.0
5.185,414.8,12.5,32.0
5.18375,414.7,12.5,32.0
6.58101,413.9,15.9,32.0
8.136099999999999,413.0,19.7,32.0
10.074399999999999,411.2,24.5,32.0
8.11049,411.7,19.7,32.0
6.127200000000001,414.0,14.8,32.0
6.3756,414.0,15.4,32.0
6.697079999999999,413.4,16.2,32.0
6.57465,413.5,15.9,32.0
7.38912,412.8,17.9,32.0
7.1018799999999995,412.9,17.2,32.0
6.9797,413.0,16.9,32.0
0.0,418.2,0.0,32.0
0.0,419.2,0.0,32.0
0.0,418.4,0.0,32.0
0.29259999999999997,418.0,0.7,32.0
0.25079999999999997,418.0,0.6,32.0
0.12539999999999998,418.0,0.3,32.0
0.12539999999999998,418.0,0.3,32.0
0.04181,418.1,0.1,32.0
0.16724,418.1,0.4,32.0
0.12543,418.1,0.3,32.0
0.20905,418.1,0.5,32.0
0.16724,418.1,0.4,32.0
0.12546,418.2,0.3,32.0
5.177,417.5,12.4,32.0
7.07085,413.5,17.1,32.0
7.31187,413.1,17.7,32.0
2.40236,414.2,5.8,32.0
4.0768,416.0,9.8,32.0
7.67195,414.7,18.5,32.0
9.111830000000001,412.3,22.1,32.0
10.354679999999998,410.9,25.2,32.0
7.077799999999999,411.5,17.2,32.0
5.30048,414.1,12.8,32.0
6.082859999999999,413.8,14.7,32.0
6.70032,413.6,16.2,31.0
6.488809999999999,413.3,15.7,31.0
6.40615,413.3,15.5,31.0
6.938400000000001,413.0,16.8,31.0
6.6096,413.1,16.0,31.0
5.62496,413.6,13.6,31.0
5.75182,413.8,13.9,31.0
2.98512,414.6,7.2,31.0
4.3212,415.5,10.4,31.0
5.18125,414.5,12.5,31.0
5.51285,414.5,13.3,31.0
5.70906,413.7,13.8,31.0
5.30048,414.1,12.8,31.0
2.19685,414.5,5.3,31.0
0.0,418.9,0.0,31.0
0.0,418.4,0.0,31.0
0.20895,417.9,0.5,31.0
0.12536999999999998,417.9,0.3,31.0
0.20895,417.9,0.5,31.0
0.04179,417.9,0.1,31.0
0.04179,417.9,0.1,32.0
0.12536999999999998,417.9,0.3,32.0
0.209,418.0,0.5,32.0
0.041800000000000004,418.0,0.1,32.0
0.209,418.0,0.5,32.0
1.503,417.5,3.6,32.0
1.8330400000000002,416.6,4.4,32.0
0.5839399999999999,417.1,1.4,32.0
0.0,418.2,0.0,32.0
0.5436599999999999,418.2,1.3,32.0
1.33824,418.2,3.2,32.0
3.8244399999999996,415.7,9.2,32.0
4.85316,414.8,11.7,32.0
3.81892,415.1,9.2,32.0
2.6176500000000003,415.5,6.3,32.0
2.78988,416.4,6.7,32.0
2.9134,416.2,7.0,32.0
3.0784000000000002,416.0,7.4,32.0
3.3272,415.9,8.0,32.0
2.912,416.0,7.0,32.0
3.28561,415.9,7.9,32.0
3.3687899999999997,415.9,8.1,32.0
3.6590400000000005,415.8,8.8,32.0
5.4714,414.5,13.2,32.0
6.90712,413.6,16.7,32.0
6.859120000000001,413.2,16.6,32.0
7.3927,413.0,17.9,32.0
6.938400000000001,413.0,16.8,32.0
6.6493,413.0,16.1,32.0
5.6208800000000005,413.3,13.6,32.0
1.58384,416.8,3.8,32.0
2.00112,416.9,4.8,32.0
2.0413400000000004,416.6,4.9,32.0
2.9134,416.2,7.0,32.0
3.49356,415.9,8.4,32.0
3.69617,415.3,8.9,32.0
3.3232,415.4,8.0,32.0
3.69795,415.5,8.9,32.0
4.607609999999999,415.1,11.1,32.0
5.43388,414.8,13.1,32.0
5.137320000000001,414.3,12.4,32.0
5.34318,414.2,12.9,32.0
4.2714099999999995,414.7,10.3,32.0
3.69884,415.6,8.9,32.0
3.4902,415.5,8.4,32.0
4.483080000000001,415.1,10.8,32.0
4.933740000000001,414.6,11.9,32.0
4.80588,414.3,11.6,32.0
5.09712,414.4,12.3,32.0
4.7241599999999995,414.4,11.4,32.0
3.5258000000000003,414.8,8.5,32.0
3.0754400000000004,415.6,7.4,32.0
3.3256,415.7,8.0,32.0
3.2001200000000005,415.6,7.7,32.0
3.19935,415.5,7.7,32.0
3.44782,415.4,8.3,32.0
1.29177,416.7,3.1,32.0
1.50084,416.9,3.6,32.0
2.7482399999999996,416.4,6.6,32.0
6.26348,414.8,15.1,32.0
8.004439999999999,412.6,19.4,32.0
6.312780000000001,412.6,15.3,32.0
4.719600000000001,414.0,11.4,32.0
4.642399999999999,414.5,11.2,32.0
5.4273299999999995,414.3,13.1,32.0
5.260339999999999,414.2,12.7,32.0
3.7322999999999995,414.7,9.0,32.0
2.9514699999999996,415.7,7.1,32.0
2.74428,415.8,6.6,32.0
1.70806,416.6,4.1,32.0
2.2069199999999998,416.4,5.3,32.0
2.20639,416.3,5.3,32.0
2.2891,416.2,5.5,32.0
2.12262,416.2,5.1,32.0
2.45558,416.2,5.9,32.0
2.33072,416.2,5.6,32.0
2.03987,416.3,4.9,32.0
1.45775,416.5,3.5,32.0
1.29239,416.9,3.1,32.0
1.4174599999999997,416.9,3.4,32.0
0.0,417.4,0.0,32.0
0.0,418.1,0.0,32.0
0.0,418.0,0.0,32.0
0.08358,417.9,0.2,32.0
5.70194,416.2,13.7,32.0
6.32043,413.1,15.3,32.0
5.08851,413.7,12.3,32.0
4.80704,414.4,11.6,32.0
4.72758,414.7,11.4,32.0
1.04125,416.5,2.5,32.0
1.6259099999999997,416.9,3.9,32.0
1.8751499999999999,416.7,4.5,32.0
2.1241499999999998,416.5,5.1,32.0
2.45558,416.2,5.9,32.0
2.53882,416.2,6.1,32.0
1.9154399999999998,416.4,4.6,32.0
0.29231999999999997,417.6,0.7,32.0
0.5846399999999999,417.6,1.4,32.0
0.9180600000000001,417.3,2.2,32.0
0.66768,417.3,1.6,32.0
0.0,418.1,0.0,32.0
0.04181,418.1,0.1,32.0
0.0,418.0,0.0,32.0
0.20895,417.9,0.5,32.0
0.08358,417.9,0.2,32.0
0.209,418.0,0.5,32.0
0.041800000000000004,418.0,0.1,32.0
0.16720000000000002,418.0,0.4,32.0
1.9646000000000001,418.0,4.7,32.0
2.03938,416.2,4.9,32.0
0.0,418.0,0.0,32.0
0.0,418.3,0.0,32.0
0.04181,418.1,0.1,32.0
0.209,418.0,0.5,32.0
0.12543,418.1,0.3,32.0
0.16720000000000002,418.0,0.4,32.0
0.16720000000000002,418.0,0.4,32.0
0.16720000000000002,418.0,0.4,32.0
0.209,418.0,0.5,32.0
0.16724,418.1,0.4,32.0
0.08362,418.1,0.2,32.0
0.209,418.0,0.5,32.0
0.29259999999999997,418.0,0.7,32.0
0.12543,418.1,0.3,32.0
0.16724,418.1,0.4,32.0
0.12543,418.1,0.3,32.0
0.12543,418.1,0.3,32.0
0.16724,418.1,0.4,32.0
0.08364,418.2,0.2,32.0
0.08362,418.1,0.2,32.0
1.3363200000000002,417.6,3.2,32.0
1.5443799999999999,417.4,3.7,32.0
1.7096999999999998,417.0,4.1,32.0
1.7101099999999998,417.1,4.1,32.0
1.5846,417.0,3.8,32.0
5.07398,415.9,12.2,32.0
5.0154499999999995,414.5,12.1,32.0
5.594399999999999,414.4,13.5,32.0
5.3846,414.2,13.0,32.0
5.0569,414.5,12.2,32.0
5.18125,414.5,12.5,32.0
5.22018,414.3,12.6,32.0
6.007350000000001,414.3,14.5,32.0
5.6304,414.0,13.6,32.0
6.04294,413.9,14.6,32.0
5.99865,413.7,14.5,32.0
6.413900000000001,413.8,15.5,32.0
5.95584,413.6,14.4,32.0
6.03856,413.6,14.6,32.0
5.8002,414.3,14.0,32.0
5.75738,414.2,13.9,32.0
1.6596,414.9,4.0,32.0
0.0,418.9,0.0,32.0
0.0,418.6,0.0,32.0
0.20905,418.1,0.5,32.0
0.25073999999999996,417.9,0.6,32.0
0.20895,417.9,0.5,32.0
0.12539999999999998,418.0,0.3,32.0
0.16720000000000002,418.0,0.4,32.0
0.12539999999999998,418.0,0.3,32.0
0.12539999999999998,418.0,0.3,32.0
0.20905,418.1,0.5,32.0
0.08360000000000001,418.0,0.2,32.0
0.16720000000000002,418.0,0.4,32.0
0.209,418.0,0.5,32.0
1.4616000000000002,417.6,3.5,32.0
4.11939,416.1,9.9,32.0
3.8226,415.5,9.2,32.0
3.24324,415.8,7.8,32.0
2.62143,416.1,6.3,32.0
2.74758,416.3,6.6,32.0
3.9510499999999995,415.9,9.5,32.0
5.3924,414.8,13.0,32.0
5.42995,414.5,13.1,32.0
5.46744,414.2,13.2,32.0
7.35674,413.3,17.8,32.0
9.12067,412.7,22.1,32.0
8.76708,411.6,21.3,32.0
8.355480000000002,411.6,20.3,32.0
8.39664,411.6,20.4,32.0
7.17054,412.1,17.4,32.0
7.95932,412.4,19.3,32.0
6.4778199999999995,412.6,15.7,32.0
5.0569,414.5,12.2,32.0
5.510190000000001,414.3,13.3,32.0
5.7546,414.0,13.9,32.0
5.671799999999999,414.0,13.7,32.0
5.9587200000000005,413.8,14.4,32.0
5.1336,414.0,12.4,32.0
3.6476,414.5,8.8,32.0
0.9147600000000001,415.8,2.2,32.0
0.0,418.5,0.0,32.0
0.0,418.2,0.0,32.0
0.16712,417.8,0.4,32.0
0.16712,417.8,0.4,32.0
0.12534,417.8,0.3,32.0
0.16712,417.8,0.4,32.0
0.12534,417.8,0.3,32.0
0.16716,417.9,0.4,32.0
0.20895,417.9,0.5,32.0
0.12536999999999998,417.9,0.3,32.0
0.12536999999999998,417.9,0.3,32.0
0.04179,417.9,0.1,32.0
0.16716,417.9,0.4,32.0
2.0049599999999996,417.7,4.8,32.0
2.4972,416.2,6.0,32.0
2.1647600000000002,416.3,5.2,32.0
2.99808,416.4,7.2,32.0
2.7878700000000003,416.1,6.7,32.0
3.24168,415.6,7.8,32.0
3.2848200000000003,415.8,7.9,32.0
3.2016600000000004,415.8,7.7,32.0
3.24168,415.6,7.8,32.0
3.3671699999999998,415.7,8.1,32.0
3.24246,415.7,7.8,32.0
2.78586,415.8,6.7,32.0
1.9996800000000001,416.6,4.8,32.0
2.4996000000000005,416.6,6.0,32.0
2.74692,416.2,6.6,32.0
4.7702,414.8,11.5,32.0
4.563899999999999,414.9,11.0,32.0
5.7546,414.0,13.9,32.0
7.60104,413.1,18.4,32.0
7.50932,412.6,18.2,32.0
6.768279999999999,412.7,16.4,32.0
7.38912,412.8,17.9,32.0
6.68898,412.9,16.2,32.0
3.6026700000000003,414.1,8.7,32.0
2.2464,416.0,5.4,32.0
1.7084699999999997,416.7,4.1,32.0
1.87425,416.5,4.5,32.0
2.41396,416.2,5.8,32.0
2.7053,416.2,6.5,32.0
4.94088,415.2,11.9,32.0
5.511520000000001,414.4,13.3,32.0
5.25653,413.9,12.7,32.0
6.2468699999999995,413.7,15.1,32.0
6.035639999999999,413.4,14.6,32.0
6.74005,413.5,16.3,32.0
5.95584,413.6,14.4,32.0
5.1336,414.0,12.4,32.0
4.147,414.7,10.0,32.0
3.7340999999999998,414.9,9.0,32.0
2.3318399999999997,416.4,5.6,32.0
2.2885500000000003,416.1,5.5,32.0
2.6201699999999994,415.9,6.3,32.0
3.1593199999999997,415.7,7.6,32.0
3.03388,415.6,7.3,32.0
3.15856,415.6,7.6,32.0
2.61891,415.7,6.3,32.0
1.29053,416.3,3.1,32.0
0.66784,417.4,1.6,32.0
0.66784,417.4,1.6,32.0
1.08498,417.3,2.6,32.0
2.62458,416.6,6.3,32.0
3.3687899999999997,415.9,8.1,32.0
5.10081,414.7,12.3,32.0
6.17158,414.2,14.9,32.0
7.0227,413.1,17.0,32.0
3.48096,414.4,8.4,32.0
1.3741199999999998,416.4,3.3,32.0
1.5834599999999999,416.7,3.8,32.0
2.4972,416.2,6.0,32.0
2.86833,415.7,6.9,32.0
3.98496,415.1,9.6,32.0
3.1562799999999998,415.3,7.6,32.0
1.5830799999999998,416.6,3.8,32.0
1.9163599999999998,416.6,4.6,32.0
1.8738,416.4,4.5,32.0
2.12313,416.3,5.1,32.0
2.7449399999999997,415.9,6.6,32.0
0.95795,416.5,2.3,32.0
0.20875,417.5,0.5,32.0
0.0,418.1,0.0,32.0
0.08358,417.9,0.2,32.0
0.12534,417.8,0.3,32.0
0.33416,417.7,0.8,32.0
1.1256300000000001,416.9,2.7,32.0
0.0,417.5,0.0,32.0
0.0,418.0,0.0,32.0
0.12536999999999998,417.9,0.3,32.0
6.61917,416.3,15.9,32.0
7.54875,412.5,18.3,32.0
8.52012,411.6,20.7,32.0
7.99668,412.2,19.4,32.0
7.132790000000001,412.3,17.3,32.0
5.61952,413.2,13.6,32.0
6.040019999999999,413.7,14.6,32.0
5.828939999999999,413.4,14.1,32.0
5.33802,413.8,12.9,32.0
5.83458,413.8,14.1,32.0
1.7849300000000001,415.1,4.3,32.0
0.0,417.7,0.0,32.0
0.0,418.5,0.0,32.0
0.0,417.9,0.0,32.0
0.04177,417.7,0.1,32.0
0.0,417.7,0.0,32.0
0.04178,417.8,0.1,32.0
0.16712,417.8,0.4,32.0
0.0,417.8,0.0,32.0
0.16712,417.8,0.4,32.0
0.0,417.8,0.0,32.0
0.04178,417.8,0.1,32.0
0.12534,417.8,0.3,32.0
0.04178,417.8,0.1,32.0
0.12536999999999998,417.9,0.3,32.0
0.4178,417.8,1.0,32.0
0.7095799999999999,417.4,1.7,32.0
0.70975,417.5,1.7,32.0
2.839,417.5,6.8,32.0
3.8244399999999996,415.7,9.2,32.0
4.316,415.0,10.4,32.0
3.61224,415.2,8.7,32.0
3.03461,415.7,7.3,32.0
1.6223999999999998,416.0,3.9,32.0
1.50048,416.8,3.6,32.0
1.95849,416.7,4.7,32.0
1.1253600000000001,416.8,2.7,32.0
1.12644,417.2,2.7,32.0
0.0,417.7,0.0,32.0
0.0,418.0,0.0,32.0
0.16716,417.9,0.4,32.0
0.25068,417.8,0.6,32.0
0.25068,417.8,0.6,32.0
0.2089,417.8,0.5,32.0
0.25068,417.8,0.6,32.0
0.50136,417.8,1.2,32.0
0.4177,417.7,1.0,32.0
0.5012399999999999,417.7,1.2,32.0
1.75098,416.9,4.2,32.0
5.19125,415.3,12.5,32.0
4.642399999999999,414.5,11.2,32.0
4.2724400000000005,414.8,10.3,32.0
4.02647,415.1,9.7,32.0
4.152,415.2,10.0,32.0
4.23096,414.8,10.2,32.0
5.05812,414.6,12.2,32.0
7.0261000000000005,413.3,17.0,32.0
7.59184,412.6,18.4,32.0
7.5075,412.5,18.2,32.0
7.13971,412.7,17.3,32.0
7.0108,412.4,17.0,32.0
7.63495,412.7,18.5,32.0
7.71375,412.5,18.7,32.0
6.68736,412.8,16.2,32.0
6.201,413.4,15.0,32.0
4.67255,413.5,11.3,32.0
0.0,417.3,0.0,32.0
0.0,418.6,0.0,32.0
0.12536999999999998,417.9,0.3,32.0
0.25061999999999995,417.7,0.6,32.0
0.16708,417.7,0.4,32.0
0.12530999999999998,417.7,0.3,32.0
0.08354,417.7,0.2,32.0
0.12534,417.8,0.3,32.0
0.2089,417.8,0.5,32.0
0.12534,417.8,0.3,32.0
0.04178,417.8,0.1,32.0
0.08356,417.8,0.2,32.0
0.04178,417.8,0.1,32.0
3.24324,415.8,7.8,32.0
3.9019400000000006,415.1,9.4,32.0
3.4885200000000003,415.3,8.4,32.0
3.324,415.5,8.0,32.0
5.1522,415.5,12.4,32.0
7.31187,413.1,17.7,32.0
8.52633,411.9,20.7,32.0
8.85155,411.7,21.5,32.0
8.728039999999998,411.7,21.2,32.0
7.505679999999999,412.4,18.2,32.0
6.44592,413.2,15.6,32.0
7.394489999999999,413.1,17.9,32.0
10.192800000000002,411.0,24.8,32.0
9.4484,410.8,23.0,32.0
7.7025299999999985,411.9,18.7,32.0
8.60662,411.8,20.9,32.0
8.604529999999999,411.7,20.9,32.0
9.135299999999999,411.5,22.2,32.0
8.476900000000002,411.5,20.6,32.0
8.40072,411.8,20.4,32.0
7.4535800000000005,411.8,18.1,32.0
3.6792599999999998,413.4,8.9,32.0
1.1221200000000002,415.6,2.7,32.0
0.0,418.7,0.0,32.0
0.0,418.1,0.0,32.0
0.0835,417.5,0.2,32.0
0.2087,417.4,0.5,32.0
0.20875,417.5,0.5,32.0
0.04175,417.5,0.1,32.0
0.8346,417.3,2.0,32.0
0.7507800000000001,417.1,1.8,32.0
0.5423600000000001,417.2,1.3,32.0
0.0,417.6,0.0,32.0
0.04177,417.7,0.1,32.0
0.16704000000000002,417.6,0.4,32.0
0.2088,417.6,0.5,32.0
0.08352000000000001,417.6,0.2,32.0
0.12530999999999998,417.7,0.3,32.0
0.20885,417.7,0.5,32.0
0.12530999999999998,417.7,0.3,32.0
0.75186,417.7,1.8,32.0
1.9159,416.5,4.6,32.0
1.5830799999999998,416.6,3.8,32.0
1.3757699999999997,416.9,3.3,32.0
0.5840799999999999,417.2,1.4,32.0
0.29225,417.5,0.7,32.0
0.62625,417.5,1.5,32.0
0.8348,417.4,2.0,32.0
1.9182,417.0,4.6,32.0
2.37405,416.5,5.7,32.0
2.45558,416.2,5.9,32.0
2.12262,416.2,5.1,32.0
3.12,416.0,7.5,32.0
4.69289,415.3,11.3,32.0
7.0346,413.8,17.0,32.0
8.000559999999998,412.4,19.4,32.0
7.29948,412.4,17.7,32.0
7.18272,412.8,17.4,32.0
7.10016,412.8,17.2,32.0
7.381959999999999,412.4,17.9,32.0
5.900180000000001,412.6,14.3,32.0
5.1725,413.8,12.5,32.0
2.03546,415.4,4.9,32.0
1.99728,416.1,4.8,32.0
3.40956,415.8,8.2,32.0
3.36312,415.2,8.1,32.0
5.262879999999999,414.4,12.7,32.0
5.67043,413.9,13.7,32.0
5.71044,413.8,13.8,32.0
5.58495,413.7,13.5,32.0
5.87738,413.9,14.2,32.0
6.041480000000001,413.8,14.6,32.0
5.66632,413.6,13.7,32.0
6.035639999999999,413.4,14.6,32.0
5.50221,413.7,13.3,32.0
6.48724,413.2,15.7,32.0
8.53461,412.3,20.7,32.0
7.252960000000001,412.1,17.6,32.0
7.8318,412.2,19.0,32.0
7.4214,412.3,18.0,32.0
7.29948,412.4,17.7,32.0
2.1942,414.0,5.3,32.0
2.53516,415.6,6.1,32.0
0.5000399999999999,416.7,1.2,32.0
5.86137,415.7,14.1,32.0
6.522240000000001,412.8,15.8,32.0
0.62175,414.5,1.5,32.0
0.0,418.4,0.0,32.0
0.0,418.1,0.0,32.0
5.4132,416.4,13.0,32.0
8.114429999999999,411.9,19.7,32.0
8.1477,411.5,19.8,32.0
2.76442,412.6,6.7,32.0
7.0499,414.7,17.0,32.0
8.27919,411.9,20.1,32.0
7.2924,412.0,17.7,32.0
1.4918399999999998,414.4,3.6,32.0
0.0,416.7,0.0,32.0
0.0,418.3,0.0,32.0
0.0,418.2,0.0,32.0
0.2087,417.4,0.5,32.0
0.16696,417.4,0.4,32.0
0.04175,417.5,0.1,32.0
0.0,417.5,0.0,32.0
0.20875,417.5,0.5,32.0
0.04175,417.5,0.1,32.0
3.6520000000000006,415.0,8.8,32.0
5.476679999999999,414.9,13.2,32.0
8.6835,413.5,21.0,32.0
7.412400000000001,411.8,18.0,32.0
2.6496000000000004,414.0,6.4,32.0
2.78586,415.8,6.7,32.0
3.65552,415.4,8.8,32.0
4.4733600000000004,414.2,10.8,32.0
3.36393,415.3,8.1,32.0
1.6616,415.4,4.0,32.0
0.0,418.1,0.0,32.0
0.0,417.9,0.0,32.0
0.04177,417.7,0.1,32.0
0.04175,417.5,0.1,32.0
0.0,417.5,0.0,32.0
0.167,417.5,0.4,32.0
4.499280000000001,416.6,10.8,32.0
6.04732,414.2,14.6,32.0
5.91305,413.5,14.3,32.0
3.0200099999999996,413.7,7.3,32.0
0.0,418.4,0.0,32.0
0.0,418.5,0.0,32.0
0.04177,417.7,0.1,32.0
0.29217999999999994,417.4,0.7,32.0
0.167,417.5,0.4,32.0
0.12528,417.6,0.3,32.0
0.16704000000000002,417.6,0.4,32.0
0.12528,417.6,0.3,32.0
0.0,417.6,0.0,32.0
0.12528,417.6,0.3,32.0
0.12528,417.6,0.3,32.0
0.45936000000000005,417.6,1.1,32.0
4.998,416.5,12.0,32.0
8.106560000000002,413.6,19.6,32.0
8.236,411.8,20.0,32.0
6.34942,412.3,15.4,32.0
4.92422,413.8,11.9,32.0
2.4514500000000004,415.5,5.9,32.0
1.9552,416.0,4.7,32.0
1.99728,416.1,4.8,32.0
0.0,417.8,0.0,32.0
0.0,418.0,0.0,32.0
0.04178,417.8,0.1,32.0
0.04175,417.5,0.1,32.0
0.167,417.5,0.4,32.0
0.12528,417.6,0.3,32.0
0.041760000000000005,417.6,0.1,32.0
0.08352000000000001,417.6,0.2,32.0
0.16704000000000002,417.6,0.4,32.0
0.16704000000000002,417.6,0.4,32.0
1.21104,417.6,2.9,32.0
5.68961,415.3,13.7,32.0
8.0948,413.0,19.6,32.0
5.86176,412.8,14.2,32.0
4.26832,414.4,10.3,32.0
4.64576,414.8,11.2,32.0
4.76675,414.5,11.5,32.0
6.541200000000001,414.0,15.8,32.0
8.398679999999999,411.7,20.4,32.0
9.01623,411.7,21.9,32.0
9.286340000000001,410.9,22.6,32.0
9.25875,411.5,22.5,32.0
5.86176,412.8,14.2,32.0
6.07257,413.1,14.7,32.0
6.15221,412.9,14.9,32.0
6.36328,413.2,15.4,32.0
5.8261199999999995,413.2,14.1,32.0
3.6423200000000002,413.9,8.8,32.0
0.0,417.8,0.0,32.0
0.0,418.1,0.0,32.0
0.0,417.7,0.0,32.0
0.16696,417.4,0.4,32.0
0.12522,417.4,0.3,32.0
0.08348,417.4,0.2,32.0
0.12525,417.5,0.3,32.0
0.167,417.5,0.4,32.0
0.08352000000000001,417.6,0.2,32.0
0.12525,417.5,0.3,32.0
0.20875,417.5,0.5,32.0
0.167,417.5,0.4,32.0
0.167,417.5,0.4,32.0
0.20875,417.5,0.5,32.0
1.92096,417.6,4.6,32.0
7.97862,413.4,19.3,32.0
8.15166,411.7,19.8,32.0
0.6211500000000001,414.1,1.5,32.0
0.0,417.7,0.0,32.0
0.9198200000000002,418.1,2.2,32.0
5.30816,414.7,12.8,32.0
8.44395,411.9,20.5,32.0
8.69109,411.9,21.1,32.0
8.84295,411.3,21.5,32.0
9.13308,411.4,22.2,32.0
8.470720000000002,411.2,20.6,32.0
7.17054,412.1,17.4,32.0
7.3748,412.0,17.9,32.0
6.2363,413.0,15.1,32.0
7.021,413.0,17.0,32.0
6.48253,412.9,15.7,32.0
6.642860000000001,412.6,16.1,32.0
7.2617600000000015,412.6,17.6,32.0
8.244,412.2,20.0,32.0
7.371219999999999,411.8,17.9,32.0
7.54326,412.2,18.3,32.0
6.34788,412.2,15.4,32.0
0.0,417.0,0.0,32.0
0.0,418.2,0.0,32.0
0.0,417.7,0.0,32.0
0.33376,417.2,0.8,32.0
0.20865,417.3,0.5,32.0
0.04173,417.3,0.1,32.0
0.16692,417.3,0.4,32.0
3.50616,417.4,8.4,32.0
4.18342,414.2,10.1,32.0
1.743,415.0,4.2,32.0
0.0,417.9,0.0,32.0
0.0,417.7,0.0,32.0
0.2087,417.4,0.5,32.0
0.2087,417.4,0.5,32.0
3.44782,415.4,8.3,32.0
2.8233599999999996,415.2,6.8,32.0
2.36892,415.6,5.7,32.0
2.74428,415.8,6.6,32.0
2.32848,415.8,5.6,32.0
3.28403,415.7,7.9,32.0
4.482,415.0,10.8,32.0
6.730269999999999,412.9,16.3,32.0
7.0091,412.3,17.0,32.0
6.72864,412.8,16.3,32.0
6.195,413.0,15.0,32.0
4.142,414.2,10.0,32.0
4.59651,414.1,11.1,32.0
5.216399999999999,414.0,12.6,32.0
4.88166,413.7,11.8,32.0
5.70768,413.6,13.8,32.0
9.302160000000002,411.6,22.6,32.0
8.18089,411.1,19.9,32.0
7.898879999999999,411.4,19.2,32.0
8.069320000000001,411.7,19.6,32.0
5.322540000000001,412.6,12.9,32.0
2.8931,413.3,7.0,32.0
1.1248200000000002,416.6,2.7,32.0
1.2491999999999999,416.4,3.0,32.0
4.7053199999999995,416.4,11.3,32.0
7.59552,412.8,18.4,32.0
6.55716,412.4,15.9,32.0
6.23328,412.8,15.1,32.0
6.5635200000000005,412.8,15.9,32.0
6.768279999999999,412.7,16.4,32.0
6.887079999999999,412.4,16.7,32.0
6.764999999999999,412.5,16.4,32.0
6.10648,412.6,14.8,32.0
5.863179999999999,412.9,14.2,32.0
6.519080000000001,412.6,15.8,32.0
6.6,412.5,16.0,32.0
7.21875,412.5,17.5,32.0
6.88541,412.3,16.7,32.0
4.871040000000001,412.8,11.8,32.0
3.4013599999999995,414.8,8.2,32.0
3.4843200000000003,414.8,8.4,32.0
1.90808,414.8,4.6,32.0
1.37346,416.2,3.3,32.0
1.99728,416.1,4.8,32.0
2.12058,415.8,5.1,32.0
0.9152,416.0,2.2,32.0
0.0,416.8,0.0,32.0
0.0,417.5,0.0,32.0
0.70941,417.3,1.7,32.0
3.77923,415.3,9.1,32.0
3.4005399999999995,414.7,8.2,32.0
2.7825100000000003,415.3,6.7,32.0
2.7001,415.4,6.5,32.0
2.5339399999999994,415.4,6.1,32.0
3.114,415.2,7.5,32.0
1.20524,415.6,2.9,32.0
0.62535,416.9,1.5,32.0
0.0,417.1,0.0,32.0
0.0,417.4,0.0,32.0
0.50076,417.3,1.2,32.0
2.084,416.8,5.0,32.0
2.2442400000000005,415.6,5.4,32.0
0.33352,416.9,0.8,32.0
0.1251,417.0,0.3,32.0
0.04175,417.5,0.1,32.0
0.16692,417.3,0.4,32.0
0.8759100000000001,417.1,2.1,32.0
1.9566100000000002,416.3,4.7,32.0
1.5815599999999999,416.2,3.8,32.0
1.54068,416.4,3.7,32.0
1.45705,416.3,3.5,32.0
1.7905199999999997,416.4,4.3,32.0
3.7765,415.0,9.1,32.0
4.438359999999999,414.8,10.7,32.0
3.93775,414.5,9.5,32.0
3.69083,414.7,8.9,32.0
3.5258000000000003,414.8,8.5,32.0
3.8991200000000004,414.8,9.4,32.0
3.93965,414.7,9.5,32.0
4.18948,414.8,10.1,32.0
2.98656,414.8,7.2,32.0
2.7001,415.4,6.5,32.0
1.29022,416.2,3.1,32.0
0.29169,416.7,0.7,32.0
0.0,417.8,0.0,32.0
0.0,417.5,0.0,32.0
0.16696,417.4,0.4,32.0
0.12519,417.3,0.3,32.0
0.16696,417.4,0.4,32.0
0.08348,417.4,0.2,32.0
0.50064,417.2,1.2,32.0
1.7931,417.0,4.3,32.0
2.28965,416.3,5.5,32.0
3.1570399999999994,415.4,7.6,32.0
2.2858,415.6,5.5,32.0
0.5835199999999999,416.8,1.4,32.0
0.0,417.8,0.0,32.0
0.12530999999999998,417.7,0.3,32.0
0.4173,417.3,1.0,32.0
0.45892,417.2,1.1,32.0
0.8344,417.2,2.0,32.0
1.9991999999999999,416.5,4.8,32.0
1.8317200000000002,416.3,4.4,32.0
2.6624,416.0,6.4,32.0
3.4038199999999996,415.1,8.2,32.0
3.24012,415.4,7.8,32.0
2.74164,415.4,6.6,32.0
3.19935,415.5,7.7,32.0
3.03315,415.5,7.3,32.0
0.9143200000000001,415.6,2.2,32.0
0.0,417.9,0.0,32.0
0.0,417.9,0.0,32.0
0.16704000000000002,417.6,0.4,32.0
0.16696,417.4,0.4,32.0
0.12522,417.4,0.3,32.0
0.167,417.5,0.4,32.0
0.12525,417.5,0.3,32.0
0.167,417.5,0.4,32.0
1.169,417.5,2.8,32.0
4.73784,415.6,11.4,32.0
7.31187,413.1,17.7,32.0
8.604529999999999,411.7,20.9,32.0
2.77648,414.4,6.7,32.0
3.03388,415.6,7.3,32.0
3.8179999999999996,415.0,9.2,32.0
4.146,414.6,10.0,32.0
2.9057000000000004,415.1,7.0,32.0
3.0754400000000004,415.6,7.4,32.0
3.1578,415.5,7.6,32.0
3.8198399999999997,415.2,9.2,32.0
4.39582,414.7,10.6,32.0
4.39476,414.6,10.6,32.0
3.8963,414.5,9.4,32.0
2.2426200000000005,415.3,5.4,32.0
2.45381,415.9,5.9,32.0
4.02938,415.4,9.7,32.0
4.147,414.7,10.0,32.0
3.8143199999999995,414.6,9.2,32.0
2.11854,415.4,5.1,32.0
0.0,417.1,0.0,32.0
0.0,417.9,0.0,32.0
0.0,417.7,0.0,32.0
0.2087,417.4,0.5,32.0
0.12522,417.4,0.3,32.0
0.2087,417.4,0.5,32.0
0.167,417.5,0.4,32.0
0.12525,417.5,0.3,32.0
0.12525,417.5,0.3,32.0
0.29225,417.5,0.7,32.0
4.28068,415.6,10.3,32.0
3.56556,414.6,8.6,32.0
1.5781399999999999,415.3,3.8,32.0
0.0,418.0,0.0,32.0
0.0,418.0,0.0,32.0
0.2088,417.6,0.5,32.0
0.20875,417.5,0.5,32.0
0.0835,417.5,0.2,32.0
0.2088,417.6,0.5,32.0
3.1669199999999997,416.7,7.6,32.0
5.5476,414.0,13.4,32.0
5.3768,413.6,13.0,32.0
4.843799999999999,414.0,11.7,32.0
5.05324,414.2,12.2,32.0
5.17625,414.1,12.5,32.0
5.382,414.0,13.0,32.0
6.243849999999999,413.5,15.1,32.0
6.2423399999999996,413.4,15.1,32.0
6.568290000000001,413.1,15.9,32.0
6.276079999999999,412.9,15.2,32.0
6.39685,412.7,15.5,32.0
6.03418,413.3,14.6,32.0
5.828939999999999,413.4,14.1,32.0
5.91162,413.4,14.3,32.0
6.404599999999999,413.2,15.5,32.0
5.03982,413.1,12.2,32.0
5.1725,413.8,12.5,32.0
2.61513,415.1,6.3,32.0
2.9500499999999996,415.5,7.1,32.0
1.2883600000000002,415.6,3.1,32.0
0.8332,416.6,2.0,32.0
0.0,417.8,0.0,32.0
0.0,417.6,0.0,32.0
0.16696,417.4,0.4,32.0
0.16692,417.3,0.4,32.0
0.16696,417.4,0.4,32.0
0.12522,417.4,0.3,32.0
0.16696,417.4,0.4,32.0
0.2087,417.4,0.5,32.0
0.16696,417.4,0.4,32.0
0.16696,417.4,0.4,32.0
0.167,417.5,0.4,32.0
0.167,417.5,0.4,32.0
0.12525,417.5,0.3,32.0
0.167,417.5,0.4,32.0
0.12525,417.5,0.3,32.0
2.20798,416.6,5.3,32.0
4.316,415.0,10.4,32.0
4.47768,414.6,10.8,32.0
4.51914,414.6,10.9,32.0
3.9811199999999998,414.7,9.6,32.0
4.065040000000001,414.8,9.8,32.0
3.89818,414.7,9.4,32.0
3.93965,414.7,9.5,32.0
4.065040000000001,414.8,9.8,32.0
3.98208,414.8,9.6,32.0
4.23096,414.8,10.2,32.0
4.847309999999999,414.3,11.7,32.0
5.506200000000001,414.0,13.3,32.0
7.1757599999999995,412.4,17.4,32.0
7.464440000000001,412.4,18.1,32.0
7.86729,411.9,19.1,32.0
7.168799999999999,412.0,17.4,32.0
6.63964,412.4,16.1,32.0
5.4103,413.0,13.1,32.0
3.89818,414.7,9.4,32.0
1.12428,416.4,2.7,32.0
1.9149799999999997,416.3,4.6,32.0
0.4163,416.3,1.0,32.0
1.54216,416.8,3.7,32.0
2.912,416.0,7.0,32.0
3.1962700000000006,415.1,7.7,32.0
3.65376,415.2,8.8,32.0
3.9811199999999998,414.7,9.6,32.0
4.06308,414.6,9.8,32.0
4.02356,414.8,9.7,32.0
5.8717,413.5,14.2,32.0
5.74209,413.1,13.9,32.0
5.332859999999999,413.4,12.9,32.0
3.6476,414.5,8.8,32.0
4.19049,414.9,10.1,32.0
3.8963,414.5,9.4,32.0
3.0695200000000002,414.8,7.4,32.0
2.86281,414.9,6.9,32.0
3.5275,415.0,8.5,32.0
3.4029999999999996,415.0,8.2,32.0
3.48516,414.9,8.4,32.0
3.02877,414.9,7.3,32.0
1.3731300000000002,416.1,3.3,32.0
1.9136,416.0,4.6,32.0
0.9577199999999999,416.4,2.3,32.0
1.1250900000000001,416.7,2.7,32.0
2.99088,415.4,7.2,32.0
2.7422999999999997,415.5,6.6,32.0
0.0,416.8,0.0,32.0
0.4172,417.2,1.0,32.0
1.2507,416.9,3.0,32.0
4.488480000000001,415.6,10.8,32.0
5.1675,413.4,12.5,32.0
4.426589999999999,413.7,10.7,32.0
3.27692,414.8,7.9,32.0
3.28008,415.2,7.9,32.0
2.32456,415.1,5.6,32.0
1.41576,416.4,3.4,32.0
0.33320000000000005,416.5,0.8,32.0
0.4172,417.2,1.0,32.0
0.50052,417.1,1.2,32.0
0.08346,417.3,0.2,32.0
0.37548000000000004,417.2,0.9,32.0
0.9593299999999999,417.1,2.3,32.0
1.7068299999999998,416.3,4.1,32.0
1.37346,416.2,3.3,32.0
1.3328000000000002,416.5,3.2,32.0
1.29115,416.5,3.1,32.0
1.58232,416.4,3.8,32.0
1.2498000000000002,416.6,3.0,32.0
1.45775,416.5,3.5,32.0
2.6630400000000005,416.1,6.4,32.0
3.9387000000000003,414.6,9.5,32.0
0.0,416.0,0.0,32.0
0.0,418.0,0.0,32.0
0.0,417.6,0.0,32.0
0.16696,417.4,0.4,32.0
6.391,415.0,15.4,32.0
8.1675,412.5,19.8,32.0
8.82575,410.5,21.5,32.0
8.14176,411.2,19.8,32.0
7.22225,412.7,17.5,32.0
6.314310000000001,412.7,15.3,32.0
5.33028,413.2,12.9,32.0
4.222799999999999,414.0,10.2,32.0
4.02065,414.5,9.7,32.0
4.06308,414.6,9.8,32.0
3.89348,414.2,9.4,32.0
4.35015,414.3,10.5,32.0
4.349099999999999,414.2,10.5,32.0
3.85299,414.3,9.3,32.0
3.85299,414.3,9.3,32.0
0.0,415.6,0.0,32.0
0.0,418.0,0.0,32.0
0.0,417.7,0.0,32.0
0.20865,417.3,0.5,32.0
0.12519,417.3,0.3,32.0
0.08346,417.3,0.2,32.0
0.16692,417.3,0.4,32.0
0.12519,417.3,0.3,32.0
0.16692,417.3,0.4,32.0
0.12519,417.3,0.3,32.0
0.12522,417.4,0.3,32.0
0.16692,417.3,0.4,32.0
0.2087,417.4,0.5,32.0
0.25044,417.4,0.6,32.0
4.194529999999999,415.3,10.1,32.0
3.89442,414.3,9.4,32.0
3.48516,414.9,8.4,32.0
0.0,417.6,0.0,32.0
0.0,417.9,0.0,32.0
0.08352000000000001,417.6,0.2,32.0
0.25044,417.4,0.6,32.0
0.25044,417.4,0.6,32.0
0.16696,417.4,0.4,32.0
0.12522,417.4,0.3,32.0
0.8348,417.4,2.0,32.0
1.49868,416.3,3.6,32.0
0.0417,417.0,0.1,32.0
0.0,417.7,0.0,32.0
0.041760000000000005,417.6,0.1,32.0
0.167,417.5,0.4,32.0
0.167,417.5,0.4,32.0
0.5840799999999999,417.2,1.4,32.0
0.8344,417.2,2.0,32.0
3.2887700000000004,416.3,7.9,32.0
5.02271,415.1,12.1,32.0
6.77484,413.1,16.4,32.0
7.75312,412.4,18.8,32.0
10.3075,412.3,25.0,32.0
11.685,410.0,28.5,32.0
8.600349999999999,411.5,20.9,32.0
7.57344,411.6,18.4,32.0
4.885200000000001,414.0,11.8,32.0
5.91305,413.5,14.3,32.0
6.3984000000000005,412.8,15.5,32.0
7.584479999999999,412.2,18.4,32.0
9.377640000000001,411.3,22.8,32.0
8.71532,411.1,21.2,32.0
5.16625,413.3,12.5,32.0
1.4493500000000001,414.1,3.5,32.0
0.0,418.2,0.0,32.0
0.0,417.9,0.0,32.0
0.04174,417.4,0.1,32.0
0.25026,417.1,0.6,32.0
0.16688,417.2,0.4,32.0
0.20865,417.3,0.5,32.0
0.08344,417.2,0.2,32.0
0.20865,417.3,0.5,32.0
0.08346,417.3,0.2,32.0
0.12519,417.3,0.3,32.0
0.20865,417.3,0.5,32.0
0.20865,417.3,0.5,32.0
0.16692,417.3,0.4,32.0
0.12522,417.4,0.3,32.0
0.8759100000000001,417.1,2.1,32.0
4.11741,415.9,9.9,32.0
3.8557800000000007,414.6,9.3,32.0
3.4453300000000002,415.1,8.3,32.0
0.0,417.8,0.0,32.0
0.0,417.9,0.0,32.0
2.04232,416.8,4.9,32.0
1.53957,416.1,3.7,32.0
0.50064,417.2,1.2,32.0
3.2039700000000004,416.1,7.7,32.0
4.18847,414.7,10.1,32.0
3.89818,414.7,9.4,32.0
3.69261,414.9,8.9,32.0
3.9811199999999998,414.7,9.6,32.0
5.01787,414.7,12.1,32.0
5.794599999999999,413.9,14.0,32.0
5.660839999999999,413.2,13.7,32.0
5.827529999999999,413.3,14.1,32.0
5.4582,413.5,13.2,32.0
5.2953600000000005,413.7,12.8,32.0
5.33802,413.8,12.9,32.0
5.45952,413.6,13.2,32.0
5.3742,413.4,13.0,32.0
5.49556,413.2,13.3,32.0
5.540900000000001,413.5,13.4,32.0
3.7232999999999996,413.7,9.0,32.0
1.32992,415.6,3.2,32.0
1.62357,416.3,3.9,32.0
2.1632000000000002,416.0,5.2,32.0
2.86695,415.5,6.9,32.0
3.4876799999999997,415.2,8.4,32.0
3.23622,414.9,7.8,32.0
1.53661,415.3,3.7,32.0
0.0,417.8,0.0,32.0
0.0,417.6,0.0,32.0
0.20865,417.3,0.5,32.0
0.2086,417.2,0.5,32.0
0.08344,417.2,0.2,32.0
1.08498,417.3,2.6,32.0
1.78751,415.7,4.3,32.0
0.8748600000000001,416.6,2.1,32.0
0.8336,416.8,2.0,32.0
1.5834599999999999,416.7,3.8,32.0
2.9507600000000003,415.6,7.1,32.0
3.56814,414.9,8.6,32.0
3.44367,414.9,8.3,32.0
3.114,415.2,7.5,32.0
3.2393400000000003,415.3,7.8,32.0
4.02259,414.7,9.7,32.0
4.43301,414.3,10.7,32.0
5.29664,413.8,12.8,32.0
6.4778199999999995,412.6,15.7,32.0
5.985600000000001,412.8,14.5,32.0
3.0606400000000002,413.6,7.4,32.0
2.7831799999999998,415.4,6.7,32.0
3.4876799999999997,415.2,8.4,32.0
4.5628,414.8,11.0,32.0
5.13112,413.8,12.4,32.0
7.1431700000000005,412.9,17.3,32.0
6.3525,412.5,15.4,32.0
6.3586599999999995,412.9,15.4,32.0
5.864599999999999,413.0,14.2,32.0
3.84927,413.9,9.3,32.0
3.8124799999999994,414.4,9.2,32.0
3.8133999999999997,414.5,9.2,32.0
4.38946,414.1,10.6,32.0
5.706300000000001,413.5,13.8,32.0
5.82471,413.1,14.1,32.0
5.74348,413.2,13.9,32.0
5.250179999999999,413.4,12.7,32.0
5.042260000000001,413.3,12.2,32.0
5.41554,413.4,13.1,32.0
5.9885,413.0,14.5,32.0
5.5782,413.2,13.5,32.0
6.39995,412.9,15.5,32.0
7.05204,412.4,17.1,32.0
7.665060000000001,412.1,18.6,32.0
8.07324,411.9,19.6,32.0
6.9249600000000004,412.2,16.8,32.0
6.26696,412.3,15.2,32.0
5.25145,413.5,12.7,32.0
5.3277,413.0,12.9,32.0
5.658099999999999,413.0,13.7,32.0
5.69802,412.9,13.8,32.0
5.85892,412.6,14.2,32.0
5.653989999999999,412.7,13.7,32.0
2.02958,414.2,4.9,32.0
0.24996000000000002,416.6,0.6,32.0
0.0,417.3,0.0,32.0
1.1253600000000001,416.8,2.7,32.0
3.27692,414.8,7.9,32.0
2.11752,415.2,5.1,32.0
2.493,415.5,6.0,32.0
4.01774,414.2,9.7,32.0
5.29664,413.8,12.8,32.0
4.50933,413.7,10.9,32.0
4.22178,413.9,10.2,32.0
1.20524,415.6,2.9,32.0
0.0,417.4,0.0,32.0
0.0,417.6,0.0,32.0
0.08342000000000002,417.1,0.2,32.0
2.1267,417.0,5.1,32.0
6.56193,412.7,15.9,32.0
5.7406999999999995,413.0,13.9,32.0
0.0,417.1,0.0,32.0
0.0,418.1,0.0,32.0
0.66784,417.4,1.6,32.0
0.8332,416.6,2.0,32.0
0.54171,416.7,1.3,32.0
0.04172,417.2,0.1,32.0
0.04172,417.2,0.1,32.0
0.16688,417.2,0.4,32.0
0.16684000000000004,417.1,0.4,32.0
0.16684000000000004,417.1,0.4,32.0
0.04171000000000001,417.1,0.1,32.0
0.9176200000000001,417.1,2.2,32.0
3.69083,414.7,8.9,32.0
2.905,415.0,7.0,32.0
0.6249000000000001,416.6,1.5,32.0
1.1250900000000001,416.7,2.7,32.0
3.70418,416.2,8.9,32.0
7.3927,413.0,17.9,32.0
7.93037,410.9,19.3,32.0
4.62,412.5,11.2,32.0
2.2366800000000002,414.2,5.4,32.0
3.35502,414.2,8.1,32.0
3.6899400000000004,414.6,8.9,32.0
3.7710399999999997,414.4,9.1,32.0
3.64672,414.4,8.8,32.0
3.8133999999999997,414.5,9.2,32.0
4.10355,414.5,9.9,32.0
3.9791999999999996,414.5,9.6,32.0
3.23622,414.9,7.8,32.0
0.0,416.5,0.0,32.0
0.0,417.8,0.0,32.0
0.0,417.3,0.0,32.0
0.16684000000000004,417.1,0.4,32.0
0.25026,417.1,0.6,32.0
0.16684000000000004,417.1,0.4,32.0
0.08344,417.2,0.2,32.0
1.1676,417.0,2.8,32.0
0.16664,416.6,0.4,32.0
0.0,417.3,0.0,32.0
0.04173,417.3,0.1,32.0
0.16688,417.2,0.4,32.0
0.16688,417.2,0.4,32.0
0.25032,417.2,0.6,32.0
0.33376,417.2,0.8,32.0
1.78923,416.1,4.3,32.0
2.8281199999999997,415.9,6.8,32.0
2.2437000000000005,415.5,5.4,32.0
1.6632,415.8,4.0,32.0
0.49932,416.1,1.2,32.0
0.0,417.6,0.0,32.0
0.0,417.6,0.0,32.0
0.12519,417.3,0.3,32.0
0.2086,417.2,0.5,32.0
0.16692,417.3,0.4,32.0
0.5423600000000001,417.2,1.3,32.0
1.08368,416.8,2.6,32.0
1.08342,416.7,2.6,32.0
2.29075,416.5,5.5,32.0
3.8613600000000003,415.2,9.3,32.0
3.9387000000000003,414.6,9.5,32.0
3.8170799999999994,414.9,9.2,32.0
5.141040000000001,414.6,12.4,32.0
6.85414,412.9,16.6,32.0
6.807900000000001,412.6,16.5,32.0
6.7617199999999995,412.3,16.4,32.0
8.0752,412.0,19.6,32.0
9.07647,410.7,22.1,32.0
9.4941,411.0,23.1,32.0
11.2203,409.5,27.4,32.0
11.304960000000001,409.6,27.6,32.0
11.09474,409.4,27.1,32.0
6.13433,411.7,14.9,32.0
1.4528500000000002,415.1,3.5,32.0
0.4167,416.7,1.0,32.0
0.0,417.6,0.0,32.0
0.0,417.4,0.0,32.0
0.2085,417.0,0.5,32.0
0.0834,417.0,0.2,32.0
0.2085,417.0,0.5,32.0
0.0,417.1,0.0,32.0
0.20855,417.1,0.5,32.0
0.12516,417.2,0.3,32.0
0.04172,417.2,0.1,32.0
0.16684000000000004,417.1,0.4,32.0
0.20855,417.1,0.5,32.0
0.04172,417.2,0.1,32.0
0.16684000000000004,417.1,0.4,32.0
0.16688,417.2,0.4,32.0
0.16688,417.2,0.4,32.0
0.16688,417.2,0.4,32.0
0.16688,417.2,0.4,32.0
0.12516,417.2,0.3,32.0
0.08344,417.2,0.2,32.0
0.12519,417.3,0.3,32.0
0.12519,417.3,0.3,32.0
0.16688,417.2,0.4,32.0
0.12519,417.3,0.3,32.0
0.12519,417.3,0.3,32.0
0.20865,417.3,0.5,32.0
0.16692,417.3,0.4,32.0
0.16692,417.3,0.4,32.0
0.16692,417.3,0.4,32.0
0.12519,417.3,0.3,32.0
0.16692,417.3,0.4,32.0
0.12519,417.3,0.3,32.0
0.12519,417.3,0.3,32.0
0.16696,417.4,0.4,32.0
0.12519,417.3,0.3,32.0
0.16692,417.3,0.4,32.0
0.12522,417.4,0.3,32.0
0.16696,417.4,0.4,32.0
0.12522,417.4,0.3,32.0
0.12522,417.4,0.3,32.0
0.16696,417.4,0.4,32.0
0.12522,417.4,0.3,32.0
0.12522,417.4,0.3,32.0
0.16696,417.4,0.4,32.0
0.12522,417.4,0.3,32.0
0.16696,417.4,0.4,32.0
0.29217999999999994,417.4,0.7,32.0
0.29211000000000004,417.3,0.7,32.0
0.25038,417.3,0.6,32.0
0.25044,417.4,0.6,32.0
0.29217999999999994,417.4,0.7,32.0
0.25044,417.4,0.6,32.0
0.16696,417.4,0.4,32.0
0.12525,417.5,0.3,32.0
0.12525,417.5,0.3,32.0
0.12525,417.5,0.3,32.0
0.0,417.6,0.0,32.0
0.0,417.6,0.0,32.0
0.0,417.6,0.0,32.0
0.0,417.6,0.0,32.0
0.0,417.6,0.0,32.0
0.0,417.6,0.0,32.0
0.0,417.6,0.0,32.0
0.0,417.6,0.0,32.0
0.0,417.6,0.0,32.0
0.0,417.7,0.0,32.0
0.0,417.7,0.0,32.0
0.0,417.7,0.0,32.0
0.0,417.7,0.0,32.0
0.0,417.7,0.0,32.0
0.0,417.7,0.0,32.0
0.0,417.7,0.0,32.0
0.0,417.7,0.0,32.0
0.0,417.7,0.0,32.0
0.0,417.7,0.0,32.0
0.0,417.7,0.0,32.0
0.0,417.7,0.0,32.0
0.0,417.7,0.0,32.0
0.0,417.7,0.0,32.0
0.0,417.7,0.0,32.0
0.0,417.7,0.0,32.0
0.0,417.7,0.0,32.0
0.0,417.7,0.0,32.0
0.0,417.7,0.0,32.0
0.0,417.7,0.0,32.0
0.0,417.8,0.0,32.0
0.0,417.8,0.0,32.0
0.0,417.8,0.0,32.0
0.0,417.8,0.0,32.0
0.0,417.8,0.0,32.0
0.0,417.8,0.0,32.0
0.0,417.8,0.0,32.0
0.0,417.8,0.0,32.0
0.0,417.8,0.0,32.0
0.0,417.8,0.0,32.0
0.0,417.8,0.0,32.0
0.0,417.8,0.0,32.0
0.0,417.8,0.0,32.0
0.0,417.8,0.0,32.0
0.0,417.8,0.0,32.0
0.0,417.8,0.0,32.0
0.0,417.8,0.0,32.0
0.0,417.8,0.0,32.0
0.0,417.8,0.0,32.0
0.0,417.8,0.0,32.0
0.0,417.8,0.0,32.0
0.0,417.8,0.0,32.0
0.0,417.8,0.0,32.0
0.0,417.8,0.0,32.0
0.0,417.9,0.0,32.0
0.0,417.9,0.0,32.0
0.0,417.9,0.0,32.0
0.0,417.9,0.0,32.0
0.0,417.9,0.0,32.0
0.0,417.9,0.0,32.0
0.0,417.9,0.0,32.0
0.0,417.9,0.0,32.0
0.0,417.9,0.0,32.0
0.0,417.9,0.0,32.0
0.0,417.9,0.0,32.0
0.0,417.9,0.0,32.0
0.0,417.9,0.0,32.0
0.0,417.9,0.0,32.0
0.0,417.9,0.0,32.0
0.0,417.9,0.0,32.0
0.0,417.9,0.0,32.0
0.0,417.9,0.0,32.0
0.0,417.9,0.0,32.0
0.0,417.9,0.0,32.0
0.0,417.9,0.0,32.0
0.0,417.9,0.0,32.0
0.0,417.9,0.0,32.0
0.0,417.9,0.0,32.0
0.0,417.9,0.0,32.0
0.0,417.9,0.0,32.0
0.0,417.9,0.0,32.0
0.0,417.9,0.0,32.0
0.0,417.9,0.0,32.0
0.0,418.0,0.0,32.0
0.0,418.0,0.0,32.0
0.0,418.0,0.0,32.0
0.0,418.0,0.0,32.0
0.0,418.0,0.0,32.0
0.0,418.0,0.0,32.0
0.0,418.0,0.0,32.0
0.0,418.0,0.0,32.0
0.0,418.0,0.0,32.0
0.0,418.0,0.0,32.0
0.0,418.0,0.0,32.0
0.0,418.0,0.0,32.0
0.0,418.0,0.0,32.0
0.0,418.0,0.0,32.0
0.0,418.0,0.0,32.0
0.0,418.0,0.0,32.0
0.0,418.0,0.0,32.0
0.0,418.0,0.0,32.0
0.0,418.0,0.0,32.0
0.0,418.0,0.0,32.0
0.0,418.0,0.0,32.0
0.0,418.0,0.0,32.0
0.0,418.0,0.0,32.0
0.0,418.0,0.0,32.0
0.0,418.0,0.0,32.0
0.0,418.0,0.0,32.0
0.0,418.0,0.0,32.0
0.0,418.0,0.0,32.0
0.0,418.0,0.0,32.0
0.0,418.0,0.0,32.0
0.0,418.0,0.0,32.0
0.0,418.0,0.0,32.0
0.0,418.0,0.0,32.0
0.0,418.0,0.0,32.0
0.0,418.0,0.0,32.0
0.0,418.0,0.0,32.0
0.0,418.0,0.0,32.0
0.0,418.1,0.0,32.0
0.0,418.1,0.0,32.0
0.0,418.1,0.0,32.0
0.0,418.1,0.0,32.0
0.0,418.1,0.0,32.0
0.0,418.1,0.0,32.0
0.0,418.1,0.0,32.0
0.0,418.1,0.0,32.0
0.0,418.1,0.0,32.0
0.0,418.1,0.0,32.0
0.0,418.1,0.0,32.0
0.0,418.1,0.0,32.0
0.0,418.1,0.0,32.0
0.0,418.1,0.0,32.0
0.0,418.1,0.0,32.0
0.0,418.1,0.0,32.0
0.0,418.1,0.0,32.0
0.0,418.1,0.0,32.0
0.0,418.1,0.0,32.0
0.0,418.1,0.0,32.0
0.0,418.1,0.0,32.0
0.0,418.1,0.0,32.0
0.0,418.1,0.0,32.0
0.0,418.1,0.0,32.0
0.0,418.1,0.0,32.0
0.0,418.1,0.0,32.0
0.0,418.1,0.0,32.0
0.0,418.1,0.0,32.0
0.0,418.1,0.0,32.0
0.0,418.1,0.0,32.0
0.0,418.1,0.0,32.0
0.0,418.1,0.0,32.0
0.0,418.1,0.0,32.0
0.0,418.1,0.0,32.0
0.0,418.1,0.0,32.0
0.0,418.1,0.0,32.0
0.0,418.1,0.0,32.0
0.0,418.1,0.0,32.0
0.0,418.1,0.0,32.0
0.0,418.1,0.0,32.0
0.0,418.1,0.0,32.0
0.0,418.1,0.0,32.0
0.0,418.1,0.0,32.0
0.0,418.1,0.0,32.0
0.0,418.1,0.0,32.0
0.0,418.1,0.0,32.0
0.0,418.2,0.0,32.0
0.0,418.2,0.0,32.0
0.0,418.2,0.0,32.0
0.0,418.2,0.0,32.0
0.0,418.2,0.0,32.0
0.0,418.2,0.0,32.0
0.0,418.2,0.0,32.0
0.0,418.2,0.0,32.0
0.0,418.2,0.0,32.0
0.0,418.2,0.0,32.0
0.0,418.2,0.0,32.0
0.0,418.2,0.0,32.0
0.0,418.2,0.0,32.0
0.0,418.2,0.0,32.0
0.0,418.2,0.0,32.0
0.0,418.2,0.0,32.0
0.0,418.2,0.0,32.0
0.0,418.2,0.0,32.0
0.0,418.2,0.0,32.0
0.0,418.2,0.0,32.0
0.0,418.2,0.0,32.0
0.0,418.2,0.0,32.0
0.0,418.2,0.0,32.0
0.0,418.2,0.0,32.0
0.0,418.2,0.0,32.0
0.0,418.2,0.0,32.0
0.0,418.2,0.0,32.0
0.0,418.2,0.0,32.0
0.0,418.2,0.0,32.0
0.0,418.2,0.0,32.0
0.0,418.2,0.0,32.0
0.0,418.2,0.0,32.0
0.0,418.2,0.0,32.0
0.0,418.2,0.0,32.0
0.0,418.2,0.0,32.0
0.0,418.2,0.0,32.0
0.0,418.2,0.0,32.0
0.0,418.2,0.0,32.0
0.0,418.2,0.0,32.0
0.0,418.2,0.0,32.0
0.0,418.2,0.0,32.0
0.0,418.2,0.0,32.0
0.0,418.2,0.0,32.0
0.0,418.2,0.0,32.0
0.0,418.2,0.0,32.0
0.0,418.2,0.0,32.0
0.0,418.2,0.0,32.0
0.0,418.2,0.0,32.0
0.0,418.2,0.0,32.0
0.0,418.2,0.0,32.0
0.0,418.2,0.0,32.0
0.0,418.2,0.0,32.0
0.0,418.2,0.0,32.0
0.0,418.2,0.0,32.0
0.0,418.2,0.0,32.0
0.0,418.2,0.0,32.0
0.0,418.2,0.0,32.0
0.0,418.2,0.0,32.0
0.0,418.2,0.0,32.0
0.0,418.2,0.0,32.0
0.0,418.2,0.0,32.0
0.0,418.2,0.0,32.0
0.0,418.3,0.0,32.0
0.0,418.3,0.0,32.0
0.0,418.3,0.0,32.0
0.0,418.3,0.0,32.0
0.0,418.3,0.0,32.0
0.0,418.3,0.0,32.0
0.0,418.3,0.0,32.0
0.0,418.3,0.0,32.0
0.0,418.3,0.0,32.0
0.0,418.3,0.0,32.0
0.0,418.3,0.0,32.0
0.0,418.3,0.0,32.0
0.0,418.3,0.0,32.0
0.0,418.3,0.0,32.0
0.0,418.3,0.0,32.0
0.0,418.3,0.0,32.0
0.0,418.3,0.0,32.0
0.0,418.3,0.0,32.0
0.0,418.3,0.0,32.0
0.0,418.3,0.0,32.0
0.0,418.3,0.0,32.0
0.0,418.3,0.0,32.0
0.0,418.3,0.0,32.0
0.0,418.3,0.0,32.0
0.0,418.3,0.0,32.0
0.0,418.3,0.0,32.0
0.0,418.3,0.0,32.0
0.0,418.3,0.0,32.0
0.0,418.3,0.0,32.0
0.0,418.3,0.0,32.0
0.0,418.3,0.0,32.0
0.0,418.3,0.0,32.0
0.0,418.3,0.0,32.0
0.0,418.3,0.0,32.0
0.0,418.3,0.0,32.0
0.0,418.3,0.0,32.0
0.0,418.3,0.0,32.0
0.0,418.3,0.0,32.0
0.0,418.3,0.0,32.0
0.0,418.3,0.0,32.0
0.0,418.3,0.0,32.0
0.0,418.3,0.0,32.0
0.0,418.3,0.0,32.0
0.0,418.3,0.0,32.0
0.0,418.3,0.0,32.0
0.0,418.3,0.0,32.0
0.0,418.3,0.0,32.0
0.0,418.3,0.0,32.0
0.0,418.3,0.0,32.0
0.0,418.3,0.0,32.0
0.0,418.3,0.0,32.0
0.0,418.3,0.0,32.0
0.0,418.3,0.0,32.0
0.0,418.3,0.0,32.0
0.0,418.3,0.0,32.0
0.0,418.3,0.0,32.0
0.0,418.3,0.0,32.0
0.0,418.3,0.0,32.0
0.0,418.3,0.0,32.0
0.0,418.3,0.0,32.0
0.0,418.3,0.0,32.0
0.0,418.3,0.0,32.0
0.0,418.3,0.0,32.0
0.0,418.3,0.0,32.0
0.0,418.3,0.0,32.0
0.0,418.3,0.0,32.0
0.0,418.3,0.0,32.0
0.0,418.3,0.0,32.0
0.0,418.3,0.0,32.0
0.0,418.3,0.0,32.0
0.0,418.3,0.0,32.0
0.0,418.3,0.0,32.0
0.0,418.3,0.0,32.0
0.0,418.3,0.0,32.0
0.0,418.3,0.0,32.0
0.0,418.3,0.0,32.0
0.0,418.3,0.0,32.0
0.0,418.3,0.0,32.0
0.0,418.3,0.0,32.0
0.0,418.3,0.0,32.0
0.0,418.3,0.0,32.0
0.0,418.3,0.0,32.0
0.0,418.3,0.0,32.0
0.0,418.4,0.0,32.0
0.0,418.4,0.0,32.0
0.0,418.4,0.0,32.0
0.0,418.4,0.0,32.0
0.0,418.4,0.0,32.0
0.0,418.4,0.0,32.0
0.0,418.4,0.0,32.0
0.0,418.4,0.0,32.0
0.0,418.4,0.0,32.0
0.0,418.4,0.0,32.0
0.0,418.4,0.0,32.0
0.0,418.4,0.0,32.0
0.0,418.4,0.0,32.0
0.0,418.4,0.0,32.0
0.0,418.4,0.0,32.0
0.0,418.4,0.0,32.0
0.0,418.4,0.0,32.0
0.0,418.4,0.0,32.0
0.0,418.4,0.0,32.0
0.0,418.4,0.0,32.0
0.0,418.4,0.0,32.0
0.0,418.4,0.0,32.0
0.0,418.4,0.0,32.0
0.0,418.4,0.0,32.0
0.0,418.4,0.0,32.0
0.0,418.4,0.0,32.0
0.0,418.4,0.0,32.0
0.0,418.4,0.0,32.0
0.0,418.4,0.0,32.0
0.0,418.4,0.0,32.0
0.0,418.4,0.0,32.0
0.0,418.4,0.0,32.0
0.0,418.4,0.0,32.0
0.0,418.4,0.0,32.0
0.0,418.4,0.0,32.0
0.0,418.4,0.0,32.0
0.0,418.4,0.0,32.0
0.0,418.4,0.0,32.0
0.0,418.4,0.0,32.0
0.0,418.4,0.0,32.0
0.0,418.4,0.0,32.0
0.0,418.4,0.0,32.0
0.0,418.4,0.0,32.0
0.0,418.4,0.0,32.0
0.0,418.4,0.0,32.0
0.0,418.4,0.0,32.0
0.0,418.4,0.0,32.0
0.0,418.4,0.0,32.0
0.0,418.4,0.0,32.0
0.0,418.4,0.0,32.0
0.0,418.4,0.0,32.0
0.0,418.4,0.0,32.0
0.0,418.4,0.0,32.0
0.0,418.4,0.0,32.0
0.0,418.4,0.0,32.0
0.0,418.4,0.0,32.0
0.0,418.4,0.0,32.0
0.0,418.4,0.0,32.0
0.0,418.4,0.0,32.0
0.0,418.4,0.0,32.0
0.0,418.4,0.0,32.0
0.0,418.4,0.0,32.0
0.0,418.4,0.0,32.0
0.0,418.4,0.0,32.0
0.0,418.4,0.0,32.0
0.0,418.4,0.0,32.0
0.0,418.4,0.0,32.0
0.0,418.4,0.0,32.0
0.0,418.4,0.0,32.0
0.0,418.4,0.0,32.0
0.0,418.4,0.0,32.0
0.0,418.4,0.0,32.0
0.0,418.4,0.0,32.0
0.0,418.4,0.0,32.0
0.0,418.4,0.0,32.0
0.0,418.4,0.0,32.0
0.0,418.4,0.0,32.0
0.0,418.4,0.0,32.0
0.0,418.4,0.0,32.0
0.0,418.4,0.0,32.0
0.0,418.4,0.0,32.0
0.0,418.4,0.0,32.0
0.0,418.4,0.0,32.0
0.0,418.4,0.0,32.0
0.0,418.4,0.0,32.0
0.0,418.4,0.0,32.0
0.0,418.4,0.0,32.0
0.0,418.4,0.0,32.0
0.0,418.4,0.0,32.0
0.0,418.4,0.0,32.0
0.0,418.4,0.0,32.0
0.0,418.4,0.0,32.0
0.0,418.4,0.0,32.0
0.0,418.4,0.0,32.0
0.0,418.4,0.0,32.0
0.0,418.4,0.0,32.0
0.0,418.4,0.0,32.0
0.0,418.4,0.0,32.0
0.0,418.4,0.0,32.0
0.0,418.4,0.0,32.0
0.0,418.4,0.0,32.0
0.0,418.4,0.0,32.0
0.0,418.4,0.0,32.0
0.0,418.4,0.0,32.0
0.0,418.4,0.0,32.0
0.0,418.4,0.0,32.0
0.0,418.4,0.0,32.0
0.0,418.5,0.0,32.0
0.0,418.5,0.0,32.0
0.0,418.5,0.0,32.0
0.0,418.5,0.0,32.0
0.0,418.5,0.0,32.0
0.0,418.5,0.0,32.0
0.0,418.5,0.0,32.0
0.0,418.5,0.0,32.0
0.0,418.5,0.0,32.0
0.0,418.5,0.0,32.0
0.0,418.5,0.0,32.0
0.0,418.5,0.0,32.0
0.0,418.5,0.0,32.0
0.0,418.5,0.0,32.0
0.0,418.5,0.0,32.0
0.0,418.5,0.0,32.0
0.0,418.5,0.0,32.0
0.0,418.5,0.0,32.0
0.0,418.5,0.0,32.0
0.0,418.5,0.0,32.0
0.0,418.5,0.0,32.0
0.0,418.5,0.0,32.0
0.0,418.5,0.0,32.0
0.0,418.5,0.0,32.0
0.0,418.5,0.0,32.0
0.0,418.5,0.0,32.0
0.0,418.5,0.0,32.0
0.0,418.5,0.0,32.0
0.0,418.5,0.0,32.0
0.0,418.5,0.0,32.0
0.0,418.5,0.0,32.0
0.0,418.5,0.0,32.0
0.0,418.5,0.0,32.0
0.0,418.5,0.0,32.0
0.0,418.5,0.0,32.0
0.0,418.5,0.0,32.0
0.0,418.5,0.0,32.0
0.0,418.5,0.0,32.0
0.0,418.5,0.0,32.0
0.0,418.5,0.0,32.0
0.0,418.5,0.0,32.0
0.0,418.5,0.0,32.0
0.0,418.5,0.0,32.0
0.0,418.5,0.0,32.0
0.0,418.5,0.0,32.0
0.0,418.5,0.0,32.0
0.0,418.5,0.0,32.0
0.0,418.5,0.0,32.0
0.0,418.5,0.0,32.0
0.0,418.5,0.0,32.0
0.0,418.5,0.0,32.0
0.0,418.5,0.0,32.0
0.0,418.5,0.0,32.0
0.0,418.5,0.0,32.0
0.0,418.5,0.0,32.0
0.0,418.5,0.0,32.0
0.0,418.5,0.0,32.0
0.0,418.5,0.0,32.0
0.0,418.5,0.0,32.0
0.0,418.5,0.0,32.0
0.0,418.5,0.0,32.0
0.0,418.5,0.0,32.0
0.0,418.5,0.0,32.0
0.0,418.5,0.0,32.0
0.0,418.5,0.0,32.0
0.0,418.5,0.0,32.0
0.0,418.5,0.0,32.0
0.0,418.5,0.0,32.0
0.0,418.5,0.0,32.0
0.0,418.5,0.0,32.0
0.0,418.5,0.0,32.0
0.0,418.5,0.0,32.0
0.0,418.5,0.0,32.0
0.0,418.5,0.0,32.0
0.0,418.5,0.0,32.0
0.0,418.5,0.0,32.0
0.0,418.5,0.0,32.0
0.0,418.5,0.0,32.0
0.0,418.5,0.0,32.0
0.0,418.5,0.0,32.0
0.0,418.5,0.0,32.0
0.0,418.5,0.0,32.0
0.0,418.5,0.0,32.0
0.0,418.5,0.0,32.0
0.0,418.5,0.0,32.0
0.0,418.5,0.0,32.0
0.0,418.5,0.0,32.0
0.0,418.5,0.0,32.0
0.0,418.5,0.0,32.0
0.0,418.5,0.0,32.0
0.0,418.5,0.0,32.0
0.0,418.5,0.0,32.0
0.0,418.5,0.0,32.0
0.0,418.5,0.0,32.0
0.0,418.5,0.0,32.0
0.0,418.5,0.0,32.0
0.0,418.5,0.0,32.0
0.0,418.5,0.0,32.0
0.0,418.5,0.0,32.0
0.0,418.5,0.0,32.0
0.0,418.5,0.0,32.0
0.0,418.5,0.0,32.0
0.0,418.5,0.0,32.0
0.0,418.5,0.0,32.0
0.0,418.5,0.0,32.0
0.0,418.5,0.0,32.0
0.0,418.5,0.0,32.0
0.0,418.5,0.0,32.0
0.0,418.5,0.0,32.0
0.0,418.5,0.0,32.0
0.0,418.5,0.0,32.0
0.0,418.5,0.0,32.0
0.0,418.5,0.0,32.0
0.0,418.5,0.0,32.0
0.0,418.5,0.0,32.0
0.0,418.5,0.0,32.0
0.0,418.5,0.0,32.0
0.0,418.5,0.0,32.0
0.0,418.5,0.0,32.0
0.0,418.5,0.0,32.0
0.0,418.5,0.0,32.0
0.0,418.5,0.0,32.0
0.0,418.5,0.0,32.0
0.0,418.5,0.0,32.0
0.0,418.5,0.0,32.0
0.0,418.5,0.0,32.0
0.0,418.5,0.0,32.0
0.0,418.5,0.0,32.0
0.0,418.5,0.0,32.0
0.0,418.5,0.0,32.0
0.0,418.5,0.0,32.0
0.0,418.5,0.0,32.0
0.0,418.5,0.0,32.0
0.0,418.5,0.0,32.0
0.0,418.5,0.0,32.0
0.0,418.5,0.0,32.0
0.0,418.5,0.0,32.0
0.0,418.5,0.0,32.0
0.0,418.5,0.0,32.0
0.0,418.5,0.0,32.0
0.0,418.5,0.0,32.0
0.0,418.6,0.0,32.0
0.0,418.6,0.0,32.0
0.0,418.6,0.0,32.0
0.0,418.6,0.0,32.0
0.0,418.6,0.0,32.0
0.0,418.6,0.0,32.0
0.0,418.6,0.0,32.0
0.0,418.6,0.0,32.0
0.0,418.6,0.0,32.0
0.0,418.6,0.0,32.0
0.0,418.6,0.0,32.0
0.0,418.6,0.0,32.0
0.0,418.6,0.0,32.0
0.0,418.6,0.0,32.0
0.0,418.6,0.0,32.0
0.0,418.6,0.0,32.0
0.0,418.6,0.0,32.0
0.0,418.6,0.0,32.0
0.0,418.6,0.0,32.0
0.0,418.6,0.0,32.0
0.0,418.6,0.0,32.0
0.0,418.6,0.0,32.0
0.0,418.6,0.0,32.0
0.0,418.6,0.0,32.0
0.0,418.6,0.0,32.0
0.0,418.6,0.0,32.0
0.0,418.6,0.0,32.0
0.0,418.6,0.0,32.0
0.0,418.6,0.0,32.0
0.0,418.6,0.0,32.0
0.0,418.6,0.0,32.0
0.0,418.6,0.0,32.0
0.0,418.6,0.0,32.0
0.0,418.6,0.0,32.0
0.0,418.6,0.0,32.0
0.0,418.6,0.0,32.0
0.0,418.6,0.0,32.0
0.0,418.6,0.0,32.0
0.0,418.6,0.0,32.0
0.0,418.6,0.0,32.0
0.0,418.6,0.0,32.0
0.0,418.6,0.0,32.0
0.0,418.6,0.0,32.0
0.0,418.6,0.0,32.0
0.0,418.6,0.0,32.0
0.0,418.6,0.0,32.0
0.0,418.6,0.0,32.0
0.0,418.6,0.0,32.0
0.0,418.6,0.0,32.0
0.0,418.6,0.0,32.0
0.0,418.6,0.0,32.0
0.0,418.6,0.0,32.0
0.0,418.6,0.0,32.0
0.0,418.6,0.0,32.0
0.0,418.6,0.0,32.0
0.0,418.6,0.0,32.0
0.0,418.6,0.0,32.0
0.0,418.6,0.0,32.0
0.0,418.6,0.0,32.0
0.0,418.6,0.0,32.0
0.0,418.6,0.0,32.0
0.0,418.6,0.0,32.0
0.0,418.6,0.0,32.0
0.0,418.6,0.0,32.0
0.0,418.6,0.0,32.0
0.0,418.6,0.0,32.0
0.0,418.6,0.0,32.0
0.0,418.6,0.0,32.0
0.0,418.6,0.0,32.0
0.0,418.6,0.0,32.0
0.0,418.6,0.0,32.0
0.0,418.6,0.0,32.0
0.0,418.6,0.0,32.0
0.0,418.6,0.0,32.0
0.0,418.6,0.0,32.0
0.0,418.6,0.0,32.0
0.0,418.6,0.0,32.0
0.0,418.6,0.0,32.0
0.0,418.6,0.0,32.0
0.0,418.6,0.0,32.0
0.0,418.6,0.0,32.0
0.0,418.6,0.0,32.0
0.0,418.6,0.0,32.0
0.0,418.6,0.0,32.0
0.0,418.6,0.0,32.0
0.0,418.6,0.0,32.0
0.0,418.6,0.0,32.0
0.0,418.6,0.0,32.0
0.0,418.6,0.0,32.0
0.0,418.6,0.0,32.0
0.0,418.6,0.0,32.0
0.0,418.6,0.0,32.0
0.0,418.6,0.0,32.0
0.0,418.6,0.0,32.0
0.0,418.6,0.0,32.0
0.0,418.6,0.0,32.0
0.0,418.6,0.0,32.0
0.0,418.6,0.0,32.0
0.0,418.6,0.0,32.0
0.0,418.6,0.0,32.0
0.0,418.6,0.0,32.0
0.0,418.6,0.0,32.0
0.0,418.6,0.0,32.0
0.0,418.6,0.0,32.0
0.0,418.6,0.0,32.0
0.0,418.6,0.0,32.0
0.0,418.6,0.0,32.0
0.0,418.6,0.0,32.0
0.0,418.6,0.0,32.0
0.0,418.6,0.0,32.0
0.0,418.6,0.0,32.0
0.0,418.6,0.0,32.0
0.0,418.6,0.0,32.0
0.0,418.6,0.0,32.0
0.0,418.6,0.0,32.0
0.0,418.6,0.0,32.0
0.0,418.6,0.0,32.0
0.0,418.6,0.0,32.0
0.0,418.6,0.0,32.0
0.0,418.6,0.0,32.0
0.0,418.6,0.0,32.0
0.0,418.6,0.0,32.0
0.0,418.6,0.0,32.0
0.0,418.6,0.0,32.0
0.0,418.6,0.0,32.0
0.0,418.6,0.0,32.0
0.0,418.6,0.0,32.0
0.0,418.6,0.0,32.0
0.0,418.6,0.0,32.0
0.0,418.6,0.0,32.0
0.0,418.6,0.0,32.0
0.0,418.6,0.0,32.0
0.0,418.6,0.0,32.0
0.0,418.6,0.0,32.0
0.0,418.6,0.0,32.0
0.0,418.6,0.0,32.0
0.0,418.6,0.0,32.0
0.0,418.6,0.0,32.0
0.0,418.6,0.0,32.0
0.0,418.6,0.0,32.0
0.0,418.6,0.0,32.0
0.0,418.6,0.0,32.0
0.0,418.6,0.0,32.0
0.0,418.6,0.0,32.0
0.0,418.6,0.0,32.0
0.0,418.6,0.0,32.0
0.0,418.6,0.0,32.0
0.0,418.6,0.0,32.0
0.0,418.6,0.0,32.0
0.0,418.6,0.0,32.0
0.0,418.6,0.0,32.0
0.0,418.6,0.0,32.0
0.0,418.6,0.0,32.0
0.0,418.6,0.0,32.0
0.0,418.6,0.0,32.0
0.0,418.6,0.0,32.0
0.0,418.6,0.0,32.0
0.0,418.6,0.0,32.0
0.0,418.6,0.0,32.0
0.0,418.6,0.0,32.0
0.0,418.6,0.0,32.0
0.0,418.6,0.0,32.0
0.0,418.6,0.0,32.0
0.0,418.6,0.0,32.0
0.0,418.6,0.0,32.0
0.0,418.6,0.0,32.0
0.0,418.6,0.0,32.0
0.0,418.6,0.0,32.0
0.0,418.6,0.0,32.0
0.0,418.6,0.0,32.0
0.0,418.6,0.0,32.0
0.0,418.6,0.0,32.0
0.0,418.6,0.0,32.0
0.0,418.6,0.0,32.0
0.0,418.6,0.0,32.0
0.0,418.6,0.0,32.0
0.0,418.6,0.0,32.0
0.0,418.6,0.0,32.0
0.0,418.6,0.0,32.0
0.0,418.6,0.0,32.0
0.0,418.7,0.0,32.0
0.0,418.7,0.0,32.0
0.0,418.7,0.0,32.0
0.0,418.7,0.0,32.0
0.0,418.7,0.0,32.0
0.0,418.7,0.0,32.0
0.0,418.7,0.0,32.0
0.0,418.7,0.0,32.0
0.0,418.7,0.0,32.0
0.0,418.7,0.0,32.0
0.0,418.7,0.0,32.0
0.0,418.7,0.0,32.0
0.0,418.7,0.0,32.0
0.0,418.7,0.0,32.0
0.0,418.7,0.0,32.0
0.0,418.7,0.0,32.0
0.0,418.7,0.0,32.0
0.0,418.7,0.0,32.0
0.0,418.7,0.0,32.0
0.0,418.7,0.0,32.0
0.0,418.7,0.0,32.0
0.0,418.7,0.0,32.0
0.0,418.7,0.0,32.0
0.0,418.7,0.0,32.0
0.0,418.7,0.0,32.0
0.0,418.7,0.0,32.0
0.0,418.7,0.0,32.0
0.0,418.7,0.0,32.0
0.0,418.7,0.0,32.0
0.0,418.7,0.0,32.0
0.0,418.7,0.0,32.0
0.0,418.7,0.0,32.0
0.0,418.7,0.0,32.0
0.0,418.7,0.0,32.0
0.0,418.7,0.0,32.0
0.0,418.7,0.0,32.0
0.0,418.7,0.0,32.0
0.0,418.7,0.0,32.0
0.0,418.7,0.0,32.0
0.0,418.7,0.0,32.0
0.0,418.7,0.0,32.0
0.0,418.7,0.0,32.0
0.0,418.7,0.0,32.0
0.0,418.7,0.0,32.0
0.0,418.7,0.0,32.0
0.0,418.7,0.0,32.0
0.0,418.7,0.0,32.0
0.0,418.7,0.0,32.0
0.0,418.7,0.0,32.0
0.0,418.7,0.0,32.0
0.0,418.7,0.0,32.0
0.0,418.7,0.0,32.0
0.0,418.7,0.0,32.0
0.0,418.7,0.0,32.0
0.0,418.7,0.0,32.0
0.0,418.7,0.0,32.0
0.0,418.7,0.0,32.0
0.0,418.7,0.0,32.0
0.0,418.7,0.0,32.0
0.0,418.7,0.0,32.0
0.0,418.7,0.0,32.0
0.0,418.7,0.0,32.0
0.0,418.7,0.0,32.0
0.0,418.7,0.0,32.0
0.0,418.7,0.0,32.0
0.0,418.7,0.0,32.0
0.0,418.7,0.0,32.0
0.0,418.7,0.0,32.0
0.0,418.7,0.0,32.0
0.0,418.7,0.0,32.0
0.0,418.7,0.0,32.0
0.0,418.7,0.0,32.0
0.0,418.7,0.0,32.0
0.0,418.7,0.0,32.0
0.0,418.7,0.0,32.0
0.0,418.7,0.0,32.0
0.0,418.7,0.0,32.0
0.0,418.7,0.0,32.0
0.0,418.7,0.0,32.0
0.0,418.7,0.0,32.0
0.0,418.7,0.0,32.0
0.0,418.7,0.0,32.0
0.0,418.7,0.0,32.0
0.0,418.7,0.0,32.0
0.0,418.7,0.0,32.0
0.0,418.7,0.0,32.0
0.0,418.7,0.0,32.0
0.0,418.7,0.0,32.0
0.0,418.7,0.0,32.0
0.0,418.7,0.0,32.0
0.0,418.7,0.0,32.0
0.0,418.7,0.0,32.0
0.0,418.7,0.0,32.0
0.0,418.7,0.0,32.0
0.0,418.7,0.0,32.0
0.0,418.7,0.0,32.0
0.0,418.7,0.0,32.0
0.0,418.7,0.0,32.0
0.0,418.7,0.0,32.0
0.0,418.7,0.0,32.0
0.0,418.7,0.0,32.0
0.0,418.7,0.0,32.0
0.0,418.7,0.0,32.0
0.0,418.7,0.0,32.0
0.0,418.7,0.0,32.0
0.0,418.7,0.0,32.0
0.0,418.7,0.0,32.0
0.0,418.7,0.0,32.0
0.0,418.7,0.0,32.0
0.0,418.7,0.0,32.0
0.0,418.7,0.0,32.0
0.0,418.7,0.0,32.0
0.0,418.7,0.0,32.0
0.0,418.7,0.0,32.0
0.0,418.7,0.0,32.0
0.0,418.7,0.0,32.0
0.0,418.7,0.0,32.0
0.0,418.7,0.0,32.0
0.0,418.7,0.0,32.0
0.0,418.7,0.0,32.0
0.0,418.7,0.0,32.0
0.0,418.7,0.0,32.0
0.0,418.7,0.0,32.0
0.0,418.7,0.0,32.0
0.0,418.7,0.0,32.0
0.0,418.7,0.0,32.0
0.0,418.7,0.0,32.0
0.0,418.7,0.0,32.0
0.0,418.7,0.0,32.0
0.0,418.7,0.0,32.0
0.0,418.7,0.0,32.0
0.0,418.7,0.0,32.0
0.0,418.7,0.0,32.0
0.0,418.7,0.0,32.0
0.0,418.7,0.0,32.0
0.0,418.7,0.0,32.0
0.0,418.7,0.0,32.0
0.0,418.7,0.0,32.0
0.0,418.7,0.0,32.0
0.0,418.7,0.0,32.0
0.0,418.7,0.0,32.0
0.0,418.7,0.0,32.0
0.0,418.7,0.0,32.0
0.0,418.7,0.0,32.0
0.0,418.7,0.0,32.0
0.0,418.7,0.0,32.0
0.0,418.7,0.0,32.0
0.0,418.7,0.0,32.0
0.0,418.7,0.0,32.0
0.0,418.7,0.0,32.0
0.0,418.7,0.0,32.0
0.0,418.7,0.0,32.0
0.0,418.7,0.0,32.0
0.0,418.7,0.0,32.0
0.0,418.7,0.0,32.0
0.0,418.7,0.0,32.0
0.0,418.7,0.0,32.0
0.0,418.7,0.0,32.0
0.0,418.7,0.0,32.0
0.0,418.7,0.0,32.0
0.0,418.7,0.0,32.0
0.0,418.7,0.0,32.0
0.0,418.7,0.0,32.0
0.0,418.7,0.0,32.0
0.0,418.7,0.0,32.0
0.0,418.7,0.0,32.0
0.0,418.7,0.0,32.0
0.0,418.7,0.0,32.0
0.0,418.7,0.0,32.0
0.0,418.7,0.0,32.0
0.0,418.7,0.0,32.0
0.0,418.7,0.0,32.0
0.0,418.7,0.0,32.0
0.0,418.7,0.0,32.0
0.0,418.7,0.0,32.0
0.0,418.7,0.0,32.0
0.0,418.7,0.0,32.0
0.0,418.7,0.0,32.0
0.0,418.7,0.0,32.0
0.0,418.7,0.0,32.0
0.0,418.7,0.0,32.0
0.0,418.7,0.0,32.0
0.0,418.7,0.0,32.0
0.0,418.7,0.0,32.0
0.0,418.7,0.0,32.0
0.0,418.7,0.0,32.0
0.0,418.7,0.0,32.0
0.0,418.7,0.0,32.0
0.0,418.7,0.0,32.0
0.0,418.7,0.0,32.0
0.0,418.7,0.0,32.0
0.0,418.7,0.0,32.0
0.0,418.7,0.0,32.0
0.0,418.7,0.0,32.0
0.0,418.7,0.0,32.0
0.0,418.7,0.0,32.0
0.0,418.7,0.0,32.0
0.0,418.7,0.0,32.0
0.0,418.7,0.0,32.0
0.0,418.7,0.0,32.0
0.0,418.7,0.0,32.0
0.0,418.7,0.0,32.0
0.0,418.7,0.0,32.0
0.0,418.7,0.0,32.0
0.0,418.7,0.0,32.0
0.0,418.6,0.0,32.0
0.0,418.6,0.0,32.0
0.0,418.6,0.0,32.0
0.0,418.7,0.0,32.0
0.0,418.7,0.0,32.0
0.0,418.7,0.0,32.0
0.0,418.7,0.0,32.0
0.0,418.7,0.0,32.0
0.0,418.7,0.0,32.0
0.0,418.7,0.0,32.0
0.0,418.7,0.0,32.0
0.0,418.7,0.0,32.0
0.08374000000000001,418.7,0.2,32.0
0.08374000000000001,418.7,0.2,32.0
0.08374000000000001,418.7,0.2,32.0
0.08374000000000001,418.7,0.2,32.0
0.08374000000000001,418.7,0.2,32.0
0.08374000000000001,418.7,0.2,32.0
0.08374000000000001,418.7,0.2,32.0
0.08374000000000001,418.7,0.2,32.0
0.08374000000000001,418.7,0.2,32.0
0.12560999999999997,418.7,0.3,32.0
0.08374000000000001,418.7,0.2,32.0
0.08374000000000001,418.7,0.2,32.0
0.08374000000000001,418.7,0.2,32.0
0.08374000000000001,418.7,0.2,32.0
0.12560999999999997,418.7,0.3,32.0
0.08374000000000001,418.7,0.2,32.0
0.08374000000000001,418.7,0.2,32.0
0.08374000000000001,418.7,0.2,32.0
0.08372000000000002,418.6,0.2,32.0
0.08374000000000001,418.7,0.2,32.0
0.08374000000000001,418.7,0.2,32.0
0.08374000000000001,418.7,0.2,32.0
0.08372000000000002,418.6,0.2,32.0
0.08374000000000001,418.7,0.2,32.0
0.12560999999999997,418.7,0.3,32.0
0.08374000000000001,418.7,0.2,32.0
0.12560999999999997,418.7,0.3,32.0
0.08372000000000002,418.6,0.2,32.0
0.08374000000000001,418.7,0.2,32.0
0.08374000000000001,418.7,0.2,32.0
0.08374000000000001,418.7,0.2,32.0
0.08374000000000001,418.7,0.2,32.0
0.08374000000000001,418.7,0.2,32.0
0.08374000000000001,418.7,0.2,32.0
0.08374000000000001,418.7,0.2,32.0
0.08374000000000001,418.7,0.2,32.0
0.08374000000000001,418.7,0.2,32.0
0.08374000000000001,418.7,0.2,32.0
0.08374000000000001,418.7,0.2,32.0
0.08374000000000001,418.7,0.2,32.0
0.08374000000000001,418.7,0.2,32.0
0.08374000000000001,418.7,0.2,32.0
0.08374000000000001,418.7,0.2,32.0
0.08374000000000001,418.7,0.2,32.0
0.08374000000000001,418.7,0.2,32.0
0.08374000000000001,418.7,0.2,32.0
0.08374000000000001,418.7,0.2,32.0
0.08374000000000001,418.7,0.2,32.0
0.08374000000000001,418.7,0.2,32.0
0.08374000000000001,418.7,0.2,32.0
0.08374000000000001,418.7,0.2,32.0
0.08374000000000001,418.7,0.2,32.0
0.08374000000000001,418.7,0.2,32.0
0.12560999999999997,418.7,0.3,32.0
0.08374000000000001,418.7,0.2,32.0
0.08374000000000001,418.7,0.2,32.0
0.08374000000000001,418.7,0.2,32.0
0.08374000000000001,418.7,0.2,32.0
0.08374000000000001,418.7,0.2,32.0
0.08374000000000001,418.7,0.2,32.0
0.08374000000000001,418.7,0.2,32.0
0.08374000000000001,418.7,0.2,32.0
0.12558,418.6,0.3,32.0
0.12560999999999997,418.7,0.3,32.0
0.12558,418.6,0.3,32.0
0.12558,418.6,0.3,32.0
0.08374000000000001,418.7,0.2,32.0
0.08374000000000001,418.7,0.2,32.0
0.08374000000000001,418.7,0.2,32.0
0.08374000000000001,418.7,0.2,32.0
0.08372000000000002,418.6,0.2,32.0
0.08374000000000001,418.7,0.2,32.0
0.12560999999999997,418.7,0.3,32.0
0.08374000000000001,418.7,0.2,32.0
0.08374000000000001,418.7,0.2,32.0
0.08374000000000001,418.7,0.2,32.0
0.08374000000000001,418.7,0.2,32.0
0.08374000000000001,418.7,0.2,32.0
0.12560999999999997,418.7,0.3,32.0
0.08374000000000001,418.7,0.2,32.0
0.08374000000000001,418.7,0.2,32.0
0.08374000000000001,418.7,0.2,32.0
0.08374000000000001,418.7,0.2,32.0
0.12560999999999997,418.7,0.3,32.0
0.08374000000000001,418.7,0.2,32.0
0.08374000000000001,418.7,0.2,32.0
0.08374000000000001,418.7,0.2,32.0
0.08374000000000001,418.7,0.2,32.0
0.08374000000000001,418.7,0.2,32.0
0.08374000000000001,418.7,0.2,32.0
0.08374000000000001,418.7,0.2,32.0
0.08374000000000001,418.7,0.2,32.0
0.12560999999999997,418.7,0.3,32.0
0.08374000000000001,418.7,0.2,32.0
0.08374000000000001,418.7,0.2,32.0
0.08374000000000001,418.7,0.2,32.0
0.08374000000000001,418.7,0.2,32.0
0.08374000000000001,418.7,0.2,32.0
0.08374000000000001,418.7,0.2,32.0
0.08374000000000001,418.7,0.2,32.0
0.08374000000000001,418.7,0.2,32.0
0.08374000000000001,418.7,0.2,32.0
0.08374000000000001,418.7,0.2,32.0
0.08374000000000001,418.7,0.2,32.0
0.08374000000000001,418.7,0.2,32.0
0.08374000000000001,418.7,0.2,32.0
0.08374000000000001,418.7,0.2,32.0
0.08374000000000001,418.7,0.2,32.0
0.08374000000000001,418.7,0.2,32.0
0.08374000000000001,418.7,0.2,32.0
0.08374000000000001,418.7,0.2,32.0
0.08374000000000001,418.7,0.2,32.0
0.08374000000000001,418.7,0.2,32.0
0.08374000000000001,418.7,0.2,32.0
0.08374000000000001,418.7,0.2,32.0
0.08374000000000001,418.7,0.2,32.0
0.08374000000000001,418.7,0.2,32.0
0.08374000000000001,418.7,0.2,32.0
0.08374000000000001,418.7,0.2,32.0
0.08374000000000001,418.7,0.2,32.0
0.08374000000000001,418.7,0.2,32.0
0.08374000000000001,418.7,0.2,32.0
0.08374000000000001,418.7,0.2,32.0
0.08374000000000001,418.7,0.2,32.0
0.08374000000000001,418.7,0.2,32.0
0.08374000000000001,418.7,0.2,32.0
0.08374000000000001,418.7,0.2,32.0
0.08374000000000001,418.7,0.2,32.0
0.08374000000000001,418.7,0.2,32.0
0.08374000000000001,418.7,0.2,32.0
0.08374000000000001,418.7,0.2,32.0
0.12560999999999997,418.7,0.3,32.0
0.08374000000000001,418.7,0.2,32.0
0.08374000000000001,418.7,0.2,32.0
0.12560999999999997,418.7,0.3,32.0
0.08374000000000001,418.7,0.2,32.0
0.12560999999999997,418.7,0.3,32.0
0.08374000000000001,418.7,0.2,32.0
0.12560999999999997,418.7,0.3,32.0
0.08374000000000001,418.7,0.2,32.0
0.08374000000000001,418.7,0.2,32.0
0.08374000000000001,418.7,0.2,32.0
0.12560999999999997,418.7,0.3,32.0
0.08374000000000001,418.7,0.2,32.0
0.08374000000000001,418.7,0.2,32.0
0.08374000000000001,418.7,0.2,32.0
0.08374000000000001,418.7,0.2,32.0
0.08374000000000001,418.7,0.2,32.0
0.08374000000000001,418.7,0.2,32.0
0.08374000000000001,418.7,0.2,32.0
0.08374000000000001,418.7,0.2,32.0
0.08374000000000001,418.7,0.2,32.0
0.08374000000000001,418.7,0.2,32.0
0.08374000000000001,418.7,0.2,32.0
0.08374000000000001,418.7,0.2,32.0
0.08374000000000001,418.7,0.2,32.0
0.08374000000000001,418.7,0.2,32.0
0.08374000000000001,418.7,0.2,32.0
0.08374000000000001,418.7,0.2,32.0
0.08374000000000001,418.7,0.2,32.0
0.08374000000000001,418.7,0.2,32.0
0.08374000000000001,418.7,0.2,32.0
0.08374000000000001,418.7,0.2,32.0
0.08374000000000001,418.7,0.2,32.0
0.08374000000000001,418.7,0.2,32.0
0.08374000000000001,418.7,0.2,32.0
0.08374000000000001,418.7,0.2,32.0
0.08374000000000001,418.7,0.2,32.0
0.08374000000000001,418.7,0.2,32.0
0.08374000000000001,418.7,0.2,32.0
0.08374000000000001,418.7,0.2,32.0
0.08374000000000001,418.7,0.2,32.0
0.08374000000000001,418.7,0.2,32.0
0.08374000000000001,418.7,0.2,32.0
0.08374000000000001,418.7,0.2,32.0
0.08374000000000001,418.7,0.2,32.0
0.08374000000000001,418.7,0.2,32.0
0.08374000000000001,418.7,0.2,32.0
0.08374000000000001,418.7,0.2,32.0
0.08374000000000001,418.7,0.2,32.0
0.08374000000000001,418.7,0.2,32.0
0.08374000000000001,418.7,0.2,32.0
0.08374000000000001,418.7,0.2,32.0
0.08374000000000001,418.7,0.2,32.0
0.08374000000000001,418.7,0.2,32.0
0.08374000000000001,418.7,0.2,32.0
0.08374000000000001,418.7,0.2,32.0
0.08374000000000001,418.7,0.2,32.0
0.08374000000000001,418.7,0.2,32.0
0.08374000000000001,418.7,0.2,32.0
0.08374000000000001,418.7,0.2,32.0
0.08374000000000001,418.7,0.2,32.0
0.08374000000000001,418.7,0.2,32.0
0.08374000000000001,418.7,0.2,32.0
0.08374000000000001,418.7,0.2,32.0
0.08374000000000001,418.7,0.2,32.0
0.08374000000000001,418.7,0.2,32.0
0.08374000000000001,418.7,0.2,32.0
0.08374000000000001,418.7,0.2,32.0
0.08374000000000001,418.7,0.2,32.0
0.08374000000000001,418.7,0.2,32.0
0.12560999999999997,418.7,0.3,32.0
0.08374000000000001,418.7,0.2,32.0
0.08374000000000001,418.7,0.2,32.0
0.08374000000000001,418.7,0.2,32.0
0.08374000000000001,418.7,0.2,32.0
0.08374000000000001,418.7,0.2,32.0
0.08374000000000001,418.7,0.2,32.0
0.12560999999999997,418.7,0.3,32.0
0.08374000000000001,418.7,0.2,32.0
0.08374000000000001,418.7,0.2,32.0
0.08374000000000001,418.7,0.2,32.0
0.08374000000000001,418.7,0.2,32.0
0.08374000000000001,418.7,0.2,32.0
0.08374000000000001,418.7,0.2,32.0
0.041870000000000004,418.7,0.1,32.0
0.08374000000000001,418.7,0.2,32.0
0.08374000000000001,418.7,0.2,32.0
0.08374000000000001,418.7,0.2,32.0
0.08374000000000001,418.7,0.2,32.0
0.08374000000000001,418.7,0.2,32.0
0.08374000000000001,418.7,0.2,32.0
0.08374000000000001,418.7,0.2,32.0
0.08374000000000001,418.7,0.2,32.0
0.08374000000000001,418.7,0.2,32.0
0.08374000000000001,418.7,0.2,32.0
0.08374000000000001,418.7,0.2,32.0
0.08374000000000001,418.7,0.2,32.0
0.08374000000000001,418.7,0.2,32.0
0.08374000000000001,418.7,0.2,32.0
0.08374000000000001,418.7,0.2,32.0
0.08374000000000001,418.7,0.2,32.0
0.08374000000000001,418.7,0.2,32.0
0.08374000000000001,418.7,0.2,32.0
0.08374000000000001,418.7,0.2,32.0
0.08374000000000001,418.7,0.2,32.0
0.08374000000000001,418.7,0.2,32.0
0.08374000000000001,418.7,0.2,32.0
0.08374000000000001,418.7,0.2,32.0
0.08374000000000001,418.7,0.2,32.0
0.08374000000000001,418.7,0.2,32.0
0.08374000000000001,418.7,0.2,32.0
0.08374000000000001,418.7,0.2,32.0
0.08374000000000001,418.7,0.2,32.0
0.08374000000000001,418.7,0.2,32.0
0.08374000000000001,418.7,0.2,32.0
0.08374000000000001,418.7,0.2,32.0
0.08374000000000001,418.7,0.2,32.0
0.08374000000000001,418.7,0.2,32.0
0.08374000000000001,418.7,0.2,32.0
0.041870000000000004,418.7,0.1,32.0
0.08374000000000001,418.7,0.2,32.0
0.08374000000000001,418.7,0.2,32.0
0.08374000000000001,418.7,0.2,32.0
0.08374000000000001,418.7,0.2,32.0
0.08374000000000001,418.7,0.2,32.0
0.12560999999999997,418.7,0.3,32.0
0.16748000000000002,418.7,0.4,32.0
0.9207000000000001,418.5,2.2,32.0
1.46195,417.7,3.5,32.0
1.58726,417.7,3.8,32.0
1.58726,417.7,3.8,32.0
2.12823,417.3,5.1,32.0
2.41918,417.1,5.8,32.0
2.87523,416.7,6.9,32.0
3.20705,416.5,7.7,32.0
2.87109,416.1,6.9,32.0
3.57846,416.1,8.6,32.0
3.4079200000000003,415.6,8.2,32.0
4.11642,415.8,9.9,32.0
4.94445,415.5,11.9,32.0
4.65248,415.4,11.2,32.0
4.19756,415.6,10.1,32.0
4.48632,415.4,10.8,32.0
3.82352,415.6,9.2,32.0
3.2871900000000007,416.1,7.9,32.0
3.4536300000000004,416.1,8.3,32.0
3.4952400000000003,416.1,8.4,32.0
2.41628,416.6,5.8,32.0
1.7113399999999996,417.4,4.1,32.0
2.00208,417.1,4.8,32.0
2.0433000000000003,417.0,4.9,32.0
2.2518000000000002,417.0,5.4,32.0
2.16892,417.1,5.2,32.0
2.12721,417.1,5.1,32.0
2.0855,417.1,5.0,32.0
1.9599000000000002,417.0,4.7,32.0
2.0855,417.1,5.0,32.0
2.2518000000000002,417.0,5.4,32.0
2.2100999999999997,417.0,5.3,32.0
2.085,417.0,5.0,32.0
2.1267,417.0,5.1,32.0
2.1267,417.0,5.1,32.0
2.1678800000000003,416.9,5.2,32.0
2.8322,416.5,6.8,32.0
3.99456,416.1,9.6,32.0
3.9482000000000004,415.6,9.5,32.0
5.10696,415.2,12.3,32.0
8.0652,413.6,19.5,32.0
8.70164,412.4,21.1,32.0
8.666699999999999,412.7,21.0,32.0
6.897099999999999,413.0,16.7,32.0
6.49352,413.6,15.7,32.0
6.984769999999999,413.3,16.9,32.0
7.0261000000000005,413.3,17.0,32.0
6.4474800000000005,413.3,15.6,32.0
6.616,413.5,16.0,32.0
6.07992,413.6,14.7,32.0
6.292799999999999,414.0,15.2,32.0
6.70194,413.7,16.2,32.0
6.616,413.5,16.0,32.0
5.790400000000001,413.6,14.0,32.0
5.464799999999999,414.0,13.2,32.0
5.303040000000001,414.3,12.8,32.0
4.3533,414.6,10.5,32.0
4.43943,414.9,10.7,32.0
4.85199,414.7,11.7,32.0
4.974,414.5,12.0,32.0
4.5628,414.8,11.0,32.0
4.39582,414.7,10.6,32.0
3.8198399999999997,415.2,9.2,32.0
3.7377000000000002,415.3,9.0,32.0
3.90288,415.2,9.4,32.0
4.23504,415.2,10.2,32.0
4.35855,415.1,10.5,32.0
4.148,414.8,10.0,32.0
4.18948,414.8,10.1,32.0
4.2724400000000005,414.8,10.3,32.0
4.149,414.9,10.0,32.0
4.02647,415.1,9.7,32.0
3.9434500000000003,415.1,9.5,32.0
4.43943,414.9,10.7,32.0
4.7298599999999995,414.9,11.4,32.0
4.43943,414.9,10.7,32.0
4.438359999999999,414.8,10.7,32.0
4.35645,414.9,10.5,32.0
4.0245299999999995,414.9,9.7,32.0
4.5617,414.7,11.0,32.0
2.2891,416.2,5.5,32.0
2.53882,416.2,6.1,32.0
1.7068299999999998,416.3,4.1,32.0
0.0,418.0,0.0,32.0
0.0,418.2,0.0,32.0
0.20895,417.9,0.5,32.0
0.2089,417.8,0.5,32.0
1.42052,417.8,3.4,32.0
6.14792,415.4,14.8,32.0
6.12424,413.8,14.8,32.0
6.366359999999999,413.4,15.4,32.0
5.3807,413.9,13.0,32.0
3.901,415.0,9.4,32.0
3.984,415.0,9.6,32.0
3.8622900000000002,415.3,9.3,32.0
3.6943900000000003,415.1,8.9,32.0
3.735,415.0,9.0,32.0
4.400060000000001,415.1,10.6,32.0
1.6624,415.6,4.0,32.0
0.0,418.6,0.0,32.0
0.0,418.2,0.0,32.0
0.16716,417.9,0.4,32.0
0.2089,417.8,0.5,32.0
6.58419,414.1,15.9,32.0
5.418159999999999,413.6,13.1,32.0
2.77581,414.3,6.7,32.0
0.0,418.1,0.0,32.0
0.04181,418.1,0.1,32.0
1.7931,417.0,4.3,32.0
2.4573500000000004,416.5,5.9,32.0
4.109490000000001,415.1,9.9,32.0
3.4876799999999997,415.2,8.4,32.0
1.87335,416.3,4.5,32.0
2.1658000000000004,416.5,5.2,32.0
6.52021,415.3,15.7,32.0
7.803809999999999,412.9,18.9,32.0
8.034,412.0,19.5,32.0
7.828,412.0,19.0,32.0
6.6016,412.6,16.0,32.0
4.88284,413.8,11.8,32.0
4.5954,414.0,11.1,32.0
4.59762,414.2,11.1,32.0
5.13608,414.2,12.4,32.0
3.47928,414.2,8.4,32.0
2.7825100000000003,415.3,6.7,32.0
2.6611200000000004,415.8,6.4,32.0
0.0,417.2,0.0,32.0
0.0,418.3,0.0,32.0
0.0,418.1,0.0,32.0
0.16708,417.7,0.4,32.0
0.20885,417.7,0.5,32.0
0.04178,417.8,0.1,32.0
0.16712,417.8,0.4,32.0
0.16708,417.7,0.4,32.0
0.0,417.8,0.0,32.0
0.20885,417.7,0.5,32.0
0.04177,417.7,0.1,32.0
0.12534,417.8,0.3,32.0
0.12534,417.8,0.3,32.0
0.16712,417.8,0.4,32.0
0.12534,417.8,0.3,32.0
1.5853599999999999,417.2,3.8,32.0
1.54216,416.8,3.7,32.0
1.2927,417.0,3.1,32.0
1.4174599999999997,416.9,3.4,32.0
1.6259099999999997,416.9,3.9,32.0
1.2507,416.9,3.0,32.0
0.6255,417.0,1.5,32.0
0.0,418.1,0.0,32.0
0.041800000000000004,418.0,0.1,32.0
0.12534,417.8,0.3,32.0
0.2089,417.8,0.5,32.0
0.2089,417.8,0.5,32.0
0.45958000000000004,417.8,1.1,32.0
0.4176,417.6,1.0,32.0
0.7100899999999999,417.7,1.7,32.0
4.236059999999999,415.3,10.2,32.0
4.148,414.8,10.0,32.0
3.65552,415.4,8.8,32.0
3.2409,415.5,7.8,32.0
3.36555,415.5,8.1,32.0
6.25895,414.5,15.1,32.0
7.439400000000001,413.3,18.0,32.0
5.66632,413.6,13.7,32.0
3.93585,414.3,9.5,32.0
4.109490000000001,415.1,9.9,32.0
4.3554,414.8,10.5,32.0
4.891100000000001,414.5,11.8,32.0
5.3833,414.1,13.0,32.0
5.010610000000001,414.1,12.1,32.0
4.92779,414.1,11.9,32.0
5.46612,414.1,13.2,32.0
3.5206999999999997,414.2,8.5,32.0
0.7898299999999999,415.7,1.9,32.0
0.0,418.0,0.0,32.0
0.6265499999999999,417.7,1.5,32.0
1.3337600000000003,416.8,3.2,32.0
1.3337600000000003,416.8,3.2,32.0
0.5419700000000001,416.9,1.3,32.0
0.0,417.6,0.0,32.0
0.04179,417.9,0.1,32.0
0.0,417.8,0.0,32.0
0.16712,417.8,0.4,32.0
0.12530999999999998,417.7,0.3,32.0
0.12530999999999998,417.7,0.3,32.0
0.16712,417.8,0.4,32.0
0.2089,417.8,0.5,32.0
0.12530999999999998,417.7,0.3,32.0
0.12534,417.8,0.3,32.0
0.16712,417.8,0.4,32.0
0.16712,417.8,0.4,32.0
0.08356,417.8,0.2,32.0
1.7117499999999999,417.5,4.1,32.0
3.9463,415.4,9.5,32.0
5.0995800000000004,414.6,12.3,32.0
6.37868,414.2,15.4,32.0
6.48253,412.9,15.7,32.0
7.7156199999999995,412.6,18.7,32.0
7.580799999999999,412.0,18.4,32.0
7.9516,412.0,19.3,32.0
8.08108,412.3,19.6,32.0
8.31432,411.6,20.2,32.0
9.912330000000003,411.3,24.1,32.0
10.02108,410.7,24.4,32.0
12.288,409.6,30.0,32.0
13.640559999999999,408.4,33.4,32.0
12.977580000000001,408.1,31.8,32.0
13.702080000000002,407.8,33.6,32.0
8.698360000000001,410.3,21.2,32.0
7.338940000000001,412.3,17.8,32.0
4.5854099999999995,413.1,11.1,32.0
2.7343800000000003,414.3,6.6,32.0
0.0,417.2,0.0,32.0
0.0,417.9,0.0,32.0
0.0,417.7,0.0,32.0
0.16696,417.4,0.4,32.0
0.16692,417.3,0.4,32.0
0.16696,417.4,0.4,32.0
0.12522,417.4,0.3,32.0
0.04174,417.4,0.1,32.0
0.08348,417.4,0.2,32.0
0.04175,417.5,0.1,32.0
0.04175,417.5,0.1,32.0
0.167,417.5,0.4,32.0
0.167,417.5,0.4,32.0
0.167,417.5,0.4,32.0
0.167,417.5,0.4,32.0
0.167,417.5,0.4,32.0
1.3363200000000002,417.6,3.2,32.0
5.322240000000001,415.8,12.8,32.0
8.446,412.0,20.5,32.0
8.19283,411.7,19.9,32.0
6.923280000000001,412.1,16.8,32.0
5.94864,413.1,14.4,32.0
5.2838400000000005,412.8,12.8,32.0
4.27038,414.6,10.3,32.0
3.77468,414.8,9.1,32.0
3.071,415.0,7.4,32.0
3.1155,415.4,7.5,32.0
1.6648,416.2,4.0,32.0
2.12211,416.1,5.1,32.0
2.1216,416.0,5.1,32.0
2.74362,415.7,6.6,32.0
4.110480000000001,415.2,9.9,32.0
4.434079999999999,414.4,10.7,32.0
5.29792,413.9,12.8,32.0
4.636799999999999,414.0,11.2,32.0
4.847309999999999,414.3,11.7,32.0
4.30976,414.4,10.4,32.0
3.8170799999999994,414.9,9.2,32.0
4.0621,414.5,9.8,32.0
4.47552,414.4,10.8,32.0
4.02065,414.5,9.7,32.0
4.60095,414.5,11.1,32.0
4.349099999999999,414.2,10.5,32.0
6.697079999999999,413.4,16.2,32.0
6.354040000000001,412.6,15.4,32.0
6.52382,412.9,15.8,32.0
5.903040000000001,412.8,14.3,32.0
6.730269999999999,412.9,16.3,32.0
6.43812,412.7,15.6,32.0
6.231769999999999,412.7,15.1,32.0
6.68736,412.8,16.2,32.0
6.93,412.5,16.8,32.0
7.304789999999999,412.7,17.7,32.0
7.05204,412.4,17.1,32.0
7.66692,412.2,18.6,32.0
5.20254,412.9,12.6,32.0
3.5991899999999997,413.7,8.7,32.0
0.0,416.5,0.0,32.0
2.0815,416.3,5.0,32.0
2.3279199999999998,415.7,5.6,32.0
2.9092000000000002,415.6,7.0,32.0
2.94721,415.1,7.1,32.0
1.1659199999999998,416.4,2.8,32.0
1.5819400000000001,416.3,3.8,32.0
2.82744,415.8,6.8,32.0
4.9385,415.0,11.9,32.0
5.25145,413.5,12.7,32.0
4.6312,413.5,11.2,32.0
2.5761,415.5,6.2,32.0
2.74164,415.4,6.6,32.0
3.07248,415.2,7.4,32.0
2.57486,415.3,6.2,32.0
0.9574899999999998,416.3,2.3,32.0
0.20845,416.9,0.5,32.0
0.45881000000000005,417.1,1.1,32.0
0.5421,417.0,1.3,32.0
0.66704,416.9,1.6,32.0
0.8334,416.7,2.0,32.0
2.78519,415.7,6.7,32.0
2.24478,415.7,5.4,32.0
0.6657600000000001,416.1,1.6,32.0
0.12519,417.3,0.3,32.0
0.0,417.5,0.0,32.0
1.2513,417.1,3.0,32.0
4.30872,414.3,10.4,32.0
4.26729,414.3,10.3,32.0
4.30976,414.4,10.4,32.0
5.3872,414.4,13.0,32.0
8.972880000000002,411.6,21.8,32.0
10.375530000000001,410.1,25.3,32.0
10.339559999999999,410.3,25.2,32.0
8.979,410.0,21.9,32.0
6.73548,410.7,16.4,32.0
1.49328,414.8,3.6,32.0
0.6252000000000001,416.8,1.5,32.0
1.0829000000000002,416.5,2.6,32.0
0.0,417.6,0.0,32.0
4.11444,415.6,9.9,32.0
7.9516,412.0,19.3,32.0
8.6457,411.7,21.0,32.0
7.4214,412.3,18.0,32.0
6.06816,412.8,14.7,32.0
0.0,417.1,0.0,32.0
0.0,418.5,0.0,32.0
0.0,417.6,0.0,32.0
0.2086,417.2,0.5,32.0
0.12516,417.2,0.3,32.0
0.12516,417.2,0.3,32.0
0.0,417.3,0.0,32.0
0.12516,417.2,0.3,32.0
0.16692,417.3,0.4,32.0
0.16688,417.2,0.4,32.0
3.1962700000000006,415.1,7.7,32.0
4.19251,415.1,10.1,32.0
4.01774,414.2,9.7,32.0
3.77195,414.5,9.1,32.0
3.77286,414.6,9.1,32.0
3.8991200000000004,414.8,9.4,32.0
3.3606899999999995,414.9,8.1,32.0
2.1989699999999996,414.9,5.3,32.0
0.4165,416.5,1.0,32.0
0.87507,416.7,2.1,32.0
0.0,417.5,0.0,32.0
0.0,417.5,0.0,32.0
0.16692,417.3,0.4,32.0
0.20865,417.3,0.5,32.0
0.20865,417.3,0.5,32.0
1.29363,417.3,3.1,32.0
1.9140599999999999,416.1,4.6,32.0
0.7909700000000001,416.3,1.9,32.0
0.3336800000000001,417.1,0.8,32.0
0.29211000000000004,417.3,0.7,32.0
0.50052,417.1,1.2,32.0
2.37519,416.7,5.7,32.0
4.6513599999999995,415.3,11.2,32.0
5.74209,413.1,13.9,32.0
4.675940000000001,413.8,11.3,32.0
1.9963199999999997,415.9,4.8,32.0
2.66048,415.7,6.4,32.0
4.44157,415.1,10.7,32.0
7.711879999999999,412.4,18.7,32.0
8.52012,411.6,20.7,32.0
8.226,411.3,20.0,32.0
8.34533,411.1,20.3,32.0
8.10261,411.3,19.7,32.0
5.985600000000001,412.8,14.5,32.0
5.25653,413.9,12.7,32.0
5.789,413.5,14.0,32.0
7.588159999999999,412.4,18.4,32.0
7.08296,411.8,17.2,32.0
5.562,412.0,13.5,32.0
4.5518,413.8,11.0,32.0
4.09662,413.8,9.9,32.0
0.45694,415.4,1.1,32.0
0.0,417.9,0.0,32.0
0.0,417.7,0.0,32.0
0.16684000000000004,417.1,0.4,32.0
0.20855,417.1,0.5,32.0
0.16684000000000004,417.1,0.4,32.0
0.2086,417.2,0.5,32.0
0.12516,417.2,0.3,32.0
0.08344,417.2,0.2,32.0
0.08344,417.2,0.2,32.0
0.16688,417.2,0.4,32.0
0.5840799999999999,417.2,1.4,32.0
1.33344,416.7,3.2,32.0
3.9463,415.4,9.5,32.0
4.02065,414.5,9.7,32.0
3.4005399999999995,414.7,8.2,32.0
3.4038199999999996,415.1,8.2,32.0
4.7702,414.8,11.5,32.0
7.10876,413.3,17.2,32.0
7.87302,412.2,19.1,32.0
8.6721,411.0,21.1,32.0
10.30857,410.7,25.1,32.0
9.671280000000001,409.8,23.6,32.0
8.5592,411.5,20.8,32.0
7.89312,411.1,19.2,32.0
9.0398,410.9,22.0,32.0
9.363959999999999,410.7,22.8,32.0
8.2611,411.0,20.1,32.0
7.439100000000001,411.0,18.1,32.0
6.720490000000001,412.3,16.3,32.0
6.7156,412.0,16.3,32.0
7.043489999999999,411.9,17.1,32.0
1.8176400000000004,413.1,4.4,32.0
0.0,417.2,0.0,32.0
0.0,417.6,0.0,32.0
0.1668,417.0,0.4,32.0
0.25014,416.9,0.6,32.0
0.20845,416.9,0.5,32.0
0.2085,417.0,0.5,32.0
0.0834,417.0,0.2,32.0
0.1668,417.0,0.4,32.0
0.16684000000000004,417.1,0.4,32.0
0.1251,417.0,0.3,32.0
0.04171000000000001,417.1,0.1,32.0
0.20855,417.1,0.5,32.0
0.9174000000000001,417.0,2.2,32.0
0.24989999999999998,416.5,0.6,32.0
0.0,417.2,0.0,32.0
0.12516,417.2,0.3,32.0
1.8747,416.6,4.5,32.0
1.7472,416.0,4.2,32.0
1.53957,416.1,3.7,32.0
1.41474,416.1,3.4,32.0
1.04125,416.5,2.5,32.0
1.1662,416.5,2.8,32.0
3.24558,416.1,7.8,32.0
4.47768,414.6,10.8,32.0
4.43087,414.1,10.7,32.0
4.09959,414.1,9.9,32.0
3.8152399999999997,414.7,9.2,32.0
2.3234399999999997,414.9,5.6,32.0
0.8324,416.2,2.0,32.0
0.58366,416.9,1.4,32.0
1.7913800000000002,416.6,4.3,32.0
3.15476,415.1,7.6,32.0
4.47012,413.9,10.8,32.0
4.636799999999999,414.0,11.2,32.0
4.5551,414.1,11.0,32.0
4.3905199999999995,414.2,10.6,32.0
4.887560000000001,414.2,11.8,32.0
5.828939999999999,413.4,14.1,32.0
6.6016,412.6,16.0,32.0
6.553979999999999,412.2,15.9,32.0
4.5451999999999995,413.2,11.0,32.0
3.5603999999999996,414.0,8.6,32.0
3.4445000000000006,415.0,8.3,32.0
3.15096,414.6,7.6,32.0
3.60702,414.6,8.7,32.0
7.523879999999999,413.4,18.2,32.0
7.12587,411.9,17.3,32.0
8.59617,411.3,20.9,32.0
8.13384,410.8,19.8,32.0
8.226,411.3,20.0,32.0
7.898879999999999,411.4,19.2,32.0
7.4535800000000005,411.8,18.1,32.0
6.0622799999999994,412.4,14.7,32.0
6.1905,412.7,15.0,32.0
5.369,413.0,13.0,32.0
5.5741499999999995,412.9,13.5,32.0
4.46688,413.6,10.8,32.0
5.20758,413.3,12.6,32.0
4.87812,413.4,11.8,32.0
4.138,413.8,10.0,32.0
3.64496,414.2,8.8,32.0
3.5612600000000003,414.1,8.6,32.0
2.73702,414.7,6.6,32.0
2.7805,415.0,6.7,32.0
5.336729999999999,413.7,12.9,32.0
7.57344,411.6,18.4,32.0
9.4645,411.5,23.0,32.0
7.75845,410.5,18.9,32.0
3.1065,414.2,7.5,32.0
3.8124799999999994,414.4,9.2,32.0
4.4276599999999995,413.8,10.7,32.0
3.22608,413.6,7.8,32.0
0.87255,415.5,2.1,32.0
0.0,417.1,0.0,32.0
0.0,417.2,0.0,32.0
0.0834,417.0,0.2,32.0
0.2084,416.8,0.5,32.0
1.5808,416.0,3.8,32.0
4.47552,414.4,10.8,32.0
4.46688,413.6,10.8,32.0
0.0,413.5,0.0,32.0
0.0,417.6,0.0,32.0
0.04171000000000001,417.1,0.1,32.0
0.4169,416.9,1.0,32.0
1.3318400000000001,416.2,3.2,32.0
2.8267599999999997,415.7,6.8,32.0
5.05568,414.4,12.2,32.0
7.014200000000001,412.6,17.0,32.0
6.959419999999999,411.8,16.9,32.0
6.01812,412.2,14.6,32.0
6.147740000000001,412.6,14.9,32.0
7.378379999999999,412.2,17.9,32.0
12.86775,408.5,31.5,32.0
14.45382,408.3,35.4,32.0
10.050429999999999,406.9,24.7,32.0
5.369,413.0,13.0,32.0
4.21974,413.7,10.2,32.0
3.22998,414.1,7.8,32.0
0.29064,415.2,0.7,32.0
0.12503999999999998,416.8,0.3,32.0
0.6245999999999999,416.4,1.5,32.0
2.03791,415.9,4.9,32.0
8.12224,414.4,19.6,32.0
10.91132,410.2,26.6,32.0
2.6259200000000003,410.3,6.4,32.0
0.0,418.2,0.0,32.0
0.0,417.5,0.0,32.0
0.2084,416.8,0.5,32.0
0.12500999999999998,416.7,0.3,32.0
0.12503999999999998,416.8,0.3,32.0
0.16672000000000003,416.8,0.4,32.0
0.12503999999999998,416.8,0.3,32.0
0.08338,416.9,0.2,32.0
0.16676,416.9,0.4,32.0
0.04169,416.9,0.1,32.0
2.6988,415.2,6.5,32.0
2.5315,415.0,6.1,32.0
2.4911999999999996,415.2,6.0,32.0
2.03546,415.4,4.9,32.0
1.4143999999999999,416.0,3.4,32.0
1.4140599999999999,415.9,3.4,32.0
1.62162,415.8,3.9,32.0
1.58004,415.8,3.8,32.0
0.0,416.0,0.0,32.0
0.0,417.2,0.0,32.0
0.0,417.1,0.0,32.0
0.12507,416.9,0.3,32.0
0.16676,416.9,0.4,32.0
0.12507,416.9,0.3,32.0
0.1668,417.0,0.4,32.0
0.08338,416.9,0.2,32.0
0.16676,416.9,0.4,32.0
0.1668,417.0,0.4,32.0
0.1251,417.0,0.3,32.0
1.9566100000000002,416.3,4.7,32.0
4.26935,414.5,10.3,32.0
3.68549,414.1,8.9,32.0
3.02804,414.8,7.3,32.0
2.9465,415.0,7.1,32.0
2.9872799999999997,414.9,7.2,32.0
4.93136,414.4,11.9,32.0
9.02061,411.9,21.9,32.0
9.929260000000001,410.3,24.2,32.0
11.102870000000001,409.7,27.1,32.0
11.242,408.8,27.5,32.0
7.568350000000001,409.1,18.5,32.0
5.042260000000001,413.3,12.2,32.0
5.2489099999999995,413.3,12.7,32.0
4.25493,413.1,10.3,32.0
3.35502,414.2,8.1,32.0
2.8614300000000004,414.7,6.9,32.0
2.24208,415.2,5.4,32.0
1.20553,415.7,2.9,32.0
1.2896,416.0,3.1,32.0
1.4140599999999999,415.9,3.4,32.0
0.9568,416.0,2.3,32.0
0.0,417.1,0.0,32.0
0.0,417.0,0.0,32.0
0.08338,416.9,0.2,32.0
0.20845,416.9,0.5,32.0
0.20845,416.9,0.5,32.0
0.12507,416.9,0.3,32.0
0.12507,416.9,0.3,32.0
0.04169,416.9,0.1,32.0
0.12507,416.9,0.3,32.0
1.7905199999999997,416.4,4.3,32.0
1.6636,415.9,4.0,32.0
1.29022,416.2,3.1,32.0
1.20669,416.1,2.9,32.0
1.3315200000000003,416.1,3.2,32.0
4.445849999999999,415.5,10.7,32.0
7.394489999999999,413.1,17.9,32.0
8.96198,411.1,21.8,32.0
7.237120000000001,411.2,17.6,32.0
7.622,412.0,18.5,32.0
7.0006,411.8,17.0,32.0
7.743720000000001,411.9,18.8,32.0
8.0556,411.0,19.6,32.0
9.2064,411.0,22.4,32.0
9.9341,410.5,24.2,32.0
10.761959999999998,409.2,26.3,32.0
8.56273,409.7,20.9,32.0
8.955440000000001,410.8,21.8,32.0
8.6226,410.6,21.0,32.0
9.145230000000002,410.1,22.3,32.0
10.086,410.0,24.6,32.0
9.55533,410.1,23.3,32.0
9.54368,409.6,23.3,32.0
9.586979999999999,409.7,23.4,32.0
3.1662399999999997,411.2,7.7,32.0
0.0,418.6,0.0,32.0
0.0,417.3,0.0,32.0
0.2083,416.6,0.5,32.0
0.29155,416.5,0.7,32.0
0.2083,416.6,0.5,32.0
0.04166,416.6,0.1,32.0
0.16664,416.6,0.4,32.0
0.20835,416.7,0.5,32.0
0.04167,416.7,0.1,32.0
0.33336,416.7,0.8,32.0
1.83216,416.4,4.4,32.0
2.20215,415.5,5.3,32.0
6.06522,412.6,14.7,32.0
4.25493,413.1,10.3,32.0
0.0,416.2,0.0,32.0
0.0,417.5,0.0,32.0
0.0,417.1,0.0,32.0
0.16668,416.7,0.4,32.0
0.12500999999999998,416.7,0.3,32.0
0.04168000000000001,416.8,0.1,32.0
0.20835,416.7,0.5,32.0
0.37503,416.7,0.9,32.0
1.16536,416.2,2.8,32.0
1.53883,415.9,3.7,32.0
2.9078,415.4,7.0,32.0
2.49,415.0,6.0,32.0
1.58004,415.8,3.8,32.0
1.53883,415.9,3.7,32.0
1.8295200000000003,415.8,4.4,32.0
2.11956,415.6,5.1,32.0
7.394489999999999,413.1,17.9,32.0
11.416679999999998,409.2,27.9,32.0
10.639199999999999,409.2,26.0,32.0
10.03275,409.5,24.5,32.0
7.46382,410.1,18.2,32.0
5.81343,412.3,14.1,32.0
5.492900000000001,413.0,13.3,32.0
4.83678,413.4,11.7,32.0
4.50715,413.5,10.9,32.0
4.92065,413.5,11.9,32.0
8.6751,413.1,21.0,32.0
9.113100000000001,410.5,22.2,32.0
11.55636,409.8,28.2,32.0
11.20112,408.8,27.4,32.0
9.613850000000001,409.1,23.5,32.0
10.85705,409.7,26.5,32.0
11.165700000000001,409.0,27.3,32.0
3.6605700000000003,411.3,8.9,32.0
0.95473,415.1,2.3,32.0
0.20805,416.1,0.5,32.0
1.54068,416.4,3.7,32.0
3.19473,414.9,7.7,32.0
4.918270000000001,413.3,11.9,32.0
4.42124,413.2,10.7,32.0
5.57685,413.1,13.5,32.0
6.389099999999999,412.2,15.5,32.0
5.94,412.5,14.4,32.0
5.8106100000000005,412.1,14.1,32.0
5.98125,412.5,14.5,32.0
6.84252,412.2,16.6,32.0
3.99931,412.3,9.7,32.0
2.98224,414.2,7.2,32.0
3.8502,414.0,9.3,32.0
4.30144,413.6,10.4,32.0
5.336729999999999,413.7,12.9,32.0
7.77924,411.6,18.9,32.0
8.897,410.0,21.7,32.0
4.76412,410.7,11.6,32.0
2.0735,414.7,5.0,32.0
0.0,416.0,0.0,32.0
0.0,417.2,0.0,32.0
0.0,416.8,0.0,32.0
0.20825,416.5,0.5,32.0
0.16656,416.4,0.4,32.0
0.16660000000000003,416.5,0.4,32.0
3.87252,416.4,9.3,32.0
7.471680000000001,412.8,18.1,32.0
8.58363,410.7,20.9,32.0
0.0,414.2,0.0,32.0
0.0,417.8,0.0,32.0
0.0,417.2,0.0,32.0
0.08332,416.6,0.2,32.0
2.45263,415.7,5.9,32.0
3.6846000000000005,414.0,8.9,32.0
5.3846,414.2,13.0,32.0
8.21074,412.6,19.9,32.0
9.589319999999999,409.8,23.4,32.0
9.293379999999999,409.4,22.7,32.0
7.92844,410.8,19.3,32.0
7.0691999999999995,411.0,17.2,32.0
2.7323999999999997,414.0,6.6,32.0
3.3152,414.4,8.0,32.0
2.15592,414.6,5.2,32.0
2.2814,414.8,5.5,32.0
4.399,415.0,10.6,32.0
6.553979999999999,412.2,15.9,32.0
9.24525,410.9,22.5,32.0
5.3443000000000005,411.1,13.0,32.0
0.12468000000000001,415.6,0.3,32.0
0.0,416.6,0.0,32.0
0.0,417.2,0.0,32.0
0.12498000000000001,416.6,0.3,32.0
0.2082,416.4,0.5,32.0
0.0,416.5,0.0,32.0
0.12494999999999999,416.5,0.3,32.0
0.0,416.6,0.0,32.0
0.16660000000000003,416.5,0.4,32.0
0.0,416.6,0.0,32.0
0.16664,416.6,0.4,32.0
2.54065,416.5,6.1,32.0
7.1757599999999995,412.4,17.4,32.0
7.48748,411.4,18.2,32.0
8.1789,411.0,19.9,32.0
7.237120000000001,411.2,17.6,32.0
0.0,414.4,0.0,32.0
0.0,417.7,0.0,32.0
0.04168000000000001,416.8,0.1,32.0
0.08330000000000001,416.5,0.2,32.0
0.2082,416.4,0.5,32.0
0.2083,416.6,0.5,32.0
0.16664,416.6,0.4,32.0
0.16664,416.6,0.4,32.0
0.16664,416.6,0.4,32.0
0.12498000000000001,416.6,0.3,32.0
0.16664,416.6,0.4,32.0
0.12498000000000001,416.6,0.3,32.0
0.45826000000000006,416.6,1.1,32.0
4.765599999999999,414.4,11.5,32.0
5.20254,412.9,12.6,32.0
4.630079999999999,413.4,11.2,32.0
1.61733,414.7,3.9,32.0
1.57928,415.6,3.8,32.0
5.2138800000000005,413.8,12.6,32.0
6.760079999999999,412.2,16.4,32.0
7.49112,411.6,18.2,32.0
9.516639999999999,410.2,23.2,32.0
9.79183,409.7,23.9,32.0
8.364,410.0,20.4,32.0
6.7453199999999995,411.3,16.4,32.0
7.3640599999999985,411.4,17.9,32.0
7.94002,411.4,19.3,32.0
7.97534,411.1,19.4,32.0
7.59795,410.7,18.5,32.0
7.07264,411.2,17.2,32.0
5.55255,411.3,13.5,32.0
0.4144,414.4,1.0,32.0
0.0,416.1,0.0,32.0
0.0,417.0,0.0,32.0
0.0,416.7,0.0,32.0
0.20825,416.5,0.5,32.0
0.16656,416.4,0.4,32.0
0.12494999999999999,416.5,0.3,32.0
0.16660000000000003,416.5,0.4,32.0
0.041650000000000006,416.5,0.1,32.0
0.041650000000000006,416.5,0.1,32.0
0.20825,416.5,0.5,32.0
0.16660000000000003,416.5,0.4,32.0
0.16664,416.6,0.4,32.0
0.16664,416.6,0.4,32.0
0.08332,416.6,0.2,32.0
3.4969200000000003,416.3,8.4,32.0
3.3517799999999998,413.8,8.1,32.0
4.426589999999999,413.7,10.7,32.0
4.01289,413.7,9.7,32.0
4.962,413.5,12.0,32.0
7.21525,412.3,17.5,32.0
9.14969,410.3,22.3,32.0
10.16304,409.8,24.8,32.0
10.562520000000001,409.4,25.8,32.0
10.641800000000002,409.3,26.0,32.0
12.949449999999999,408.5,31.7,32.0
13.54228,407.9,33.2,32.0
13.3749,405.3,33.0,32.0
12.4949,407.0,30.7,32.0
8.8064,409.6,21.5,32.0
8.96805,409.5,21.9,32.0
10.235,409.4,25.0,32.0
8.88181,409.3,21.7,32.0
7.523130000000001,411.1,18.3,32.0
4.03368,411.6,9.8,32.0
4.133,413.3,10.0,32.0
3.5122,413.2,8.5,32.0
0.0,414.4,0.0,32.0
0.0,417.0,0.0,32.0
0.0,416.6,0.0,32.0
0.16648000000000002,416.2,0.4,32.0
0.16648000000000002,416.2,0.4,32.0
0.08324000000000001,416.2,0.2,32.0
0.04163,416.3,0.1,32.0
0.12489,416.3,0.3,32.0
0.04163,416.3,0.1,32.0
0.16652,416.3,0.4,32.0
0.12491999999999999,416.4,0.3,32.0
0.12489,416.3,0.3,32.0
0.2082,416.4,0.5,32.0
0.12491999999999999,416.4,0.3,32.0
0.12491999999999999,416.4,0.3,32.0
0.16656,416.4,0.4,32.0
0.12491999999999999,416.4,0.3,32.0
1.20669,416.1,2.9,32.0
0.7479,415.5,1.8,32.0
0.0,416.5,0.0,32.0
0.0,416.6,0.0,32.0
0.041650000000000006,416.5,0.1,32.0
0.20825,416.5,0.5,32.0
0.08330000000000001,416.5,0.2,32.0
0.45815000000000006,416.5,1.1,32.0
3.6476,414.5,8.8,32.0
6.53014,413.3,15.8,32.0
8.10852,411.6,19.7,32.0
10.673,410.5,26.0,32.0
12.76727,407.9,31.3,32.0
12.246,408.2,30.0,32.0
8.61302,408.2,21.1,32.0
6.1635,410.9,15.0,32.0
5.071290000000001,412.3,12.3,32.0
5.48891,412.7,13.3,32.0
6.099080000000001,412.1,14.8,32.0
7.20475,411.7,17.5,32.0
9.69252,410.7,23.6,32.0
9.77749,409.1,23.9,32.0
9.127390000000002,409.3,22.3,32.0
8.220900000000002,409.0,20.1,32.0
7.676349999999999,410.5,18.7,32.0
5.844720000000001,411.6,14.2,32.0
5.81343,412.3,14.1,32.0
6.260879999999999,411.9,15.2,32.0
4.3386,413.2,10.5,32.0
4.71048,413.2,11.4,32.0
5.16375,413.1,12.5,32.0
5.81625,412.5,14.1,32.0
6.6332,412.0,16.1,32.0
6.74204,411.1,16.4,32.0
6.05346,411.8,14.7,32.0
6.29748,411.6,15.3,32.0
2.8104400000000003,413.3,6.8,32.0
0.37287,414.3,0.9,32.0
1.8738,416.4,4.5,32.0
4.83912,413.6,11.7,32.0
4.5820799999999995,412.8,11.1,32.0
4.2951999999999995,413.0,10.4,32.0
3.3533999999999997,414.0,8.1,32.0
3.3939799999999996,413.9,8.2,32.0
4.92422,413.8,11.9,32.0
7.816599999999999,411.4,19.0,32.0
7.967579999999999,410.7,19.4,32.0
7.226560000000001,410.6,17.6,32.0
4.85688,411.6,11.8,32.0
1.11753,413.9,2.7,32.0
1.37082,415.4,3.3,32.0
1.9915199999999997,414.9,4.8,32.0
2.27975,414.5,5.5,32.0
1.99104,414.8,4.8,32.0
1.7421600000000002,414.8,4.2,32.0
1.2040799999999998,415.2,2.9,32.0
0.66464,415.4,1.6,32.0
0.0,416.2,0.0,32.0
0.49943999999999994,416.2,1.2,32.0
2.076,415.2,5.0,32.0
3.15248,414.8,7.6,32.0
4.909940000000001,412.6,11.9,32.0
4.951200000000001,412.6,12.0,32.0
4.089690000000001,413.1,9.9,32.0
4.25905,413.5,10.3,32.0
4.42017,413.1,10.7,32.0
5.242559999999999,412.8,12.7,32.0
5.88731,411.7,14.3,32.0
6.621930000000001,411.3,16.1,32.0
6.46526,411.8,15.7,32.0
6.3829,411.8,15.5,32.0
5.4384,412.0,13.2,32.0
3.21984,412.8,7.8,32.0
3.22998,414.1,7.8,32.0
4.3852199999999995,413.7,10.6,32.0
5.328990000000001,413.1,12.9,32.0
5.24002,412.6,12.7,32.0
1.8616499999999998,413.7,4.5,32.0
1.6608,415.2,4.0,32.0
0.0,415.8,0.0,32.0
0.0,416.7,0.0,32.0
0.0,416.3,0.0,32.0
0.12485999999999998,416.2,0.3,32.0
1.78794,415.8,4.3,32.0
2.9408199999999995,414.2,7.1,32.0
2.5692799999999996,414.4,6.2,32.0
0.16624,415.6,0.4,32.0
0.0,416.7,0.0,32.0
0.0,416.4,0.0,32.0
0.08326,416.3,0.2,32.0
0.04163,416.3,0.1,32.0
0.08326,416.3,0.2,32.0
0.16652,416.3,0.4,32.0
1.0823800000000001,416.3,2.6,32.0
3.6810400000000003,413.6,8.9,32.0
2.93869,413.9,7.1,32.0
2.7350399999999997,414.4,6.6,32.0
2.5705200000000006,414.6,6.2,32.0
1.7019099999999998,415.1,4.1,32.0
1.6196700000000002,415.3,3.9,32.0
0.20805,416.1,0.5,32.0
0.9570299999999999,416.1,2.3,32.0
1.6624,415.6,4.0,32.0
2.03301,414.9,4.9,32.0
1.49544,415.4,3.6,32.0
1.5789,415.5,3.8,32.0
4.2289200000000005,414.6,10.2,32.0
4.17433,413.3,10.1,32.0
3.68193,413.7,8.9,32.0
3.2291999999999996,414.0,7.8,32.0
3.89348,414.2,9.4,32.0
6.63642,412.2,16.1,32.0
8.06736,411.6,19.6,32.0
8.09276,410.8,19.7,32.0
7.394400000000001,410.8,18.0,32.0
7.355109999999999,410.9,17.9,32.0
8.0967,411.0,19.7,32.0
9.27504,410.4,22.6,32.0
8.65311,410.1,21.1,32.0
8.448060000000002,410.1,20.6,32.0
8.82145,410.3,21.5,32.0
8.123940000000001,410.3,19.8,32.0
7.3568999999999996,411.0,17.9,32.0
5.714290000000001,411.1,13.9,32.0
5.8958900000000005,412.3,14.3,32.0
3.3072,413.4,8.0,32.0
0.0,415.8,0.0,32.0
0.0,416.9,0.0,32.0
0.0,416.4,0.0,32.0
0.29127,416.1,0.7,32.0
0.16644000000000003,416.1,0.4,32.0
0.16644000000000003,416.1,0.4,32.0
0.0,416.2,0.0,32.0
0.12485999999999998,416.2,0.3,32.0
0.08324000000000001,416.2,0.2,32.0
0.16648000000000002,416.2,0.4,32.0
0.4162,416.2,1.0,32.0
1.62162,415.8,3.9,32.0
6.592,412.0,16.0,32.0
13.0624,408.2,32.0,32.0
10.7961,407.4,26.5,32.0
3.83896,408.4,9.4,32.0
4.8757600000000005,413.2,11.8,32.0
7.537769999999999,411.9,18.3,32.0
8.4132,410.4,20.5,32.0
9.07205,410.5,22.1,32.0
9.086459999999999,409.3,22.2,32.0
10.86344,408.4,26.6,32.0
12.911760000000003,408.6,31.6,32.0
13.21125,406.5,32.5,32.0
13.377139999999999,406.6,32.9,32.0
12.6077,406.7,31.0,32.0
11.805900000000001,407.1,29.0,32.0
11.68951,407.3,28.7,32.0
10.738290000000001,408.3,26.3,32.0
6.0606,409.5,14.8,32.0
4.41803,412.9,10.7,32.0
0.0,415.5,0.0,32.0
0.0,416.8,0.0,32.0
0.0,416.2,0.0,32.0
0.2079,415.8,0.5,32.0
0.24947999999999998,415.8,0.6,32.0
0.04159,415.9,0.1,32.0
0.0,416.0,0.0,32.0
0.1664,416.0,0.4,32.0
1.95473,415.9,4.7,32.0
2.0281100000000003,413.9,4.9,32.0
0.08316000000000001,415.8,0.2,32.0
0.0,416.3,0.0,32.0
0.0,416.2,0.0,32.0
0.3328,416.0,0.8,32.0
1.32928,415.4,3.2,32.0
1.0803,415.5,2.6,32.0
0.95588,415.6,2.3,32.0
1.2468000000000001,415.6,3.0,32.0
3.27613,414.7,7.9,32.0
4.26111,413.7,10.3,32.0
5.155,412.4,12.5,32.0
4.49952,412.8,10.9,32.0
4.668030000000001,413.1,11.3,32.0
4.048380000000001,413.1,9.8,32.0
4.17231,413.1,10.1,32.0
3.76103,413.3,9.1,32.0
3.7215,413.5,9.0,32.0
3.9686399999999993,413.4,9.6,32.0
6.918240000000001,411.8,16.8,32.0
9.11976,410.8,22.2,32.0
8.689879999999999,409.9,21.2,32.0
8.8064,409.6,21.5,32.0
8.32706,410.2,20.3,32.0
8.12592,410.4,19.8,32.0
6.9751,410.3,17.0,32.0
5.80638,411.8,14.1,32.0
5.678700000000001,411.5,13.8,32.0
5.80356,411.6,14.1,32.0
6.455839999999999,411.2,15.7,32.0
6.536490000000001,411.1,15.9,32.0
6.4193999999999996,411.5,15.6,32.0
6.7041900000000005,411.3,16.3,32.0
6.457409999999999,411.3,15.7,32.0
5.802149999999999,411.5,14.1,32.0
5.15375,412.3,12.5,32.0
4.33545,412.9,10.5,32.0
5.20128,412.8,12.6,32.0
6.14476,412.4,14.9,32.0
7.46564,410.2,18.2,32.0
7.87392,410.1,19.2,32.0
8.00475,410.5,19.5,32.0
7.922650000000001,410.5,19.3,32.0
7.75467,410.3,18.9,32.0
7.708,410.0,18.8,32.0
5.1425,411.4,12.5,32.0
3.9235,413.0,9.5,32.0
0.0,415.1,0.0,32.0
1.9089999999999998,415.0,4.6,32.0
3.6018,414.0,8.7,32.0
5.194979999999999,412.3,12.6,32.0
3.4641599999999997,412.4,8.4,32.0
2.40352,414.4,5.8,32.0
4.71504,413.6,11.4,32.0
5.7708,412.2,14.0,32.0
4.494070000000001,412.3,10.9,32.0
3.4254100000000003,412.7,8.3,32.0
2.64896,413.9,6.4,32.0
2.691,414.0,6.5,32.0
2.77313,413.9,6.7,32.0
0.7475400000000001,415.3,1.8,32.0
1.03825,415.3,2.5,32.0
2.073,414.6,5.0,32.0
4.80124,413.9,11.6,32.0
5.524820000000001,412.3,13.4,32.0
6.01228,411.8,14.6,32.0
5.9328,412.0,14.4,32.0
6.171,411.4,15.0,32.0
6.42252,411.7,15.6,32.0
7.394400000000001,410.8,18.0,32.0
8.29816,410.8,20.2,32.0
7.10165,410.5,17.3,32.0
5.99476,410.6,14.6,32.0
5.96675,411.5,14.5,32.0
5.965299999999999,411.4,14.5,32.0
7.51764,410.8,18.3,32.0
7.7938,410.2,19.0,32.0
7.832910000000001,410.1,19.1,32.0
6.48906,410.7,15.8,32.0
6.73712,410.8,16.4,32.0
6.48906,410.7,15.8,32.0
5.55525,411.5,13.5,32.0
5.3547,411.9,13.0,32.0
4.3725,412.5,10.6,32.0
4.253900000000001,413.0,10.3,32.0
3.42707,412.9,8.3,32.0
3.9657600000000004,413.1,9.6,32.0
0.8274,413.7,2.0,32.0
0.0,416.4,0.0,32.0
0.0,416.2,0.0,32.0
0.12473999999999999,415.8,0.3,32.0
0.20785,415.7,0.5,32.0
0.041580000000000006,415.8,0.1,32.0
0.08318,415.9,0.2,32.0
0.4158,415.8,1.0,32.0
0.4157,415.7,1.0,32.0
0.4156,415.6,1.0,32.0
1.07978,415.3,2.6,32.0
2.6923,414.2,6.5,32.0
2.31952,414.2,5.6,32.0
1.98864,414.3,4.8,32.0
0.33224000000000004,415.3,0.8,32.0
0.5402800000000001,415.6,1.3,32.0
0.54015,415.5,1.3,32.0
0.0,415.7,0.0,32.0
0.0,416.0,0.0,32.0
0.0,415.9,0.0,32.0
0.20795,415.9,0.5,32.0
1.62162,415.8,3.9,32.0
4.589849999999999,413.5,11.1,32.0
5.491569999999999,412.9,13.3,32.0
2.4768000000000003,412.8,6.0,32.0
1.2035,415.0,2.9,32.0
0.0,416.4,0.0,32.0
0.0,416.4,0.0,32.0
0.20805,416.1,0.5,32.0
2.8648800000000003,415.2,6.9,32.0
4.4658,413.5,10.8,32.0
7.932300000000001,411.0,19.3,32.0
8.00865,410.7,19.5,32.0
8.0067,410.6,19.5,32.0
9.559989999999999,410.3,23.3,32.0
9.256960000000001,409.6,22.6,32.0
9.53669,409.3,23.3,32.0
10.35529,409.3,25.3,32.0
10.393679999999998,409.2,25.4,32.0
10.4244,408.8,25.5,32.0
8.6708,409.0,21.2,32.0
8.81715,410.1,21.5,32.0
8.407050000000002,410.1,20.5,32.0
3.3661,410.5,8.2,32.0
2.23398,413.7,5.4,32.0
0.0,415.4,0.0,32.0
0.0,416.4,0.0,32.0
0.16636,415.9,0.4,32.0
0.20785,415.7,0.5,32.0
0.20785,415.7,0.5,32.0
0.16632000000000002,415.8,0.4,32.0
0.08316000000000001,415.8,0.2,32.0
0.16636,415.9,0.4,32.0
0.2079,415.8,0.5,32.0
2.24208,415.2,5.4,32.0
3.19088,414.4,7.7,32.0
7.62385,412.1,18.5,32.0
7.342579999999999,410.2,17.9,32.0
6.168,411.2,15.0,32.0
4.20954,412.7,10.2,32.0
4.0474,413.0,9.8,32.0
7.16184,411.6,17.4,32.0
8.58781,410.9,20.9,32.0
9.690929999999998,408.9,23.7,32.0
11.269080000000002,408.3,27.6,32.0
10.09242,408.6,24.7,32.0
8.462159999999999,408.8,20.7,32.0
9.49576,409.3,23.2,32.0
12.8646,408.4,31.5,32.0
15.018080000000001,404.8,37.1,32.0
16.062620000000003,404.6,39.7,32.0
10.858889999999999,406.7,26.7,32.0
11.46761,408.1,28.1,32.0
13.067910000000001,407.1,32.1,32.0
9.51912,406.8,23.4,32.0
1.40964,414.6,3.4,32.0
3.2245199999999996,413.4,7.8,32.0
3.3032,412.9,8.0,32.0
0.0,415.9,0.0,32.0
0.0,416.0,0.0,32.0
0.0,415.6,0.0,32.0
0.16624,415.6,0.4,32.0
0.041550000000000004,415.5,0.1,32.0
0.12468000000000001,415.6,0.3,32.0
0.12468000000000001,415.6,0.3,32.0
0.16624,415.6,0.4,32.0
0.0,415.7,0.0,32.0
0.12468000000000001,415.6,0.3,32.0
0.12470999999999999,415.7,0.3,32.0
0.16628,415.7,0.4,32.0
0.04157,415.7,0.1,32.0
0.16628,415.7,0.4,32.0
0.6235499999999999,415.7,1.5,32.0
3.1517199999999996,414.7,7.6,32.0
3.7582999999999998,413.0,9.1,32.0
3.3485399999999994,413.4,8.1,32.0
3.35097,413.7,8.1,32.0
2.69035,413.9,6.5,32.0
2.15488,414.4,5.2,32.0
1.98912,414.4,4.8,32.0
2.15384,414.2,5.2,32.0
2.5260100000000003,414.1,6.1,32.0
3.06434,414.1,7.4,32.0
5.1962399999999995,412.4,12.6,32.0
7.129330000000001,412.1,17.3,32.0
8.24502,410.2,20.1,32.0
9.34116,409.7,22.8,32.0
7.870079999999999,409.9,19.2,32.0
7.71552,410.4,18.8,32.0
7.76223,410.7,18.9,32.0
7.549519999999999,410.3,18.4,32.0
6.615489999999999,410.9,16.1,32.0
6.86203,410.9,16.7,32.0
8.08685,410.5,19.7,32.0
13.356159999999997,407.2,32.8,32.0
10.08616,406.7,24.8,32.0
1.98816,414.2,4.8,32.0
3.02147,413.9,7.3,32.0
4.543,413.0,11.0,32.0
4.82742,412.6,11.7,32.0
4.455,412.5,10.8,32.0
4.78384,412.4,11.6,32.0
4.29,412.5,10.4,32.0
4.45392,412.4,10.8,32.0
4.82391,412.3,11.7,32.0
4.6211199999999995,412.6,11.2,32.0
4.5375,412.5,11.0,32.0
5.44104,412.2,13.2,32.0
5.88874,411.8,14.3,32.0
8.07306,409.8,19.7,32.0
7.456539999999999,409.7,18.2,32.0
6.31862,410.3,15.4,32.0
2.39134,412.3,5.8,32.0
0.0,414.4,0.0,32.0
0.0,416.4,0.0,32.0
0.0,416.1,0.0,32.0
0.16624,415.6,0.4,32.0
5.68687,415.1,13.7,32.0
6.42252,411.7,15.6,32.0
6.323240000000001,410.6,15.4,32.0
5.7596,411.4,14.0,32.0
6.827580000000001,411.3,16.6,32.0
6.36895,410.9,15.5,32.0
6.9048,411.0,16.8,32.0
6.12837,411.3,14.9,32.0
6.0857600000000005,411.2,14.8,32.0
5.5566,411.6,13.5,32.0
0.0,414.5,0.0,32.0
0.0,416.1,0.0,32.0
4.75525,413.5,11.5,32.0
5.7708,412.2,14.0,32.0
7.4300500000000005,410.5,18.1,32.0
2.5186899999999994,412.9,6.1,32.0
0.0,414.5,0.0,32.0
0.0,416.5,0.0,32.0
0.37422000000000005,415.8,0.9,32.0
1.90578,414.3,4.6,32.0
3.84462,413.4,9.3,32.0
7.448150000000001,411.5,18.1,32.0
8.27392,409.6,20.2,32.0
6.817620000000001,410.7,16.6,32.0
5.761,411.5,14.0,32.0
5.47428,411.6,13.3,32.0
5.64029,411.7,13.7,32.0
5.5593,411.8,13.5,32.0
6.338640000000001,411.6,15.4,32.0
6.174,411.6,15.0,32.0
5.885880000000001,411.6,14.3,32.0
2.1083399999999997,413.4,5.1,32.0
2.2361400000000002,414.1,5.4,32.0
2.071,414.2,5.0,32.0
2.40178,414.1,5.8,32.0
2.8966,413.8,7.0,32.0
3.3064,413.3,8.0,32.0
2.93514,413.4,7.1,32.0
0.0,414.1,0.0,32.0
0.0,416.2,0.0,32.0
0.0,415.9,0.0,32.0
0.08312,415.6,0.2,32.0
0.4155,415.5,1.0,32.0
1.41032,414.8,3.4,32.0
2.85522,413.8,6.9,32.0
3.55438,413.3,8.6,32.0
2.35638,413.4,5.7,32.0
0.0,416.3,0.0,32.0
0.0,416.1,0.0,32.0
0.8719199999999999,415.2,2.1,32.0
1.162,415.0,2.8,32.0
0.78869,415.1,1.9,32.0
0.0,415.4,0.0,32.0
0.0,415.8,0.0,32.0
0.16632000000000002,415.8,0.4,32.0
0.2079,415.8,0.5,32.0
2.45263,415.7,5.9,32.0
4.825079999999999,412.4,11.7,32.0
4.7025,412.5,11.4,32.0
0.0,416.1,0.0,32.0
0.0,416.4,0.0,32.0
0.0,416.0,0.0,32.0
0.2079,415.8,0.5,32.0
0.2079,415.8,0.5,32.0
0.2079,415.8,0.5,32.0
2.9008,414.4,7.0,32.0
4.09365,413.5,9.9,32.0
4.131,413.1,10.0,32.0
7.11549,411.3,17.3,32.0
7.06404,410.7,17.2,32.0
6.86704,411.2,16.7,32.0
6.4527,411.0,15.7,32.0
6.990399999999999,411.2,17.0,32.0
8.32503,410.1,20.3,32.0
8.642560000000001,409.6,21.1,32.0
9.74372,409.4,23.8,32.0
10.1432,409.0,24.8,32.0
9.31836,408.7,22.8,32.0
6.24416,410.8,15.2,32.0
6.414719999999999,411.2,15.6,32.0
5.645770000000001,412.1,13.7,32.0
4.125,412.5,10.0,32.0
0.0,414.6,0.0,32.0
0.0,416.5,0.0,32.0
0.041580000000000006,415.8,0.1,32.0
0.20785,415.7,0.5,32.0
0.08314,415.7,0.2,32.0
0.12470999999999999,415.7,0.3,32.0
0.0,415.7,0.0,32.0
0.16628,415.7,0.4,32.0
0.20785,415.7,0.5,32.0
0.20785,415.7,0.5,32.0
0.24941999999999998,415.7,0.6,32.0
1.9929599999999998,415.2,4.8,32.0
7.8450999999999995,412.9,19.0,32.0
7.63344,410.4,18.6,32.0
6.5744,410.9,16.0,32.0
5.6032,412.0,13.6,32.0
6.42408,411.8,15.6,32.0
8.548800000000002,411.0,20.8,32.0
10.985959999999999,408.4,26.9,32.0
10.779119999999999,408.3,26.4,32.0
12.17229,407.1,29.9,32.0
10.842160000000002,407.6,26.6,32.0
6.6355200000000005,409.6,16.2,32.0
7.11549,411.3,17.3,32.0
7.87776,410.3,19.2,32.0
10.089949999999998,408.5,24.7,32.0
10.53414,408.3,25.8,32.0
10.41165,408.3,25.5,32.0
9.0687,408.5,22.2,32.0
5.1375,411.0,12.5,32.0
2.9736,413.0,7.2,32.0
3.55524,413.4,8.6,32.0
4.005129999999999,412.9,9.7,32.0
4.24978,412.6,10.3,32.0
3.5492199999999996,412.7,8.6,32.0
2.2323600000000003,413.4,5.4,32.0
0.0,415.4,0.0,32.0
0.0,416.0,0.0,32.0
0.0,415.7,0.0,32.0
0.041550000000000004,415.5,0.1,32.0
0.20775,415.5,0.5,32.0
0.4153,415.3,1.0,32.0
0.7475400000000001,415.3,1.8,32.0
2.5668,414.0,6.2,32.0
4.137,413.7,10.0,32.0
4.0061,413.0,9.7,32.0
3.9235,413.0,9.5,32.0
2.3150399999999993,413.4,5.6,32.0
1.61655,414.5,3.9,32.0
2.3598000000000003,414.0,5.7,32.0
2.56556,413.8,6.2,32.0
2.23506,413.9,5.4,32.0
1.82248,414.2,4.4,32.0
1.6576,414.4,4.0,32.0
1.57548,414.6,3.8,32.0
2.4852,414.2,6.0,32.0
3.10125,413.5,7.5,32.0
3.2674400000000006,413.6,7.9,32.0
2.7711200000000002,413.6,6.7,32.0
3.10275,413.7,7.5,32.0
4.7896399999999995,412.9,11.6,32.0
8.382359999999998,410.9,20.4,32.0
10.164179999999998,408.2,24.9,32.0
10.65924,408.4,26.1,32.0
9.93627,408.9,24.3,32.0
9.034480000000002,408.8,22.1,32.0
9.1504,408.5,22.4,32.0
9.5589,408.5,23.4,32.0
9.4888,409.0,23.2,32.0
8.629900000000001,409.0,21.1,32.0
8.71809,409.3,21.3,32.0
8.589,409.0,21.0,32.0
10.2225,408.9,25.0,32.0
9.63824,408.4,23.6,32.0
10.6002,407.7,26.0,32.0
11.936819999999999,407.4,29.3,32.0
12.89556,406.8,31.7,32.0
9.485430000000001,407.1,23.3,32.0
1.48824,413.4,3.6,32.0
2.60631,413.7,6.3,32.0
6.338640000000001,411.6,15.4,32.0
7.09646,410.2,17.3,32.0
3.2143800000000002,412.1,7.8,32.0
2.23344,413.6,5.4,32.0
0.0,414.3,0.0,32.0
0.0,416.0,0.0,32.0
0.0,415.6,0.0,32.0
0.20765,415.3,0.5,32.0
0.6644800000000001,415.3,1.6,32.0
0.24911999999999998,415.2,0.6,32.0
0.33216,415.2,0.8,32.0
1.328,415.0,3.2,32.0
3.5517999999999996,413.0,8.6,32.0
3.6352800000000007,413.1,8.8,32.0
2.93514,413.4,7.1,32.0
2.0281100000000003,413.9,4.9,32.0
2.7717899999999998,413.7,6.7,32.0
3.5561,413.5,8.6,32.0
3.6326400000000003,412.8,8.8,32.0
4.41054,412.2,10.7,32.0
5.769400000000001,412.1,14.0,32.0
5.7226300000000005,411.7,13.9,32.0
1.98048,412.6,4.8,32.0
0.0,415.5,0.0,32.0
0.0,416.0,0.0,32.0
0.0,415.6,0.0,32.0
0.24924,415.4,0.6,32.0
2.53333,415.3,6.1,32.0
4.08375,412.5,9.9,32.0
2.7251399999999997,412.9,6.6,32.0
2.4012,414.0,5.8,32.0
4.25905,413.5,10.3,32.0
5.56065,411.9,13.5,32.0
6.330940000000001,411.1,15.4,32.0
5.83762,411.1,14.2,32.0
6.049049999999999,411.5,14.7,32.0
5.921279999999999,411.2,14.4,32.0
5.884450000000001,411.5,14.3,32.0
5.31093,411.7,12.9,32.0
2.5132,412.0,6.1,32.0
1.20176,414.4,2.9,32.0
0.49836,415.3,1.2,32.0
0.996,415.0,2.4,32.0
1.36851,414.7,3.3,32.0
1.8238,414.5,4.4,32.0
4.2248399999999995,414.2,10.2,32.0
6.783150000000001,411.1,16.5,32.0
5.18364,411.4,12.6,32.0
1.0315,412.6,2.5,32.0
0.0,415.0,0.0,32.0
0.0,416.1,0.0,32.0
0.0,415.9,0.0,32.0
0.16624,415.6,0.4,32.0
0.0,415.5,0.0,32.0
0.12468000000000001,415.6,0.3,32.0
0.12465,415.5,0.3,32.0
0.0,415.6,0.0,32.0
0.0,415.6,0.0,32.0
0.0,415.6,0.0,32.0
0.20785,415.7,0.5,32.0
0.0,415.6,0.0,32.0
1.1207700000000003,415.1,2.7,32.0
3.14488,413.8,7.6,32.0
2.27755,414.1,5.5,32.0
1.94674,414.2,4.7,32.0
0.4146,414.6,1.0,32.0
0.0,416.0,0.0,32.0
0.0,415.8,0.0,32.0
0.04157,415.7,0.1,32.0
0.12468000000000001,415.6,0.3,32.0
0.16628,415.7,0.4,32.0
0.08314,415.7,0.2,32.0
0.04157,415.7,0.1,32.0
0.20785,415.7,0.5,32.0
0.16628,415.7,0.4,32.0
0.16628,415.7,0.4,32.0
0.12473999999999999,415.8,0.3,32.0
0.16632000000000002,415.8,0.4,32.0
0.12473999999999999,415.8,0.3,32.0
0.08316000000000001,415.8,0.2,32.0
0.24947999999999998,415.8,0.6,32.0
2.6534400000000007,414.6,6.4,32.0
3.92825,413.5,9.5,32.0
4.70934,413.1,11.4,32.0
7.015899999999999,412.7,17.0,32.0
7.838640000000001,410.4,19.1,32.0
7.10165,410.5,17.3,32.0
6.45427,411.1,15.7,32.0
6.46055,411.5,15.7,32.0
7.48202,411.1,18.2,32.0
9.45945,409.5,23.1,32.0
9.779879999999999,409.2,23.9,32.0
9.53203,409.1,23.3,32.0
7.71176,410.2,18.8,32.0
6.44799,410.7,15.7,32.0
6.1635,410.9,15.0,32.0
4.90399,412.1,11.9,32.0
2.97504,413.2,7.2,32.0
0.99312,413.8,2.4,32.0
0.0,416.3,0.0,32.0
0.0,415.9,0.0,32.0
0.2078,415.6,0.5,32.0
0.04156,415.6,0.1,32.0
0.08312,415.6,0.2,32.0
0.16624,415.6,0.4,32.0
0.08312,415.6,0.2,32.0
0.16628,415.7,0.4,32.0
0.20785,415.7,0.5,32.0
0.20785,415.7,0.5,32.0
0.12470999999999999,415.7,0.3,32.0
0.16628,415.7,0.4,32.0
1.49472,415.2,3.6,32.0
2.7323999999999997,414.0,6.6,32.0
3.10425,413.9,7.5,32.0
2.8966,413.8,7.0,32.0
3.8455500000000002,413.5,9.3,32.0
7.852010000000001,411.1,19.1,32.0
7.9989,410.2,19.5,32.0
7.26939,410.7,17.7,32.0
7.1444399999999995,410.6,17.4,32.0
8.0458,410.5,19.6,32.0
9.78227,409.3,23.9,32.0
12.59175,407.5,30.9,32.0
10.70936,407.2,26.3,32.0
10.63575,407.5,26.1,32.0
9.3252,409.0,22.8,32.0
7.782400000000001,409.6,19.0,32.0
5.7129,411.0,13.9,32.0
5.885880000000001,411.6,14.3,32.0
5.6745600000000005,411.2,13.8,32.0
3.79316,412.3,9.2,32.0
2.72976,413.6,6.6,32.0
2.10987,413.7,5.1,32.0
1.20147,414.3,2.9,32.0
0.0,414.7,0.0,32.0
0.0,415.8,0.0,32.0
0.08312,415.6,0.2,32.0
0.20775,415.5,0.5,32.0
0.041550000000000004,415.5,0.1,32.0
0.08310000000000001,415.5,0.2,32.0
0.041550000000000004,415.5,0.1,32.0
0.16624,415.6,0.4,32.0
0.08310000000000001,415.5,0.2,32.0
0.16624,415.6,0.4,32.0
0.16624,415.6,0.4,32.0
0.12468000000000001,415.6,0.3,32.0
1.4127,415.5,3.4,32.0
2.73108,413.8,6.6,32.0
4.25287,412.9,10.3,32.0
3.22296,413.2,7.8,32.0
0.66432,415.2,1.6,32.0
0.95473,415.1,2.3,32.0
3.6414400000000007,413.8,8.8,32.0
4.66464,412.8,11.3,32.0
5.393269999999999,411.7,13.1,32.0
5.274880000000001,412.1,12.8,32.0
4.69908,412.2,11.4,32.0
4.78384,412.4,11.6,32.0
4.65786,412.2,11.3,32.0
4.5353,412.3,11.0,32.0
3.96288,412.8,9.6,32.0
4.7047799999999995,412.7,11.4,32.0
4.99004,412.4,12.1,32.0
7.324700000000001,411.5,17.8,32.0
8.198,409.9,20.0,32.0
8.43776,409.6,20.6,32.0
8.402949999999999,409.9,20.5,32.0
8.24502,410.2,20.1,32.0
8.405,410.0,20.5,32.0
8.16099,410.1,19.9,32.0
6.449559999999999,410.8,15.7,32.0
4.48971,411.9,10.9,32.0
3.88032,412.8,9.4,32.0
4.7449,412.6,11.5,32.0
5.02762,412.1,12.2,32.0
4.77804,411.9,11.6,32.0
4.6968000000000005,412.0,11.4,32.0
5.470290000000001,411.3,13.3,32.0
7.10511,410.7,17.3,32.0
6.817620000000001,410.7,16.6,32.0
7.385400000000001,410.3,18.0,32.0
7.58685,410.1,18.5,32.0
7.75467,410.3,18.9,32.0
6.9751,410.3,17.0,32.0
7.415570000000001,409.7,18.1,32.0
7.8662399999999995,409.7,19.2,32.0
5.3286999999999995,409.9,13.0,32.0
3.4237500000000005,412.5,8.3,32.0
4.945200000000001,412.1,12.0,32.0
5.26976,411.7,12.8,32.0
5.747,410.5,14.0,32.0
3.9177999999999997,412.4,9.5,32.0
2.39598,413.1,5.8,32.0
2.44083,413.7,5.9,32.0
2.68775,413.5,6.5,32.0
3.84276,413.2,9.3,32.0
8.0067,410.6,19.5,32.0
7.217760000000001,410.1,17.6,32.0
4.199339999999999,411.7,10.2,32.0
1.863,414.0,4.5,32.0
2.3586600000000004,413.8,5.7,32.0
3.01709,413.3,7.3,32.0
3.13956,413.1,7.6,32.0
3.13956,413.1,7.6,32.0
3.09975,413.3,7.5,32.0
2.76978,413.4,6.7,32.0
1.2426,414.2,3.0,32.0
1.4089599999999998,414.4,3.4,32.0
1.6986299999999999,414.3,4.1,32.0
1.82248,414.2,4.4,32.0
1.6986299999999999,414.3,4.1,32.0
2.691,414.0,6.5,32.0
5.15625,412.5,12.5,32.0
5.43312,411.6,13.2,32.0
4.408399999999999,412.0,10.7,32.0
5.15125,412.1,12.5,32.0
7.27116,410.8,17.7,32.0
6.5285400000000005,410.6,15.9,32.0
6.07836,410.7,14.8,32.0
7.743329999999999,409.7,18.9,32.0
7.750889999999999,410.1,18.9,32.0
7.2534600000000005,409.8,17.7,32.0
3.87374,412.1,9.4,32.0
3.59136,412.8,8.7,32.0
3.4237500000000005,412.5,8.3,32.0
3.0163599999999997,413.2,7.3,32.0
3.46836,412.9,8.4,32.0
4.694520000000001,411.8,11.4,32.0
5.59776,411.6,13.6,32.0
5.8362,411.0,14.2,32.0
1.8132400000000002,412.1,4.4,32.0
0.0,416.5,0.0,32.0
0.0,415.9,0.0,32.0
0.12459,415.3,0.3,32.0
0.16612000000000002,415.3,0.4,32.0
0.0,415.3,0.0,32.0
0.5396299999999999,415.1,1.3,32.0
0.0,415.2,0.0,32.0
0.0,415.5,0.0,32.0
0.12465,415.5,0.3,32.0
4.10553,414.7,9.9,32.0
1.2369,412.3,3.0,32.0
0.0,415.6,0.0,32.0
0.0,415.8,0.0,32.0
0.12465,415.5,0.3,32.0
0.04154,415.4,0.1,32.0
0.08308,415.4,0.2,32.0
0.16620000000000001,415.5,0.4,32.0
0.08310000000000001,415.5,0.2,32.0
0.041550000000000004,415.5,0.1,32.0
0.08310000000000001,415.5,0.2,32.0
0.16620000000000001,415.5,0.4,32.0
0.12465,415.5,0.3,32.0
0.12465,415.5,0.3,32.0
0.12465,415.5,0.3,32.0
0.20775,415.5,0.5,32.0
0.12468000000000001,415.6,0.3,32.0
0.2078,415.6,0.5,32.0
1.328,415.0,3.2,32.0
2.7784899999999997,414.7,6.7,32.0
5.3703,413.1,13.0,32.0
5.437079999999999,411.9,13.2,32.0
6.746959999999999,411.4,16.4,32.0
8.8193,410.2,21.5,32.0
9.12293,409.1,22.3,32.0
9.134079999999999,409.6,22.3,32.0
8.104140000000001,409.3,19.8,32.0
8.67292,409.1,21.2,32.0
9.2115,409.4,22.5,32.0
8.72661,409.7,21.3,32.0
10.205,408.2,25.0,32.0
12.28536,406.8,30.2,32.0
11.7885,406.5,29.0,32.0
9.94056,407.4,24.4,32.0
5.17104,410.4,12.6,32.0
3.17471,412.3,7.7,32.0
0.0,414.0,0.0,32.0
0.0,416.2,0.0,32.0
0.0,415.6,0.0,32.0
0.20765,415.3,0.5,32.0
0.2076,415.2,0.5,32.0
0.20765,415.3,0.5,32.0
0.0,415.3,0.0,32.0
0.16612000000000002,415.3,0.4,32.0
0.16616,415.4,0.4,32.0
0.0,415.4,0.0,32.0
0.16616,415.4,0.4,32.0
1.658,414.5,4.0,32.0
3.2690200000000003,413.8,7.9,32.0
4.953600000000001,412.8,12.0,32.0
4.41161,412.3,10.7,32.0
4.29,412.5,10.4,32.0
4.16625,412.5,10.1,32.0
6.70256,411.2,16.3,32.0
9.39129,410.1,22.9,32.0
9.88328,408.4,24.2,32.0
11.66594,407.9,28.6,32.0
11.773859999999999,407.4,28.9,32.0
9.18,408.0,22.5,32.0
9.65004,408.9,23.6,32.0
13.23886,406.1,32.6,32.0
14.381050000000002,405.1,35.5,32.0
14.24007,405.7,35.1,32.0
8.5877,407.0,21.1,32.0
6.323240000000001,410.6,15.4,32.0
6.165,411.0,15.0,32.0
7.549519999999999,410.3,18.4,32.0
5.299320000000001,410.8,12.9,32.0
1.7333399999999999,412.7,4.2,32.0
0.0,415.7,0.0,32.0
0.0,415.7,0.0,32.0
0.08302000000000001,415.1,0.2,32.0
0.2075,415.0,0.5,32.0
0.08302000000000001,415.1,0.2,32.0
0.0,415.1,0.0,32.0
0.16608,415.2,0.4,32.0
0.16608,415.2,0.4,32.0
0.0,415.2,0.0,32.0
0.12455999999999999,415.2,0.3,32.0
0.2076,415.2,0.5,32.0
0.16612000000000002,415.3,0.4,32.0
0.12455999999999999,415.2,0.3,32.0
3.68816,414.4,8.9,32.0
4.862780000000001,412.1,11.8,32.0
4.00125,412.5,9.7,32.0
3.1388,413.0,7.6,32.0
3.5122,413.2,8.5,32.0
4.78616,412.6,11.6,32.0
6.007899999999999,411.5,14.6,32.0
6.326320000000001,410.8,15.4,32.0
5.59232,411.2,13.6,32.0
4.8215699999999995,412.1,11.7,32.0
4.45284,412.3,10.8,32.0
4.128,412.8,10.0,32.0
5.14625,411.7,12.5,32.0
5.39196,411.6,13.1,32.0
6.9785,410.5,17.0,32.0
8.35788,409.7,20.4,32.0
10.406550000000001,408.1,25.5,32.0
11.103039999999998,408.2,27.2,32.0
11.0214,408.2,27.0,32.0
8.774149999999999,408.1,21.5,32.0
5.36445,409.5,13.1,32.0
5.427839999999999,411.2,13.2,32.0
4.65447,411.9,11.3,32.0
4.532,412.0,11.0,32.0
4.9852,412.0,12.1,32.0
5.10632,411.8,12.4,32.0
4.77456,411.6,11.6,32.0
6.12837,411.3,14.9,32.0
6.28371,410.7,15.3,32.0
6.86203,410.9,16.7,32.0
7.7862,409.8,19.0,32.0
4.56543,411.3,11.1,32.0
4.20342,412.1,10.2,32.0
3.09975,413.3,7.5,32.0
5.89875,412.5,14.3,32.0
6.934069999999999,410.3,16.9,32.0
8.43776,409.6,20.6,32.0
7.3389999999999995,410.0,17.9,32.0
6.238079999999999,410.4,15.2,32.0
6.49064,410.8,15.8,32.0
6.40692,410.7,15.6,32.0
2.43257,412.3,5.9,32.0
2.60379,413.3,6.3,32.0
3.83997,412.9,9.3,32.0
4.24669,412.3,10.3,32.0
3.9571199999999997,412.2,9.6,32.0
4.45284,412.3,10.8,32.0
3.8746799999999997,412.2,9.4,32.0
6.4684,412.0,15.7,32.0
7.262309999999999,410.3,17.7,32.0
5.669040000000001,410.8,13.8,32.0
2.59308,411.6,6.3,32.0
1.61343,413.7,3.9,32.0
0.6633600000000002,414.6,1.6,32.0
0.0,414.9,0.0,32.0
0.0,415.3,0.0,32.0
0.12453,415.1,0.3,32.0
7.004,412.0,17.0,32.0
6.684630000000001,410.1,16.3,32.0
5.996219999999999,410.7,14.6,32.0
4.272320000000001,410.8,10.4,32.0
0.24888,414.8,0.6,32.0
2.32176,414.6,5.6,32.0
4.90042,411.8,11.9,32.0
8.182,409.1,20.0,32.0
11.293289999999999,407.7,27.7,32.0
9.75359,408.1,23.9,32.0
9.56358,408.7,23.4,32.0
8.87313,408.9,21.7,32.0
8.8753,409.0,21.7,32.0
8.96148,409.2,21.9,32.0
7.086080000000001,409.6,17.3,32.0
6.5648,410.3,16.0,32.0
3.9551999999999996,412.0,9.6,32.0
2.8889,412.7,7.0,32.0
3.5492199999999996,412.7,8.6,32.0
3.54664,412.4,8.6,32.0
4.89804,411.6,11.9,32.0
5.13875,411.1,12.5,32.0
4.89328,411.2,11.9,32.0
0.0,415.2,0.0,32.0
0.0,415.8,0.0,32.0
0.0,415.1,0.0,32.0
0.166,415.0,0.4,32.0
0.083,415.0,0.2,32.0
0.0,414.9,0.0,32.0
0.12453,415.1,0.3,32.0
0.12453,415.1,0.3,32.0
0.16604000000000002,415.1,0.4,32.0
0.16604000000000002,415.1,0.4,32.0
0.08302000000000001,415.1,0.2,32.0
0.12453,415.1,0.3,32.0
0.12453,415.1,0.3,32.0
0.041510000000000005,415.1,0.1,32.0
0.0,415.2,0.0,32.0
0.12455999999999999,415.2,0.3,32.0
0.16608,415.2,0.4,32.0
1.57738,415.1,3.8,32.0
3.05916,413.4,7.4,32.0
2.3977199999999996,413.4,5.8,32.0
1.6552,413.8,4.0,32.0
0.04152,415.2,0.1,32.0
0.37359000000000003,415.1,0.9,32.0
1.2855699999999999,414.7,3.1,32.0
1.16032,414.4,2.8,32.0
0.9535799999999999,414.6,2.3,32.0
0.91234,414.7,2.2,32.0
1.11969,414.7,2.7,32.0
3.9715199999999995,413.7,9.6,32.0
7.07092,411.1,17.2,32.0
5.870150000000001,410.5,14.3,32.0
6.049049999999999,411.5,14.7,32.0
7.8892799999999985,410.9,19.2,32.0
10.14072,408.9,24.8,32.0
14.109020000000003,406.6,34.7,32.0
14.664620000000003,405.1,36.2,32.0
14.162420000000001,405.8,34.9,32.0
12.130429999999999,405.7,29.9,32.0
11.803,407.0,29.0,32.0
13.024,407.0,32.0,32.0
10.723679999999998,406.2,26.4,32.0
8.5911,409.1,21.0,32.0
2.99446,410.2,7.3,32.0
0.0,414.3,0.0,32.0
0.0,416.0,0.0,32.0
0.0,415.4,0.0,32.0
0.24893999999999997,414.9,0.6,32.0
0.24893999999999997,414.9,0.6,32.0
0.16596,414.9,0.4,32.0
0.166,415.0,0.4,32.0
0.166,415.0,0.4,32.0
0.0,415.0,0.0,32.0
0.16604000000000002,415.1,0.4,32.0
0.0415,415.0,0.1,32.0
0.041510000000000005,415.1,0.1,32.0
0.37359000000000003,415.1,0.9,32.0
1.4511,414.6,3.5,32.0
3.9197,412.6,9.5,32.0
3.3032,412.9,8.0,32.0
4.9839899999999995,411.9,12.1,32.0
5.55525,411.5,13.5,32.0
6.980200000000001,410.6,17.0,32.0
9.12516,409.2,22.3,32.0
9.08202,409.1,22.2,32.0
10.634,409.0,26.0,32.0
13.141440000000001,405.6,32.4,32.0
13.48584,406.2,33.2,32.0
13.26168,406.8,32.6,32.0
12.533040000000002,405.6,30.9,32.0
13.25658,405.4,32.7,32.0
14.15544,405.6,34.9,32.0
14.00262,404.7,34.6,32.0
15.52512,404.3,38.4,32.0
14.20672,403.6,35.2,32.0
14.07779,405.7,34.7,32.0
6.963120000000001,407.2,17.1,32.0
0.0,416.7,0.0,32.0
0.0,416.3,0.0,32.0
0.0,415.1,0.0,32.0
0.24869999999999998,414.5,0.6,32.0
0.04146000000000001,414.6,0.1,32.0
0.16588,414.7,0.4,32.0
0.12444,414.8,0.3,32.0
0.0,414.8,0.0,32.0
0.04148,414.8,0.1,32.0
0.2074,414.8,0.5,32.0
0.12446999999999998,414.9,0.3,32.0
0.12444,414.8,0.3,32.0
0.78831,414.9,1.9,32.0
0.49739999999999995,414.5,1.2,32.0
0.62205,414.7,1.5,32.0
1.1183400000000001,414.2,2.7,32.0
1.1183400000000001,414.2,2.7,32.0
2.44142,413.8,5.9,32.0
4.5408,412.8,11.0,32.0
4.77572,411.7,11.6,32.0
4.7357,411.8,11.5,32.0
4.3671999999999995,412.0,10.6,32.0
3.50455,412.3,8.5,32.0
2.8895999999999997,412.8,7.0,32.0
2.7271199999999998,413.2,6.6,32.0
5.80779,411.9,14.1,32.0
10.11959,409.7,24.7,32.0
15.17625,404.7,37.5,32.0
13.540359999999998,405.4,33.4,32.0
12.05523,405.9,29.7,32.0
11.46612,406.6,28.2,32.0
12.607940000000001,405.4,31.1,32.0
12.84224,406.4,31.6,32.0
10.818220000000002,406.7,26.6,32.0
9.90468,407.6,24.3,32.0
4.2013799999999994,411.9,10.2,32.0
5.5539,411.4,13.5,32.0
6.07984,410.8,14.8,32.0
6.610660000000001,410.6,16.1,32.0
8.026200000000001,409.5,19.6,32.0
7.817630000000001,409.3,19.1,32.0
7.652039999999999,409.2,18.7,32.0
9.18675,408.3,22.5,32.0
9.67908,408.4,23.7,32.0
10.12832,408.4,24.8,32.0
9.46792,408.1,23.2,32.0
9.63588,408.3,23.6,32.0
5.15125,412.1,12.5,32.0
6.807660000000001,410.1,16.6,32.0
6.0196499999999995,409.5,14.7,32.0
2.22426,411.9,5.4,32.0
0.16544000000000003,413.6,0.4,32.0
0.0,415.4,0.0,32.0
0.0,414.9,0.0,32.0
0.2073,414.6,0.5,32.0
6.768279999999999,412.7,16.4,32.0
7.5403199999999995,409.8,18.4,32.0
9.47024,408.2,23.2,32.0
9.393199999999998,408.4,23.0,32.0
13.50648,405.6,33.3,32.0
16.04592,405.2,39.6,32.0
9.61509,405.7,23.7,32.0
5.11875,409.5,12.5,32.0
0.0,413.8,0.0,32.0
0.0,415.4,0.0,32.0
0.0,415.1,0.0,32.0
0.20725,414.5,0.5,32.0
0.12434999999999999,414.5,0.3,32.0
2.44614,414.6,5.9,32.0
4.63752,410.4,11.3,32.0
3.7894799999999997,411.9,9.2,32.0
3.17548,412.4,7.7,32.0
5.03128,412.4,12.2,32.0
8.02228,409.3,19.6,32.0
8.90094,408.3,21.8,32.0
7.19664,408.9,17.6,32.0
5.90976,410.4,14.4,32.0
6.519,410.0,15.9,32.0
7.536639999999999,409.6,18.4,32.0
7.12182,409.3,17.4,32.0
8.304730000000001,409.1,20.3,32.0
8.2517,408.5,20.2,32.0
7.637079999999999,408.4,18.7,32.0
4.63865,410.5,11.3,32.0
3.2548000000000004,412.0,7.9,32.0
0.86814,413.4,2.1,32.0
0.0,414.4,0.0,32.0
0.0,415.1,0.0,32.0
0.04147,414.7,0.1,32.0
0.2073,414.6,0.5,32.0
0.0,414.6,0.0,32.0
0.0,414.6,0.0,32.0
4.75295,413.3,11.5,32.0
5.09392,410.8,12.4,32.0
3.37512,411.6,8.2,32.0
0.0,414.3,0.0,32.0
0.0,415.4,0.0,32.0
0.0,414.9,0.0,32.0
0.20735,414.7,0.5,32.0
5.5512,411.2,13.5,32.0
1.44025,411.5,3.5,32.0
0.0,415.3,0.0,32.0
0.12444,414.8,0.3,32.0
0.4145,414.5,1.0,32.0
0.0,414.8,0.0,32.0
0.04148,414.8,0.1,32.0
0.08296,414.8,0.2,32.0
0.12444,414.8,0.3,32.0
0.0,414.9,0.0,32.0
0.16592,414.8,0.4,32.0
0.20745,414.9,0.5,32.0
0.16596,414.9,0.4,32.0
0.16596,414.9,0.4,32.0
1.2846399999999998,414.4,3.1,32.0
1.32512,414.1,3.2,32.0
0.16576,414.4,0.4,32.0
0.0,415.1,0.0,32.0
0.166,415.0,0.4,32.0
3.39316,413.8,8.2,32.0
6.82094,410.9,16.6,32.0
7.993049999999999,409.9,19.5,32.0
8.470439999999998,409.2,20.7,32.0
7.7862,409.8,19.0,32.0
7.90721,409.7,19.3,32.0
10.34542,407.3,25.4,32.0
13.509809999999998,405.7,33.3,32.0
12.4083,405.5,30.6,32.0
15.19125,405.1,37.5,32.0
14.01992,405.2,34.6,32.0
12.86386,405.8,31.7,32.0
12.192,406.4,30.0,32.0
11.982899999999999,406.2,29.5,32.0
10.853549999999998,406.5,26.7,32.0
8.561699999999998,407.7,21.0,32.0
4.5066999999999995,409.7,11.0,32.0
3.86622,411.3,9.4,32.0
0.0,413.6,0.0,32.0
0.0,415.6,0.0,32.0
0.0,414.9,0.0,32.0
0.04146000000000001,414.6,0.1,32.0
0.20725,414.5,0.5,32.0
0.12437999999999999,414.6,0.3,32.0
0.08294,414.7,0.2,32.0
0.16588,414.7,0.4,32.0
0.04147,414.7,0.1,32.0
0.16588,414.7,0.4,32.0
0.04148,414.8,0.1,32.0
0.3316800000000001,414.6,0.8,32.0
0.7459199999999999,414.4,1.8,32.0
4.46796,413.7,10.8,32.0
11.209340000000001,409.1,27.4,32.0
11.468939999999998,406.7,28.2,32.0
8.19477,407.7,20.1,32.0
11.710080000000001,406.6,28.8,32.0
11.829150000000002,406.5,29.1,32.0
15.0255,405.0,37.1,32.0
10.98905,405.5,27.1,32.0
10.609650000000002,406.5,26.1,32.0
16.07124,403.8,39.8,32.0
16.61596,403.3,41.2,32.0
17.6111,403.0,43.7,32.0
9.19068,403.1,22.8,32.0
9.549539999999999,408.1,23.4,32.0
15.3634,404.3,38.0,32.0
13.402190000000001,404.9,33.1,32.0
8.18673,407.3,20.1,32.0
4.431240000000001,410.3,10.8,32.0
0.0,415.9,0.0,32.0
0.0,415.5,0.0,32.0
0.04144,414.4,0.1,32.0
0.2071,414.2,0.5,32.0
0.16572000000000003,414.3,0.4,32.0
0.16576,414.4,0.4,32.0
0.12432,414.4,0.3,32.0
0.12432,414.4,0.3,32.0
0.04145,414.5,0.1,32.0
0.1658,414.5,0.4,32.0
0.04145,414.5,0.1,32.0
0.08292000000000002,414.6,0.2,32.0
0.04145,414.5,0.1,32.0
0.20725,414.5,0.5,32.0
0.16584000000000004,414.6,0.4,32.0
0.12437999999999999,414.6,0.3,32.0
0.04146000000000001,414.6,0.1,32.0
0.49751999999999996,414.6,1.2,32.0
2.6832000000000003,412.8,6.5,32.0
2.8070399999999998,412.8,6.8,32.0
1.3235200000000003,413.6,3.2,32.0
1.32416,413.8,3.2,32.0
1.57206,413.7,3.8,32.0
2.43965,413.5,5.9,32.0
5.38541,411.1,13.1,32.0
9.307,410.0,22.7,32.0
10.73566,408.2,26.3,32.0
9.98865,407.7,24.5,32.0
10.999799999999999,407.4,27.0,32.0
10.49286,406.7,25.8,32.0
12.876539999999999,406.2,31.7,32.0
10.52317,406.3,25.9,32.0
7.417380000000001,409.8,18.1,32.0
4.3155,411.0,10.5,32.0
5.22351,411.3,12.7,32.0
5.626589999999999,410.7,13.7,32.0
7.342579999999999,410.2,17.9,32.0
10.14675,407.5,24.9,32.0
13.16575,405.1,32.5,32.0
13.851000000000003,405.0,34.2,32.0
13.53702,405.3,33.4,32.0
4.54656,409.6,11.1,32.0
4.68426,410.9,11.4,32.0
3.8232300000000006,411.1,9.3,32.0
4.4442,411.5,10.8,32.0
6.00206,411.1,14.6,32.0
7.73199,409.1,18.9,32.0
7.239299999999999,409.0,17.7,32.0
8.343599999999999,409.0,20.4,32.0
10.87224,407.2,26.7,32.0
10.50318,407.1,25.8,32.0
8.978200000000001,408.1,22.0,32.0
7.5591,408.6,18.5,32.0
5.046690000000001,410.3,12.3,32.0
5.01298,410.9,12.2,32.0
6.8863199999999996,409.9,16.8,32.0
2.8428,412.0,6.9,32.0
2.35125,412.5,5.7,32.0
0.24833999999999998,413.9,0.6,32.0
6.458399999999999,414.0,15.6,32.0
12.03536,406.6,29.6,32.0
0.0,413.3,0.0,32.0
0.0,415.6,0.0,32.0
0.0,414.9,0.0,32.0
0.58002,414.3,1.4,32.0
3.5079499999999997,412.7,8.5,32.0
5.13875,411.1,12.5,32.0
7.0691999999999995,411.0,17.2,32.0
7.52192,408.8,18.4,32.0
5.85585,409.5,14.3,32.0
4.15716,411.6,10.1,32.0
3.2928,411.6,8.0,32.0
5.72541,411.9,13.9,32.0
9.830400000000001,409.6,24.0,32.0
13.844160000000002,404.8,34.2,32.0
15.5751,403.5,38.6,32.0
14.342,404.0,35.5,32.0
10.65676,405.2,26.3,32.0
12.183,406.1,30.0,32.0
11.82624,406.4,29.1,32.0
8.18271,407.1,20.1,32.0
2.8742,410.6,7.0,32.0
1.89796,412.6,4.6,32.0
2.2704,412.8,5.5,32.0
3.3371999999999997,412.0,8.1,32.0
2.4708,411.8,6.0,32.0
1.1161800000000002,413.4,2.7,32.0
0.0,414.7,0.0,32.0
0.0,414.7,0.0,32.0
0.0,414.4,0.0,32.0
0.12429,414.3,0.3,32.0
0.16572000000000003,414.3,0.4,32.0
0.12429,414.3,0.3,32.0
0.0,414.3,0.0,32.0
0.04144,414.4,0.1,32.0
0.0,414.4,0.0,32.0
0.16576,414.4,0.4,32.0
0.12432,414.4,0.3,32.0
0.16576,414.4,0.4,32.0
1.5751,414.5,3.8,32.0
3.5457799999999997,412.3,8.6,32.0
4.41054,412.2,10.7,32.0
5.179860000000001,411.1,12.6,32.0
10.10971,409.3,24.7,32.0
6.00936,408.8,14.7,32.0
0.7425,412.5,1.8,32.0
0.0,414.5,0.0,32.0
0.0,415.0,0.0,32.0
0.1658,414.5,0.4,32.0
0.24864,414.4,0.6,32.0
0.2072,414.4,0.5,32.0
2.14916,413.3,5.2,32.0
5.53152,412.8,13.4,32.0
7.29266,409.7,17.8,32.0
3.6650200000000006,411.8,8.9,32.0
1.033,413.2,2.5,32.0
0.70431,414.3,1.7,32.0
0.91102,414.1,2.2,32.0
1.3238400000000001,413.7,3.2,32.0
3.8409,413.0,9.3,32.0
7.2534600000000005,409.8,17.7,32.0
9.724680000000001,408.6,23.8,32.0
12.76724,406.6,31.4,32.0
13.154399999999999,406.0,32.4,32.0
9.865800000000002,406.0,24.3,32.0
9.91926,408.2,24.3,32.0
11.33577,406.3,27.9,32.0
12.189,406.3,30.0,32.0
12.913980000000002,406.1,31.8,32.0
11.68416,405.7,28.8,32.0
9.559800000000001,406.8,23.5,32.0
8.73762,408.3,21.4,32.0
6.57524,408.4,16.1,32.0
4.35448,410.8,10.6,32.0
0.0,414.0,0.0,32.0
0.0,415.1,0.0,32.0
0.0,414.6,0.0,32.0
0.04143000000000001,414.3,0.1,32.0
0.2071,414.2,0.5,32.0
0.20715,414.3,0.5,32.0
0.08286000000000002,414.3,0.2,32.0
0.16576,414.4,0.4,32.0
0.16576,414.4,0.4,32.0
0.16576,414.4,0.4,32.0
1.94768,414.4,4.7,32.0
5.14625,411.7,12.5,32.0
8.194,409.7,20.0,32.0
7.24815,409.5,17.7,32.0
3.93888,410.3,9.6,32.0
3.7134,412.6,9.0,32.0
6.482740000000001,410.3,15.8,32.0
13.959520000000001,405.8,34.4,32.0
14.34762,405.3,35.4,32.0
16.729740000000003,404.1,41.4,32.0
16.43016,402.7,40.8,32.0
15.648039999999998,403.3,38.8,32.0
17.377920000000003,403.2,43.1,32.0
16.22881,402.7,40.3,32.0
15.281279999999999,403.2,37.9,32.0
13.8804,403.5,34.4,32.0
10.9404,405.2,27.0,32.0
11.544599999999999,406.5,28.4,32.0
9.101119999999998,406.3,22.4,32.0
4.9501100000000005,409.1,12.1,32.0
0.0,412.2,0.0,32.0
0.0,415.5,0.0,32.0
0.0,414.4,0.0,32.0
0.08280000000000001,414.0,0.2,32.0
0.20695,413.9,0.5,32.0
0.16564,414.1,0.4,32.0
0.04141,414.1,0.1,32.0
0.08282,414.1,0.2,32.0
0.16568,414.2,0.4,32.0
0.08282,414.1,0.2,32.0
0.04142,414.2,0.1,32.0
0.04142,414.2,0.1,32.0
0.08286000000000002,414.3,0.2,32.0
0.0,414.2,0.0,32.0
0.08286000000000002,414.3,0.2,32.0
0.16572000000000003,414.3,0.4,32.0
0.12429,414.3,0.3,32.0
0.08286000000000002,414.3,0.2,32.0
2.2366800000000002,414.2,5.4,32.0
2.4355200000000004,412.8,5.9,32.0
1.03325,413.3,2.5,32.0
1.6544,413.6,4.0,33.0
2.1889000000000003,413.0,5.3,33.0
4.66125,412.5,11.3,33.0
5.51142,411.3,13.4,33.0
6.11198,410.2,14.9,33.0
5.98892,410.2,14.6,33.0
5.38017,410.7,13.1,33.0
5.9537,410.6,14.5,33.0
6.68789,410.3,16.3,33.0
10.31688,409.4,25.2,33.0
16.6132,405.2,41.0,33.0
14.6874,403.5,36.4,33.0
14.419229999999999,403.9,35.7,33.0
12.336319999999999,405.8,30.4,33.0
5.937819999999999,406.7,14.6,33.0
2.7624100000000005,412.3,6.7,33.0
4.4398800000000005,411.1,10.8,33.0
9.84456,406.8,24.2,33.0
12.55158,406.2,30.9,33.0
14.841439999999999,403.3,36.8,33.0
14.099599999999999,404.0,34.9,33.0
8.19879,407.9,20.1,33.0
6.194019999999999,410.2,15.1,33.0
7.2891,409.5,17.8,33.0
7.893700000000001,409.0,19.3,33.0
6.3457,409.4,15.5,33.0
6.396,410.0,15.6,33.0
7.5776,409.6,18.5,33.0
6.9479,408.7,17.0,33.0
5.19811,409.3,12.7,33.0
2.9606399999999997,411.2,7.2,33.0
2.3506799999999997,412.4,5.7,33.0
0.0,414.7,0.0,33.0
0.0,414.5,0.0,33.0
0.0,414.2,0.0,33.0
0.12419999999999999,414.0,0.3,33.0
1.0766600000000002,414.1,2.6,33.0
10.131939999999998,410.2,24.7,33.0
13.75323,405.7,33.9,33.0
12.816960000000002,405.6,31.6,33.0
12.760959999999999,406.4,31.4,33.0
12.542309999999999,405.9,30.9,33.0
12.168,405.6,30.0,33.0
10.109399999999999,406.0,24.9,33.0
6.988770000000001,408.7,17.1,33.0
4.965839999999999,410.4,12.1,33.0
6.31246,409.9,15.4,33.0
6.42601,409.3,15.7,33.0
4.223,410.0,10.3,33.0
0.0,413.0,0.0,33.0
0.0,415.0,0.0,33.0
3.3136,414.2,8.0,33.0
9.0687,408.5,22.2,33.0
8.12517,408.3,19.9,33.0
6.503100000000001,409.0,15.9,33.0
7.367400000000001,409.3,18.0,33.0
8.01248,408.8,19.6,33.0
7.601820000000001,408.7,18.6,33.0
7.9716000000000005,408.8,19.5,33.0
7.84896,408.8,19.2,33.0
4.37951,409.3,10.7,33.0
4.3976999999999995,411.0,10.7,33.0
4.64091,410.7,11.3,33.0
4.8837600000000005,410.4,11.9,33.0
4.39342,410.6,10.7,33.0
5.1275,410.2,12.5,33.0
5.70317,410.3,13.9,33.0
4.96221,410.1,12.1,33.0
5.49802,410.3,13.4,33.0
4.84272,410.4,11.8,33.0
0.0,412.5,0.0,33.0
0.0,415.0,0.0,33.0
0.0,414.2,0.0,33.0
0.0,414.0,0.0,33.0
0.12419999999999999,414.0,0.3,33.0
0.04141,414.1,0.1,33.0
0.0,414.1,0.0,33.0
0.16564,414.1,0.4,33.0
0.0,414.1,0.0,33.0
0.0,414.1,0.0,33.0
0.08284,414.2,0.2,33.0
0.08284,414.2,0.2,33.0
0.12426,414.2,0.3,33.0
0.08284,414.2,0.2,33.0
0.08284,414.2,0.2,33.0
0.20715,414.3,0.5,33.0
0.04142,414.2,0.1,33.0
1.8612,413.6,4.5,33.0
2.72382,412.7,6.6,33.0
3.1731700000000003,412.1,7.7,33.0
1.85805,412.9,4.5,33.0
1.90026,413.1,4.6,33.0
2.3535299999999997,412.9,5.7,33.0
1.11645,413.5,2.7,33.0
1.2408000000000001,413.6,3.0,33.0
2.84832,412.8,6.9,33.0
2.96928,412.4,7.2,33.0
5.515440000000001,411.6,13.4,33.0
6.847,410.0,16.7,33.0
6.35965,410.3,15.5,33.0
10.615800000000002,408.3,26.0,33.0
12.183,406.1,30.0,33.0
10.94023,406.7,26.9,33.0
9.89496,407.2,24.3,33.0
9.3748,407.6,23.0,33.0
10.49802,406.9,25.8,33.0
11.411410000000002,406.1,28.1,33.0
11.005310000000001,406.1,27.1,33.0
12.698409999999999,405.7,31.3,33.0
12.142389999999999,406.1,29.9,33.0
10.9809,406.7,27.0,33.0
5.792179999999999,407.9,14.2,33.0
1.2348000000000001,411.6,3.0,33.0
0.0,414.9,0.0,33.0
0.0,414.9,0.0,33.0
0.16564,414.1,0.4,33.0
0.28979999999999995,414.0,0.7,33.0
0.16560000000000002,414.0,0.4,33.0
0.04141,414.1,0.1,33.0
0.0,414.1,0.0,33.0
0.0,414.1,0.0,33.0
0.16564,414.1,0.4,33.0
0.08284,414.2,0.2,33.0
2.81248,413.6,6.8,33.0
3.2143800000000002,412.1,7.8,33.0
9.0909,409.5,22.2,33.0
7.31215,408.5,17.9,33.0
6.31246,409.9,15.4,33.0
6.344150000000001,409.3,15.5,33.0
5.85871,409.7,14.3,33.0
5.58144,410.4,13.6,33.0
10.613199999999999,408.2,26.0,33.0
15.09204,405.7,37.2,33.0
17.006600000000002,403.0,42.2,33.0
16.208640000000003,403.2,40.2,33.0
16.474520000000002,402.8,40.9,33.0
16.02689,403.7,39.7,33.0
16.539399999999997,403.4,41.0,33.0
16.36954,402.2,40.7,33.0
17.2774,401.8,43.0,33.0
16.007559999999998,402.2,39.8,33.0
14.459619999999997,403.9,35.8,33.0
16.212660000000003,403.3,40.2,33.0
15.987659999999998,401.7,39.8,33.0
2.56788,407.6,6.3,33.0
0.0,416.4,0.0,33.0
0.0,414.9,0.0,33.0
0.08276,413.8,0.2,33.0
0.2068,413.6,0.5,33.0
0.041370000000000004,413.7,0.1,33.0
0.12410999999999998,413.7,0.3,33.0
0.08276,413.8,0.2,33.0
0.16556,413.9,0.4,33.0
0.08276,413.8,0.2,33.0
0.16552,413.8,0.4,33.0
0.0,413.9,0.0,33.0
0.0,413.9,0.0,33.0
0.08278,413.9,0.2,33.0
0.20695,413.9,0.5,33.0
0.08278,413.9,0.2,33.0
0.04139,413.9,0.1,33.0
1.8194000000000001,413.5,4.4,33.0
3.13272,412.2,7.6,33.0
3.3371999999999997,412.0,8.1,33.0
2.8826,411.8,7.0,33.0
4.19832,411.6,10.2,33.0
3.78488,411.4,9.2,33.0
5.950799999999999,410.4,14.5,33.0
9.9099,409.5,24.2,33.0
13.492479999999999,406.4,33.2,33.0
14.087039999999998,404.8,34.8,33.0
14.72744,404.6,36.4,33.0
15.3444,403.8,38.0,33.0
11.266020000000001,403.8,27.9,33.0
9.8901,407.0,24.3,33.0
7.54615,407.9,18.5,33.0
7.3656,409.2,18.0,33.0
6.0108299999999995,408.9,14.7,33.0
7.6595200000000006,409.6,18.7,33.0
7.06878,408.6,17.3,33.0
8.0066,408.5,19.6,33.0
10.5924,407.4,26.0,33.0
11.25174,406.2,27.7,33.0
9.935679999999998,407.2,24.4,33.0
12.168,405.6,30.0,33.0
9.865800000000002,406.0,24.3,33.0
5.53095,409.7,13.5,33.0
5.125,410.0,12.5,33.0
5.046690000000001,410.3,12.3,33.0
5.3286999999999995,409.9,13.0,33.0
5.61426,409.8,13.7,33.0
5.81774,409.7,14.2,33.0
5.9421,409.8,14.5,33.0
6.552,409.5,16.0,33.0
6.62742,409.1,16.2,33.0
5.03193,409.1,12.3,33.0
4.47663,410.7,10.9,33.0
4.802849999999999,410.5,11.7,33.0
10.88826,407.8,26.7,33.0
13.86468,405.4,34.2,33.0
12.5364,404.4,31.0,33.0
6.17288,408.8,15.1,33.0
6.1455,409.7,15.0,33.0
7.120079999999999,409.2,17.4,33.0
7.2339899999999995,408.7,17.7,33.0
6.990480000000001,408.8,17.1,33.0
4.18302,410.1,10.2,33.0
0.7425,412.5,1.8,33.0
0.8675100000000001,413.1,2.1,33.0
3.0097899999999997,412.3,7.3,33.0
2.79888,411.6,6.8,33.0
3.4968999999999997,411.4,8.5,33.0
1.60641,411.9,3.9,33.0
0.0,414.2,0.0,33.0
0.04142,414.2,0.1,33.0
3.05176,412.4,7.4,33.0
7.957879999999999,410.2,19.4,33.0
9.87602,408.1,24.2,33.0
12.040379999999999,405.4,29.7,33.0
12.41136,405.6,30.6,33.0
10.999889999999999,405.9,27.1,33.0
11.327399999999999,406.0,27.9,33.0
11.248970000000002,406.1,27.7,33.0
10.1625,406.5,25.0,33.0
10.00482,406.7,24.6,33.0
10.5742,406.7,26.0,33.0
9.92592,406.8,24.4,33.0
10.853549999999998,406.5,26.7,33.0
11.0296,405.5,27.2,33.0
1.3136,410.5,3.2,33.0
0.0,415.3,0.0,33.0
0.0,414.7,0.0,33.0
0.0,413.9,0.0,33.0
0.20675,413.5,0.5,33.0
0.0,413.6,0.0,33.0
0.0,413.6,0.0,33.0
0.08274000000000001,413.7,0.2,33.0
0.12410999999999998,413.7,0.3,33.0
0.0,413.7,0.0,33.0
1.03425,413.7,2.5,33.0
1.0740600000000002,413.1,2.6,33.0
0.0,413.7,0.0,33.0
1.656,414.0,4.0,33.0
1.4021599999999999,412.4,3.4,33.0
0.0,413.8,0.0,33.0
0.0,414.0,0.0,33.0
0.12416999999999999,413.9,0.3,33.0
0.08276,413.8,0.2,33.0
0.16552,413.8,0.4,33.0
0.20695,413.9,0.5,33.0
0.20695,413.9,0.5,33.0
0.08278,413.9,0.2,33.0
0.16560000000000002,414.0,0.4,33.0
1.8172000000000001,413.0,4.4,33.0
0.5789,413.5,1.4,33.0
0.6619200000000001,413.7,1.6,33.0
1.57054,413.3,3.8,33.0
4.15413,411.3,10.1,33.0
5.6649,410.5,13.8,33.0
6.971700000000001,410.1,17.0,33.0
6.103040000000001,409.6,14.9,33.0
7.7862,409.8,19.0,33.0
12.75154,406.1,31.4,33.0
11.716059999999999,405.4,28.9,33.0
10.802260000000002,406.1,26.6,33.0
11.03776,405.8,27.2,33.0
13.820730000000001,405.3,34.1,33.0
13.48692,403.8,33.4,33.0
16.00704,403.2,39.7,33.0
15.9991,403.0,39.7,33.0
14.043759999999999,402.4,34.9,33.0
14.80845,403.5,36.7,33.0
11.45484,406.2,28.2,33.0
8.57082,406.2,21.1,33.0
4.84272,410.4,11.8,33.0
0.0,414.7,0.0,33.0
0.0,414.6,0.0,33.0
0.0,413.7,0.0,33.0
0.28952,413.6,0.7,33.0
0.08272000000000002,413.6,0.2,33.0
0.0,413.7,0.0,33.0
0.12410999999999998,413.7,0.3,33.0
0.12410999999999998,413.7,0.3,33.0
0.12410999999999998,413.7,0.3,33.0
0.0,413.8,0.0,33.0
0.04138,413.8,0.1,33.0
0.12414,413.8,0.3,33.0
0.16552,413.8,0.4,33.0
1.1583599999999998,413.7,2.8,33.0
4.07286,411.4,9.9,33.0
4.60096,410.8,11.2,33.0
8.18089,411.1,19.9,33.0
9.61464,407.4,23.6,33.0
13.0304,407.2,32.0,33.0
14.29452,403.8,35.4,33.0
15.615450000000001,403.5,38.7,33.0
14.15934,403.4,35.1,33.0
15.9185,403.0,39.5,33.0
16.212660000000003,403.3,40.2,33.0
15.624759999999998,402.7,38.8,33.0
16.93683,402.3,42.1,33.0
12.61416,404.3,31.2,33.0
7.5385800000000005,405.3,18.6,33.0
6.0955900000000005,409.1,14.9,33.0
6.1335,408.9,15.0,33.0
6.951299999999999,408.9,17.0,33.0
7.317519999999999,408.8,17.9,33.0
4.5045,409.5,11.0,33.0
0.0,412.4,0.0,33.0
0.0,414.6,0.0,33.0
0.0,413.9,0.0,33.0
0.20675,413.5,0.5,33.0
0.16540000000000002,413.5,0.4,33.0
0.16540000000000002,413.5,0.4,33.0
0.16544000000000003,413.6,0.4,33.0
0.16544000000000003,413.6,0.4,33.0
0.16544000000000003,413.6,0.4,33.0
0.12410999999999998,413.7,0.3,33.0
3.22608,413.6,7.8,33.0
6.47642,409.9,15.8,33.0
8.04942,408.6,19.7,33.0
10.39872,406.2,25.6,33.0
9.27732,406.9,22.8,33.0
6.135,409.0,15.0,33.0
5.98016,409.6,14.6,33.0
5.24672,409.9,12.8,33.0
5.249280000000001,410.1,12.8,33.0
5.97724,409.4,14.6,33.0
7.07916,409.2,17.3,33.0
7.68732,408.9,18.8,33.0
9.05316,407.8,22.2,33.0
10.5846,407.1,26.0,33.0
12.67032,406.1,31.2,33.0
13.321209999999999,404.9,32.9,33.0
12.90674,404.6,31.9,33.0
12.06006,404.7,29.8,33.0
10.57572,405.2,26.1,33.0
5.239040000000001,409.3,12.8,33.0
2.051,410.2,5.0,33.0
0.0,413.5,0.0,33.0
1.28061,413.1,3.1,33.0
7.58315,409.9,18.5,33.0
8.849260000000001,407.8,21.7,33.0
10.49802,406.9,25.8,33.0
12.06117,406.1,29.7,33.0
8.690539999999999,406.1,21.4,33.0
7.7577,408.3,19.0,33.0
5.1225,409.8,12.5,33.0
4.675140000000001,410.1,11.4,33.0
6.91379,409.1,16.9,33.0
6.9445,408.5,17.0,33.0
7.42924,408.2,18.2,33.0
6.378839999999999,408.9,15.6,33.0
7.6074,409.0,18.6,33.0
8.7548,407.2,21.5,33.0
7.9403999999999995,407.2,19.5,33.0
4.774769999999999,408.1,11.7,33.0
4.31025,410.5,10.5,33.0
1.8503999999999998,411.2,4.5,33.0
0.0,413.7,0.0,33.0
0.0,413.9,0.0,33.0
0.08272000000000002,413.6,0.2,33.0
15.330549999999999,404.5,37.9,33.0
14.05224,403.8,34.8,33.0
12.105,403.5,30.0,33.0
10.20064,406.4,25.1,33.0
6.61122,408.1,16.2,33.0
1.4770800000000002,410.3,3.6,33.0
0.0,414.1,0.0,33.0
4.28272,411.8,10.4,33.0
9.44559,408.9,23.1,33.0
9.7273,407.0,23.9,33.0
8.3394,406.8,20.5,33.0
6.85608,408.1,16.8,33.0
5.11625,409.3,12.5,33.0
3.8615200000000005,410.8,9.4,33.0
7.175,410.0,17.5,33.0
8.5659,407.9,21.0,33.0
8.9694,407.7,22.0,33.0
10.536119999999999,406.8,25.9,33.0
10.22364,405.7,25.2,33.0
11.46999,405.3,28.3,33.0
11.545350000000001,405.1,28.5,33.0
12.84484,405.2,31.7,33.0
11.12375,404.5,27.5,33.0
8.911109999999999,406.9,21.9,33.0
6.732,408.0,16.5,33.0
6.6634400000000005,408.8,16.3,33.0
7.7577,408.3,19.0,33.0
8.029720000000001,407.6,19.7,33.0
5.2313600000000005,408.7,12.8,33.0
0.0,414.3,0.0,33.0
0.0,414.6,0.0,33.0
0.0,413.7,0.0,33.0
0.12395999999999999,413.2,0.3,33.0
0.0,413.3,0.0,33.0
0.0,413.3,0.0,33.0
0.041330000000000006,413.3,0.1,33.0
0.04134,413.4,0.1,33.0
0.16536,413.4,0.4,33.0
0.12405,413.5,0.3,33.0
0.0,413.5,0.0,33.0
2.5168600000000003,412.6,6.1,33.0
0.0,413.5,0.0,33.0
0.0,413.7,0.0,33.0
0.04136000000000001,413.6,0.1,33.0
0.12405,413.5,0.3,33.0
0.041350000000000005,413.5,0.1,33.0
0.16540000000000002,413.5,0.4,33.0
0.12408,413.6,0.3,33.0
0.12408,413.6,0.3,33.0
0.16544000000000003,413.6,0.4,33.0
0.16544000000000003,413.6,0.4,33.0
0.04136000000000001,413.6,0.1,33.0
0.16548000000000002,413.7,0.4,33.0
0.5787599999999998,413.4,1.4,33.0
0.66144,413.4,1.6,33.0
0.5787599999999998,413.4,1.4,33.0
1.1575199999999997,413.4,2.8,33.0
2.72184,412.4,6.6,33.0
5.05776,411.2,12.3,33.0
6.714159999999999,409.4,16.4,33.0
5.77395,409.5,14.1,33.0
7.0024500000000005,409.5,17.1,33.0
9.21176,407.6,22.6,33.0
11.65507,406.1,28.7,33.0
10.693580000000003,406.6,26.3,33.0
10.00482,406.7,24.6,33.0
11.97995,406.1,29.5,33.0
13.5675,405.0,33.5,33.0
12.62664,404.7,31.2,33.0
11.210189999999999,404.7,27.7,33.0
8.20726,406.3,20.2,33.0
5.69622,409.8,13.9,33.0
3.5669999999999997,410.0,8.7,33.0
2.9223600000000003,411.6,7.1,33.0
1.0725,412.5,2.6,33.0
0.0,413.4,0.0,33.0
0.0,414.0,0.0,33.0
0.04136000000000001,413.6,0.1,33.0
0.20675,413.5,0.5,33.0
0.08270000000000001,413.5,0.2,33.0
0.12408,413.6,0.3,33.0
0.12408,413.6,0.3,33.0
0.04136000000000001,413.6,0.1,33.0
0.04136000000000001,413.6,0.1,33.0
0.08272000000000002,413.6,0.2,33.0
0.20685,413.7,0.5,33.0
2.39192,412.4,5.8,33.0
5.1425,411.4,12.5,33.0
5.779589999999999,409.9,14.1,33.0
5.7838199999999995,410.2,14.1,33.0
5.943549999999999,409.9,14.5,33.0
5.731599999999999,409.4,14.0,33.0
5.85871,409.7,14.3,33.0
5.57872,410.2,13.6,33.0
8.06715,409.5,19.7,33.0
9.41094,407.4,23.1,33.0
13.459280000000001,405.4,33.2,33.0
13.540359999999998,405.4,33.4,33.0
13.857199999999999,404.0,34.3,33.0
14.6248,404.0,36.2,33.0
14.841439999999999,403.3,36.8,33.0
14.617560000000001,403.8,36.2,33.0
10.3224,404.8,25.5,33.0
5.5268999999999995,409.4,13.5,33.0
4.880190000000001,410.1,11.9,33.0
6.5142299999999995,409.7,15.9,33.0
5.77113,409.3,14.1,33.0
0.24719999999999998,412.0,0.6,33.0
0.0,414.4,0.0,33.0
0.0,414.0,0.0,33.0
0.2067,413.4,0.5,33.0
0.2067,413.4,0.5,33.0
0.16536,413.4,0.4,33.0
0.16540000000000002,413.5,0.4,33.0
0.16540000000000002,413.5,0.4,33.0
0.041350000000000005,413.5,0.1,33.0
0.16540000000000002,413.5,0.4,33.0
0.2068,413.6,0.5,33.0
0.2068,413.6,0.5,33.0
0.16544000000000003,413.6,0.4,33.0
0.0,413.6,0.0,33.0
0.12410999999999998,413.7,0.3,33.0
2.6845,413.0,6.5,33.0
5.37886,410.6,13.1,33.0
6.22136,409.3,15.2,33.0
5.57192,409.7,13.6,33.0
5.82626,410.3,14.2,33.0
6.4701,409.5,15.8,33.0
6.79272,409.2,16.6,33.0
5.6892700000000005,409.3,13.9,33.0
3.9408,410.5,9.6,33.0
4.07088,411.2,9.9,33.0
3.9455999999999998,411.0,9.6,33.0
6.06948,410.1,14.8,33.0
8.200800000000001,408.0,20.1,33.0
12.44885,405.5,30.7,33.0
11.7537,405.3,29.0,33.0
11.094719999999999,406.4,27.3,33.0
11.25174,406.2,27.7,33.0
8.19276,407.6,20.1,33.0
7.061859999999999,408.2,17.3,33.0
5.11875,409.5,12.5,33.0
1.15556,412.7,2.8,33.0
2.5550200000000003,412.1,6.2,33.0
3.54062,411.7,8.6,33.0
7.796620000000001,408.2,19.1,33.0
12.02256,404.8,29.7,33.0
12.07794,405.3,29.8,33.0
9.1485,406.6,22.5,33.0
6.012299999999999,409.0,14.7,33.0
4.758319999999999,410.2,11.6,33.0
5.779589999999999,409.9,14.1,33.0
3.9026,410.8,9.5,33.0
3.7802799999999994,410.9,9.2,33.0
3.90165,410.7,9.5,33.0
3.2050199999999993,410.9,7.8,33.0
3.1677799999999996,411.4,7.7,33.0
5.78241,410.1,14.1,33.0
6.02112,409.6,14.7,33.0
5.1225,409.8,12.5,33.0
3.20112,410.4,7.8,33.0
2.4308,412.0,5.9,33.0
1.1536,412.0,2.8,33.0
0.0,413.3,0.0,33.0
0.0,413.9,0.0,33.0
0.16544000000000003,413.6,0.4,33.0
11.327039999999998,410.4,27.6,33.0
9.78701,406.1,24.1,33.0
7.239299999999999,409.0,17.7,33.0
8.127159999999998,408.4,19.9,33.0
8.07642,407.9,19.8,33.0
8.64536,407.8,21.2,33.0
8.60036,407.6,21.1,33.0
7.4664,408.0,18.3,33.0
6.4056,408.0,15.7,33.0
3.6150400000000005,410.8,8.8,33.0
4.15009,410.9,10.1,33.0
4.802849999999999,410.5,11.7,33.0
5.25056,410.2,12.8,33.0
5.085240000000001,410.1,12.4,33.0
5.003220000000001,410.1,12.2,33.0
4.02486,410.7,9.8,33.0
2.79888,411.6,6.8,33.0
3.04584,411.6,7.4,33.0
2.84073,411.7,6.9,33.0
3.95328,411.8,9.6,33.0
6.0240599999999995,409.8,14.7,33.0
10.934849999999999,406.5,26.9,33.0
8.7419,406.6,21.5,33.0
8.954,407.0,22.0,33.0
8.5512,407.2,21.0,33.0
4.78881,409.3,11.7,33.0
1.77031,411.7,4.3,33.0
1.155,412.5,2.8,33.0
1.1552799999999999,412.6,2.8,33.0
0.0,413.5,0.0,33.0
0.0,413.7,0.0,33.0
0.0,413.6,0.0,33.0
0.0,413.6,0.0,33.0
0.16540000000000002,413.5,0.4,33.0
6.1455,409.7,15.0,33.0
5.64972,409.4,13.8,33.0
0.0,413.9,0.0,33.0
0.0,414.2,0.0,33.0
0.0,413.7,0.0,33.0
0.16544000000000003,413.6,0.4,33.0
0.16544000000000003,413.6,0.4,33.0
0.12408,413.6,0.3,33.0
2.481,413.5,6.0,33.0
9.18225,408.1,22.5,33.0
5.634540000000001,408.3,13.8,33.0
0.0,413.5,0.0,33.0
0.0,414.6,0.0,33.0
0.0,414.1,0.0,33.0
0.2068,413.6,0.5,33.0
0.24816,413.6,0.6,33.0
0.2068,413.6,0.5,33.0
0.041370000000000004,413.7,0.1,33.0
0.16548000000000002,413.7,0.4,33.0
0.12410999999999998,413.7,0.3,33.0
0.041370000000000004,413.7,0.1,33.0
0.12414,413.8,0.3,33.0
0.041370000000000004,413.7,0.1,33.0
0.12414,413.8,0.3,33.0
0.37242000000000003,413.8,0.9,33.0
2.8854,412.2,7.0,33.0
5.05653,411.1,12.3,33.0
5.4186,410.5,13.2,33.0
4.76528,410.8,11.6,33.0
4.274400000000001,411.0,10.4,33.0
6.11496,410.4,14.9,33.0
7.730099999999999,409.0,18.9,33.0
6.951299999999999,408.9,17.0,33.0
6.951299999999999,408.9,17.0,33.0
5.40804,409.7,13.2,33.0
5.945,410.0,14.5,33.0
7.25169,409.7,17.7,33.0
8.851429999999999,407.9,21.7,33.0
8.60036,407.6,21.1,33.0
8.767700000000001,407.8,21.5,33.0
7.672280000000001,408.1,18.8,33.0
6.79272,409.2,16.6,33.0
3.97991,410.3,9.7,33.0
4.35448,410.8,10.6,33.0
1.1977,413.0,2.9,33.0
1.15584,412.8,2.8,33.0
0.74376,413.2,1.8,33.0
0.0,413.3,0.0,33.0
0.0,413.8,0.0,33.0
0.08274000000000001,413.7,0.2,33.0
0.20685,413.7,0.5,33.0
0.16548000000000002,413.7,0.4,33.0
0.16548000000000002,413.7,0.4,33.0
0.041370000000000004,413.7,0.1,33.0
0.16548000000000002,413.7,0.4,33.0
2.1475999999999997,413.0,5.2,33.0
3.66858,412.2,8.9,33.0
4.27856,411.4,10.4,33.0
7.2891,409.5,17.8,33.0
11.666549999999999,406.5,28.7,33.0
10.0936,407.0,24.8,33.0
11.26559,406.7,27.7,33.0
13.24023,404.9,32.7,33.0
16.675919999999998,402.8,41.4,33.0
15.935039999999999,402.4,39.6,33.0
15.10125,402.7,37.5,33.0
16.680059999999997,402.9,41.4,33.0
16.14827,402.7,40.1,33.0
17.500049999999998,402.3,43.5,33.0
18.0495,401.1,45.0,33.0
17.666,401.5,44.0,33.0
17.54628,400.6,43.8,33.0
9.22032,404.4,22.8,33.0
13.881780000000001,405.9,34.2,33.0
13.3023,403.1,33.0,33.0
13.655199999999999,404.0,33.8,33.0
11.19357,404.1,27.7,33.0
6.2271,407.0,15.3,33.0
0.0,414.7,0.0,33.0
0.0,414.4,0.0,33.0
0.04132,413.2,0.1,33.0
0.2478,413.0,0.6,33.0
0.20655,413.1,0.5,33.0
0.12393000000000001,413.1,0.3,33.0
0.12398999999999999,413.3,0.3,33.0
0.0,413.2,0.0,33.0
0.0,413.3,0.0,33.0
0.20665,413.3,0.5,33.0
0.16532000000000002,413.3,0.4,33.0
0.041330000000000006,413.3,0.1,33.0
0.16536,413.4,0.4,33.0
0.12401999999999998,413.4,0.3,33.0
2.14656,412.8,5.2,33.0
2.884,412.0,7.0,33.0
4.43232,410.4,10.8,33.0
6.46694,409.3,15.8,33.0
2.7046799999999998,409.8,6.6,33.0
1.3187200000000003,412.1,3.2,33.0
1.4853600000000002,412.6,3.6,33.0
4.12,412.0,10.0,33.0
8.370119999999998,410.3,20.4,33.0
14.04309,404.7,34.7,33.0
13.874349999999998,404.5,34.3,33.0
12.96,405.0,32.0,33.0
12.77272,404.2,31.6,33.0
10.41107,405.1,25.7,33.0
2.6565499999999997,408.7,6.5,33.0
1.1124,412.0,2.7,33.0
1.1968299999999998,412.7,2.9,33.0
1.4433999999999998,412.4,3.5,33.0
1.85535,412.3,4.5,33.0
5.13,410.4,12.5,33.0
5.60741,409.3,13.7,33.0
9.17325,407.7,22.5,33.0
9.768,407.0,24.0,33.0
9.763200000000001,406.8,24.0,33.0
9.356399999999999,406.8,23.0,33.0
11.7827,406.3,29.0,33.0
11.507679999999999,405.2,28.4,33.0
12.6765,405.0,31.3,33.0
11.95045,405.1,29.5,33.0
12.224960000000001,404.8,30.2,33.0
12.69188,404.2,31.4,33.0
10.770340000000001,404.9,26.6,33.0
9.66042,405.9,23.8,33.0
3.9350399999999994,409.9,9.6,33.0
2.5463400000000003,410.7,6.2,33.0
4.55433,410.3,11.1,33.0
4.675140000000001,410.1,11.4,33.0
4.676279999999999,410.2,11.4,33.0
4.5122,410.2,11.0,33.0
6.2986,409.0,15.4,33.0
8.4151,408.5,20.6,33.0
10.90492,406.9,26.8,33.0
15.55785,404.1,38.5,33.0
15.87505,401.9,39.5,33.0
6.864779999999999,406.2,16.9,33.0
1.8531000000000002,411.8,4.5,33.0
3.2912,411.4,8.0,33.0
2.3455500000000002,411.5,5.7,33.0
2.75504,411.2,6.7,33.0
1.8531000000000002,411.8,4.5,33.0
2.14136,411.8,5.2,33.0
2.7158999999999995,411.5,6.6,33.0
7.9755,409.0,19.5,33.0
10.45476,406.8,25.7,33.0
12.64207,403.9,31.3,33.0
6.6693,404.2,16.5,33.0
4.232270000000001,410.9,10.3,33.0
8.304730000000001,409.1,20.3,33.0
13.803120000000003,403.6,34.2,33.0
15.273699999999998,403.0,37.9,33.0
12.96198,403.8,32.1,33.0
5.521599999999999,406.0,13.6,33.0
1.89336,411.6,4.6,33.0
3.5371799999999998,411.3,8.6,33.0
4.590879999999999,409.9,11.2,33.0
4.793489999999999,409.7,11.7,33.0
4.3029,409.8,10.5,33.0
2.6689000000000003,410.6,6.5,33.0
2.63296,411.4,6.4,33.0
2.469,411.5,6.0,33.0
2.59182,411.4,6.3,33.0
1.6863299999999999,411.3,4.1,33.0
0.0,413.2,0.0,33.0
0.0,413.6,0.0,33.0
0.0,413.2,0.0,33.0
0.12393000000000001,413.1,0.3,33.0
0.12393000000000001,413.1,0.3,33.0
3.2143800000000002,412.1,7.8,33.0
2.75437,411.1,6.7,33.0
0.0,412.9,0.0,33.0
0.0,413.7,0.0,33.0
0.08266000000000001,413.3,0.2,33.0
0.04132,413.2,0.1,33.0
0.2066,413.2,0.5,33.0
0.12395999999999999,413.2,0.3,33.0
0.0,413.3,0.0,33.0
0.0,413.3,0.0,33.0
0.9492099999999999,412.7,2.3,33.0
0.6604800000000001,412.8,1.6,33.0
0.0,413.4,0.0,33.0
0.0,413.5,0.0,33.0
0.04134,413.4,0.1,33.0
0.04134,413.4,0.1,33.0
0.12401999999999998,413.4,0.3,33.0
0.08268,413.4,0.2,33.0
0.12401999999999998,413.4,0.3,33.0
0.33080000000000004,413.5,0.8,33.0
2.5544000000000002,412.0,6.2,33.0
2.8798,411.4,7.0,33.0
3.4582800000000002,411.7,8.4,33.0
4.96826,410.6,12.1,33.0
7.967700000000001,408.6,19.5,33.0
11.187,406.8,27.5,33.0
12.0541,404.5,29.8,33.0
15.223260000000002,403.8,37.7,33.0
9.90535,404.3,24.5,33.0
10.94023,406.7,26.9,33.0
11.49546,406.2,28.3,33.0
12.520679999999999,405.2,30.9,33.0
13.392260000000002,404.6,33.1,33.0
14.867199999999999,404.0,36.8,33.0
11.47928,404.2,28.4,33.0
8.530199999999999,406.2,21.0,33.0
4.38379,409.7,10.7,33.0
2.665,410.0,6.5,33.0
1.9345200000000002,411.6,4.7,33.0
0.0,412.7,0.0,33.0
0.0,413.6,0.0,33.0
0.0,413.4,0.0,33.0
0.2066,413.2,0.5,33.0
0.16528,413.2,0.4,33.0
0.04132,413.2,0.1,33.0
0.16528,413.2,0.4,33.0
0.0,413.2,0.0,33.0
0.16532000000000002,413.3,0.4,33.0
0.20665,413.3,0.5,33.0
0.12398999999999999,413.3,0.3,33.0
0.78527,413.3,1.9,33.0
5.58008,410.3,13.6,33.0
10.34542,407.3,25.4,33.0
11.346929999999999,406.7,27.9,33.0
14.26473,404.1,35.3,33.0
12.9312,404.1,32.0,33.0
5.54744,407.9,13.6,33.0
3.12968,411.8,7.6,33.0
10.77755,406.7,26.5,33.0
14.3846,405.2,35.5,33.0
15.352,404.0,38.0,33.0
15.995130000000001,402.9,39.7,33.0
14.83408,403.1,36.8,33.0
15.939,402.5,39.6,33.0
14.64372,402.3,36.4,33.0
16.61912,402.4,41.3,33.0
16.285050000000002,402.1,40.5,33.0
16.39344,401.8,40.8,33.0
12.20181,402.7,30.3,33.0
10.73515,405.1,26.5,33.0
8.21534,406.7,20.2,33.0
8.02184,407.2,19.7,33.0
7.45725,407.5,18.3,33.0
3.1462200000000005,408.6,7.7,33.0
0.0,414.2,0.0,33.0
0.0,413.6,0.0,33.0
0.04129,412.9,0.1,33.0
0.2064,412.8,0.5,33.0
0.16516,412.9,0.4,33.0
0.16516,412.9,0.4,33.0
0.12387,412.9,0.3,33.0
0.0413,413.0,0.1,33.0
0.1239,413.0,0.3,33.0
0.1652,413.0,0.4,33.0
0.1652,413.0,0.4,33.0
0.8673000000000001,413.0,2.1,33.0
11.473230000000001,408.3,28.1,33.0
14.38596,404.1,35.6,33.0
9.11684,403.4,22.6,33.0
5.35004,408.4,13.1,33.0
2.26435,411.7,5.5,33.0
3.53374,410.9,8.6,33.0
4.187099999999999,410.5,10.2,33.0
3.73373,410.3,9.1,33.0
4.67742,410.3,11.4,33.0
7.733879999999999,409.2,18.9,33.0
10.89956,406.7,26.8,33.0
11.7653,405.7,29.0,33.0
11.583,405.0,28.6,33.0
12.41201,404.3,30.7,33.0
13.30805,404.5,32.9,33.0
12.20382,404.1,30.2,33.0
11.4069,404.5,28.2,33.0
8.594479999999999,405.4,21.2,33.0
6.375719999999999,408.7,15.6,33.0
7.637079999999999,408.4,18.7,33.0
9.777599999999998,407.4,24.0,33.0
11.58586,405.1,28.6,33.0
8.468679999999999,405.2,20.9,33.0
2.911,410.0,7.1,33.0
1.11294,412.2,2.7,33.0
1.6068,412.0,3.9,33.0
3.6168,411.0,8.8,33.0
6.758400000000001,409.6,16.5,33.0
10.3808,405.5,25.6,33.0
9.61983,405.9,23.7,33.0
6.1155,407.7,15.0,33.0
2.2194000000000003,411.0,5.4,33.0
3.2042400000000004,410.8,7.8,33.0
4.350239999999999,410.4,10.6,33.0
7.44016,408.8,18.2,33.0
6.495150000000001,408.5,15.9,33.0
6.0502400000000005,408.8,14.8,33.0
5.9684800000000005,408.8,14.6,33.0
6.58329,408.9,16.1,33.0
7.315729999999999,408.7,17.9,33.0
11.600160000000002,405.6,28.6,33.0
10.90795,405.5,26.9,33.0
9.40992,405.6,23.2,33.0
10.32256,406.4,25.4,33.0
6.757860000000001,407.1,16.6,33.0
3.80649,409.3,9.3,33.0
1.97424,411.3,4.8,33.0
0.8654100000000001,412.1,2.1,33.0
1.2775100000000001,412.1,3.1,33.0
0.0,412.5,0.0,33.0
0.0,413.1,0.0,33.0
3.1801,413.0,7.7,33.0
10.921,407.5,26.8,33.0
10.89988,405.2,26.9,33.0
8.825389999999999,406.7,21.7,33.0
6.363239999999999,407.9,15.6,33.0
5.5215,409.0,13.5,33.0
4.54878,409.8,11.1,33.0
9.27976,408.8,22.7,33.0
11.302290000000001,405.1,27.9,33.0
15.342870000000001,402.7,38.1,33.0
13.24883,402.7,32.9,33.0
11.742099999999999,404.9,29.0,33.0
7.534860000000001,405.1,18.6,33.0
6.86112,408.4,16.8,33.0
3.9702100000000002,409.3,9.7,33.0
5.20446,409.8,12.7,33.0
5.56376,409.1,13.6,33.0
5.92615,408.7,14.5,33.0
5.19176,408.8,12.7,33.0
1.35597,410.9,3.3,33.0
0.0,412.3,0.0,33.0
0.0,413.5,0.0,33.0
0.0,412.9,0.0,33.0
0.041280000000000004,412.8,0.1,33.0
0.08256000000000001,412.8,0.2,33.0
0.04129,412.9,0.1,33.0
0.0,412.9,0.0,33.0
0.04129,412.9,0.1,33.0
0.08258,412.9,0.2,33.0
0.16516,412.9,0.4,33.0
0.12387,412.9,0.3,33.0
0.1239,413.0,0.3,33.0
6.5635200000000005,412.8,15.9,33.0
7.219829999999999,407.9,17.7,33.0
5.64006,408.7,13.8,33.0
5.69483,409.7,13.9,33.0
5.52555,409.3,13.5,33.0
5.5678399999999995,409.4,13.6,33.0
5.1597,409.5,12.6,33.0
4.914,409.5,12.0,33.0
4.182,410.0,10.2,33.0
0.6167999999999999,411.2,1.5,33.0
0.0,413.2,0.0,33.0
0.0,413.2,0.0,33.0
0.12393000000000001,413.1,0.3,33.0
0.45419,412.9,1.1,33.0
1.36092,412.4,3.3,33.0
2.1006899999999997,411.9,5.1,33.0
3.8223000000000003,411.0,9.3,33.0
7.724429999999999,408.7,18.9,33.0
8.04351,408.3,19.7,33.0
8.60036,407.6,21.1,33.0
8.19276,407.6,20.1,33.0
7.981120000000001,407.2,19.6,33.0
8.229479999999999,407.4,20.2,33.0
10.13928,407.2,24.9,33.0
12.06117,406.1,29.7,33.0
12.511409999999998,404.9,30.9,33.0
10.04896,405.2,24.8,33.0
8.938600000000001,406.3,22.0,33.0
7.699859999999998,407.4,18.9,33.0
6.84768,407.6,16.8,33.0
4.4924,408.4,11.0,33.0
3.4490400000000005,410.6,8.4,33.0
2.6689000000000003,410.6,6.5,33.0
1.5225500000000003,411.5,3.7,33.0
1.4821199999999999,411.7,3.6,33.0
0.0,412.7,0.0,33.0
0.0,413.2,0.0,33.0
0.0413,413.0,0.1,33.0
0.20645,412.9,0.5,33.0
0.16516,412.9,0.4,33.0
0.1652,413.0,0.4,33.0
0.0,413.0,0.0,33.0
0.0413,413.0,0.1,33.0
2.6806,412.4,6.5,33.0
4.96705,410.5,12.1,33.0
5.199379999999999,409.4,12.7,33.0
5.040540000000001,409.8,12.3,33.0
6.0240599999999995,409.8,14.7,33.0
9.347779999999998,408.2,22.9,33.0
9.997440000000001,406.4,24.6,33.0
10.431629999999998,405.9,25.7,33.0
9.473780000000001,406.6,23.3,33.0
9.84456,406.8,24.2,33.0
1.1421199999999998,407.9,2.8,33.0
0.0,413.0,0.0,33.0
0.0,413.9,0.0,33.0
0.12393000000000001,413.1,0.3,33.0
0.20645,412.9,0.5,33.0
0.20645,412.9,0.5,33.0
0.1652,413.0,0.4,33.0
0.2065,413.0,0.5,33.0
0.2065,413.0,0.5,33.0
0.1652,413.0,0.4,33.0
0.12393000000000001,413.1,0.3,33.0
0.12393000000000001,413.1,0.3,33.0
0.12393000000000001,413.1,0.3,33.0
0.20655,413.1,0.5,33.0
0.33048,413.1,0.8,33.0
0.413,413.0,1.0,33.0
0.3304,413.0,0.8,33.0
0.33048,413.1,0.8,33.0
0.24786000000000002,413.1,0.6,33.0
0.0,413.2,0.0,33.0
0.0,413.3,0.0,33.0
0.0,413.3,0.0,33.0
0.0,413.4,0.0,33.0
0.0,413.4,0.0,33.0
0.0,413.4,0.0,33.0
0.0,413.4,0.0,33.0
0.0,413.4,0.0,33.0
0.0,413.4,0.0,33.0
0.0,413.5,0.0,33.0
0.0,413.5,0.0,33.0
0.0,413.5,0.0,33.0
0.0,413.5,0.0,33.0
0.0,413.5,0.0,33.0
0.0,413.5,0.0,33.0
0.0,413.5,0.0,33.0
0.0,413.5,0.0,33.0
0.0,413.6,0.0,33.0
0.0,413.6,0.0,33.0
0.0,413.6,0.0,33.0
0.0,413.6,0.0,33.0
0.0,413.6,0.0,33.0
0.0,413.6,0.0,33.0
0.0,413.6,0.0,33.0
0.0,413.6,0.0,33.0
0.0,413.6,0.0,33.0
0.0,413.6,0.0,33.0
0.0,413.7,0.0,33.0
0.0,413.7,0.0,33.0
0.0,413.7,0.0,33.0
0.0,413.7,0.0,33.0
0.0,413.7,0.0,33.0
0.0,413.7,0.0,33.0
0.0,413.7,0.0,33.0
0.0,413.7,0.0,33.0
0.0,413.7,0.0,33.0
0.0,413.7,0.0,33.0
0.0,413.7,0.0,33.0
0.0,413.8,0.0,33.0
0.0,413.8,0.0,33.0
0.0,413.8,0.0,33.0
0.0,413.8,0.0,33.0
0.0,413.8,0.0,33.0
0.0,413.8,0.0,33.0
0.0,413.8,0.0,33.0
0.0,413.8,0.0,33.0
0.0,413.8,0.0,33.0
0.0,413.8,0.0,33.0
0.0,413.9,0.0,33.0
0.0,413.9,0.0,33.0
0.0,413.9,0.0,33.0
0.0,413.9,0.0,33.0
0.0,413.9,0.0,33.0
0.0,413.9,0.0,33.0
0.0,413.9,0.0,33.0
0.0,413.9,0.0,33.0
0.0,413.9,0.0,33.0
0.0,413.9,0.0,33.0
0.0,413.9,0.0,33.0
0.0,413.9,0.0,33.0
0.0,413.9,0.0,33.0
0.0,414.0,0.0,33.0
0.0,414.0,0.0,33.0
0.0,414.0,0.0,33.0
0.0,414.0,0.0,33.0
0.0,414.0,0.0,33.0
0.0,414.0,0.0,33.0
0.0,414.0,0.0,33.0
0.0,414.0,0.0,33.0
0.0,414.0,0.0,33.0
0.0,414.0,0.0,33.0
0.0,414.0,0.0,33.0
0.0,414.0,0.0,33.0
0.0,414.0,0.0,33.0
0.0,414.0,0.0,33.0
0.0,414.0,0.0,33.0
0.0,414.1,0.0,33.0
0.0,414.1,0.0,33.0
0.0,414.1,0.0,33.0
0.0,414.1,0.0,33.0
0.0,414.1,0.0,33.0
0.0,414.1,0.0,33.0
0.0,414.1,0.0,33.0
0.0,414.1,0.0,33.0
0.0,414.1,0.0,33.0
0.0,414.1,0.0,33.0
0.0,414.1,0.0,33.0
0.0,414.1,0.0,33.0
0.0,414.1,0.0,33.0
0.0,414.1,0.0,33.0
0.0,414.1,0.0,33.0
0.0,414.1,0.0,33.0
0.0,414.2,0.0,33.0
0.0,414.2,0.0,33.0
0.0,414.2,0.0,33.0
0.0,414.2,0.0,33.0
0.0,414.2,0.0,33.0
0.0,414.2,0.0,33.0
0.0,414.2,0.0,33.0
0.0,414.2,0.0,33.0
0.0,414.2,0.0,33.0
0.0,414.2,0.0,33.0
0.0,414.2,0.0,33.0
0.0,414.2,0.0,33.0
0.0,414.2,0.0,33.0
0.0,414.2,0.0,33.0
0.0,414.2,0.0,33.0
0.0,414.2,0.0,33.0
0.0,414.2,0.0,33.0
0.0,414.2,0.0,33.0
0.0,414.2,0.0,33.0
0.0,414.3,0.0,33.0
0.0,414.3,0.0,33.0
0.0,414.3,0.0,33.0
0.0,414.3,0.0,33.0
0.0,414.3,0.0,33.0
0.0,414.3,0.0,33.0
0.0,414.3,0.0,33.0
0.0,414.3,0.0,33.0
0.0,414.3,0.0,33.0
0.0,414.3,0.0,33.0
0.0,414.3,0.0,33.0
0.0,414.3,0.0,33.0
0.0,414.3,0.0,33.0
0.0,414.3,0.0,33.0
0.0,414.3,0.0,33.0
0.0,414.3,0.0,33.0
0.0,414.3,0.0,33.0
0.0,414.3,0.0,33.0
0.0,414.3,0.0,33.0
0.0,414.3,0.0,33.0
0.0,414.3,0.0,33.0
0.0,414.4,0.0,33.0
0.0,414.4,0.0,33.0
0.0,414.4,0.0,33.0
0.0,414.4,0.0,33.0
0.0,414.4,0.0,33.0
0.0,414.4,0.0,33.0
0.0,414.4,0.0,33.0
0.0,414.4,0.0,33.0
0.0,414.4,0.0,33.0
0.0,414.4,0.0,33.0
0.0,414.4,0.0,33.0
0.0,414.4,0.0,33.0
0.0,414.4,0.0,33.0
0.0,414.4,0.0,33.0
0.0,414.4,0.0,33.0
0.0,414.4,0.0,33.0
0.0,414.4,0.0,33.0
0.0,414.4,0.0,33.0
0.0,414.4,0.0,33.0
0.0,414.4,0.0,33.0
0.0,414.4,0.0,33.0
0.0,414.4,0.0,33.0
0.0,414.4,0.0,33.0
0.0,414.4,0.0,33.0
0.0,414.4,0.0,33.0
0.0,414.5,0.0,33.0
0.0,414.5,0.0,33.0
0.0,414.5,0.0,33.0
0.0,414.5,0.0,33.0
0.0,414.5,0.0,33.0
0.0,414.5,0.0,33.0
0.0,414.5,0.0,33.0
0.0,414.5,0.0,33.0
0.0,414.5,0.0,33.0
0.0,414.5,0.0,33.0
0.0,414.5,0.0,33.0
0.0,414.5,0.0,33.0
0.0,414.5,0.0,33.0
0.0,414.5,0.0,33.0
0.0,414.5,0.0,33.0
0.0,414.5,0.0,33.0
0.0,414.5,0.0,33.0
0.0,414.5,0.0,33.0
0.0,414.5,0.0,33.0
0.0,414.5,0.0,33.0
0.0,414.5,0.0,33.0
0.0,414.5,0.0,33.0
0.0,414.5,0.0,33.0
0.0,414.5,0.0,33.0
0.0,414.5,0.0,33.0
0.0,414.5,0.0,33.0
0.0,414.5,0.0,33.0
0.0,414.5,0.0,33.0
0.0,414.5,0.0,33.0
0.0,414.5,0.0,33.0
0.0,414.5,0.0,33.0
0.0,414.6,0.0,33.0
0.0,414.6,0.0,33.0
0.0,414.6,0.0,33.0
0.0,414.6,0.0,33.0
0.0,414.6,0.0,33.0
0.0,414.6,0.0,33.0
0.0,414.6,0.0,33.0
0.0,414.6,0.0,33.0
0.0,414.6,0.0,33.0
0.0,414.6,0.0,33.0
0.0,414.6,0.0,33.0
0.0,414.6,0.0,33.0
0.0,414.6,0.0,33.0
0.0,414.6,0.0,33.0
0.0,414.6,0.0,33.0
0.0,414.6,0.0,33.0
0.0,414.6,0.0,33.0
0.0,414.6,0.0,33.0
0.0,414.6,0.0,33.0
0.0,414.6,0.0,33.0
0.0,414.6,0.0,33.0
0.0,414.6,0.0,33.0
0.0,414.6,0.0,33.0
0.0,414.6,0.0,33.0
0.0,414.6,0.0,33.0
0.0,414.6,0.0,33.0
0.0,414.6,0.0,33.0
0.0,414.6,0.0,33.0
0.0,414.6,0.0,33.0
0.0,414.6,0.0,33.0
0.0,414.6,0.0,33.0
0.0,414.6,0.0,33.0
0.0,414.6,0.0,33.0
0.0,414.7,0.0,33.0
0.0,414.7,0.0,33.0
0.0,414.7,0.0,33.0
0.0,414.7,0.0,33.0
0.0,414.7,0.0,33.0
0.0,414.7,0.0,33.0
0.0,414.7,0.0,33.0
0.0,414.7,0.0,33.0
0.0,414.7,0.0,33.0
0.0,414.7,0.0,33.0
0.0,414.7,0.0,33.0
0.0,414.7,0.0,33.0
0.0,414.7,0.0,33.0
0.0,414.7,0.0,33.0
0.0,414.7,0.0,33.0
0.0,414.7,0.0,33.0
0.0,414.7,0.0,33.0
